id;category;type;live;tracked;subject;description;goal;event;filter;level_category;warning;fresh_state
"anniversary_1st_01";"anniversary_1st";"Once";"False";"False";"Uma Fila para Acabar com Todas as Filas";"Ah, bons tempos...";"1";"Invalid";"";"-2";"Missão única fora da categoria diária; geralmente envolve conselheiros, níveis ou eventos, sem contador de eventos";"NotActivated"
"anniversary_1st_02";"anniversary_1st";"Once";"False";"False";"Uma Ideia Ovacionada";"Colete 1 ovo de animal.";"1";"Invalid";"";"-2";"Missão única fora da categoria diária; geralmente envolve conselheiros, níveis ou eventos, sem contador de eventos";"NotActivated"
"anniversary_1st_03";"anniversary_1st";"Once";"False";"False";"O Sabor da Natureza";"Cace 1 animal.";"1";"Invalid";"";"-2";"Missão única fora da categoria diária; geralmente envolve conselheiros, níveis ou eventos, sem contador de eventos";"NotActivated"
"anniversary_1st_04";"anniversary_1st";"Once";"False";"False";"Manda Ver!";"Cace um Elefante de Chifres com outros pioneiros.";"1";"Invalid";"";"-2";"Missão única fora da categoria diária; geralmente envolve conselheiros, níveis ou eventos, sem contador de eventos";"NotActivated"
"cherryblossom_2019_quest_01";"cherryblossom_2019";"Once";"False";"False";"Cultivo de Cerejeiras de Primavera!";"A Primavera chegou em Durango.";"1";"Invalid";"";"-2";"Missão única fora da categoria diária; geralmente envolve conselheiros, níveis ou eventos, sem contador de eventos";"NotActivated"
"cherryblossom_2019_quest_03";"cherryblossom_2019";"Once";"False";"False";"Vamos fazer uma Bolsa de Flor de Cerejeira";"Obter para ganhar ainda mais espaço de armazenamento.";"1";"Invalid";"";"-2";"Missão única fora da categoria diária; geralmente envolve conselheiros, níveis ou eventos, sem contador de eventos";"NotActivated"
"cherryblossom_2019_quest_04";"cherryblossom_2019";"Once";"False";"False";"Vamos fazer mais Bolsas de Flor de Cerejeira.";"Obter para ganhar ainda mais espaço de armazenamento.";"1";"Invalid";"";"-2";"Missão única fora da categoria diária; geralmente envolve conselheiros, níveis ou eventos, sem contador de eventos";"NotActivated"
"cherryblossom_2019_quest_05";"cherryblossom_2019";"Once";"False";"False";"Um Latte Durango, por favor";"Faz 1 Latte de Flor de Cerejeira.";"1";"Invalid";"";"-2";"Missão única fora da categoria diária; geralmente envolve conselheiros, níveis ou eventos, sem contador de eventos";"NotActivated"
"cherryblossom_2019_quest_06";"cherryblossom_2019";"Once";"False";"False";"Se você der um Biscoito a um Compsognato";"Faz 1 Biscoito de Flor de Cerejeira.";"1";"Invalid";"";"-2";"Missão única fora da categoria diária; geralmente envolve conselheiros, níveis ou eventos, sem contador de eventos";"NotActivated"
"cherryblossom_2019_quest_07";"cherryblossom_2019";"Once";"False";"False";"Vai bem com Refrigerante de Cereja";"Faz 1 Pipoca de Flor de Cerejeira.";"1";"Invalid";"";"-2";"Missão única fora da categoria diária; geralmente envolve conselheiros, níveis ou eventos, sem contador de eventos";"NotActivated"
"cherryblossom_2019_quest_08";"cherryblossom_2019";"Once";"False";"False";"Cultivo de Cerejeira Donarium!";"Cultiva 1 cerejeira.";"1";"Invalid";"";"-2";"Missão única fora da categoria diária; geralmente envolve conselheiros, níveis ou eventos, sem contador de eventos";"NotActivated"
"cherryblossom_2019_quest_09";"cherryblossom_2019";"Once";"False";"False";"Mestre das Cerejeiras";"Cultiva 10 cerejeiras.";"10";"Invalid";"";"-2";"Missão única fora da categoria diária; geralmente envolve conselheiros, níveis ou eventos, sem contador de eventos";"NotActivated"
"cherryblossom_2019_quest_10";"cherryblossom_2019";"Once";"False";"False";"Cultivando uma muda.";"Cultiva 1 Cerejeira Donarium";"1";"Invalid";"";"-2";"Missão única fora da categoria diária; geralmente envolve conselheiros, níveis ou eventos, sem contador de eventos";"NotActivated"
"cherryblossom_2019_quest_11";"cherryblossom_2019";"Once";"False";"False";"Mestre das Cerejeiras Donarium";"Cultiva 10 Cerejeiras Donarium";"10";"Invalid";"";"-2";"Missão única fora da categoria diária; geralmente envolve conselheiros, níveis ou eventos, sem contador de eventos";"NotActivated"
"cherryblossom_2019_quest_12";"cherryblossom_2019";"Once";"False";"False";"Andando sobre flores.";"Faz 1 Estrada de Flor de Cerejeira.";"1";"Invalid";"";"-2";"Missão única fora da categoria diária; geralmente envolve conselheiros, níveis ou eventos, sem contador de eventos";"NotActivated"
"cherryblossom_2019_quest_13";"cherryblossom_2019";"Once";"False";"False";"Mestre das Cerejeiras Donarium";"Cultiva 10 Cerejeiras Donarium";"10";"Invalid";"";"-2";"Missão única fora da categoria diária; geralmente envolve conselheiros, níveis ou eventos, sem contador de eventos";"NotActivated"
"cherryblossom_2019_quest_14";"cherryblossom_2019";"Once";"False";"False";"Mestre das Cerejeiras Donarium";"Cultiva 10 Cerejeiras Donarium";"10";"Invalid";"";"-2";"Missão única fora da categoria diária; geralmente envolve conselheiros, níveis ou eventos, sem contador de eventos";"NotActivated"
"cherryblossom_2019_quest_15";"cherryblossom_2019";"Once";"False";"False";"Mestre das Cerejeiras Donarium";"Cultiva 10 Cerejeiras Donarium";"10";"Invalid";"";"-2";"Missão única fora da categoria diária; geralmente envolve conselheiros, níveis ou eventos, sem contador de eventos";"NotActivated"
"cherryblossom_2019_quest_16";"cherryblossom_2019";"Once";"False";"False";"Mestre das Cerejeiras Donarium";"Cultiva 10 Cerejeiras Donarium";"10";"Invalid";"";"-2";"Missão única fora da categoria diária; geralmente envolve conselheiros, níveis ou eventos, sem contador de eventos";"NotActivated"
"cherryblossom_2019_quest_17";"cherryblossom_2019";"Once";"False";"False";"Mestre das Cerejeiras Donarium";"Cultiva 10 Cerejeiras Donarium";"10";"Invalid";"";"-2";"Missão única fora da categoria diária; geralmente envolve conselheiros, níveis ou eventos, sem contador de eventos";"NotActivated"
"cherryblossom_2019_quest_18";"cherryblossom_2019";"Once";"False";"False";"Mestre das Cerejeiras Donarium";"Cultiva 10 Cerejeiras Donarium";"10";"Invalid";"";"-2";"Missão única fora da categoria diária; geralmente envolve conselheiros, níveis ou eventos, sem contador de eventos";"NotActivated"
"cherryblossom_2019_quest_19";"cherryblossom_2019";"Once";"False";"False";"Mestre das Cerejeiras Donarium";"Cultiva 10 Cerejeiras Donarium";"10";"Invalid";"";"-2";"Missão única fora da categoria diária; geralmente envolve conselheiros, níveis ou eventos, sem contador de eventos";"NotActivated"
"cherryblossom_2019_quest_20";"cherryblossom_2019";"Once";"False";"False";"Mestre das Cerejeiras Donarium";"Cultiva 10 Cerejeiras Donarium";"10";"Invalid";"";"-2";"Missão única fora da categoria diária; geralmente envolve conselheiros, níveis ou eventos, sem contador de eventos";"NotActivated"
"cherryblossom_2019_quest_21";"cherryblossom_2019";"Once";"False";"False";"Mestre das Cerejeiras Donarium";"Cultiva 10 Cerejeiras Donarium";"10";"Invalid";"";"-2";"Missão única fora da categoria diária; geralmente envolve conselheiros, níveis ou eventos, sem contador de eventos";"NotActivated"
"web_daily_armorcrafting";"christmas";"Daily";"False";"False";"[Diário] Criação de Roupas e Acessórios";"Crie roupas ou acessórios 10 vezes.";"10";"Invalid";"";"-2";"Fora da categoria diária (eventos, Natal, cidades etc.); indisponível nesta fase";"NotActivated"
"web_daily_attendance";"christmas";"Daily";"False";"False";"[Diário] Participação";"Por favor, participe.";"1";"Invalid";"";"-2";"Fora da categoria diária (eventos, Natal, cidades etc.); indisponível nesta fase";"NotActivated"
"web_daily_butchery";"christmas";"Daily";"False";"False";"[Diário] Esquartejamento";"Esquarteje 10 vezes.";"10";"Invalid";"";"-2";"Fora da categoria diária (eventos, Natal, cidades etc.); indisponível nesta fase";"NotActivated"
"web_daily_constructing";"christmas";"Daily";"False";"False";"[Diário] Estruturar Construção";"Edifique 10 construções.";"10";"Invalid";"";"-2";"Fora da categoria diária (eventos, Natal, cidades etc.); indisponível nesta fase";"NotActivated"
"web_daily_cooking";"christmas";"Daily";"False";"False";"[Diário] Culinária";"Cozinhar 10 vezes.";"10";"Invalid";"";"-2";"Fora da categoria diária (eventos, Natal, cidades etc.); indisponível nesta fase";"NotActivated"
"web_daily_gathering";"christmas";"Daily";"False";"False";"[Diário] Coleta e Mineração";"Colete ou minere 10 vezes.";"10";"Invalid";"";"-2";"Fora da categoria diária (eventos, Natal, cidades etc.); indisponível nesta fase";"NotActivated"
"web_daily_hunting";"christmas";"Daily";"False";"False";"[Diário] Caça Animal";"Cace 10 animais.";"10";"Invalid";"";"-2";"Fora da categoria diária (eventos, Natal, cidades etc.); indisponível nesta fase";"NotActivated"
"web_mission_finish";"christmas";"Daily";"False";"False";"[Diário] Missão de Novato";"Complete uma missão recebida na Torre de Comunicação.";"1";"Invalid";"";"-2";"Fora da categoria diária (eventos, Natal, cidades etc.); indisponível nesta fase";"NotActivated"
"christmas_2018_building_giftbox_01";"christmas_2018";"Once";"False";"False";"Mereço um Presente";"Construa 1 caixa de presente.";"1";"Invalid";"";"-2";"Missão única fora da categoria diária; geralmente envolve conselheiros, níveis ou eventos, sem contador de eventos";"NotActivated"
"christmas_2018_building_giftbox_10";"christmas_2018";"Once";"False";"False";"Ame a si mesmo";"Construa 10 caixas de presentes.";"10";"Invalid";"";"-2";"Missão única fora da categoria diária; geralmente envolve conselheiros, níveis ou eventos, sem contador de eventos";"NotActivated"
"christmas_2018_collect_santa_bottom";"christmas_2018";"Once";"False";"False";"Costurando Base de Traje de Papai Noel Rechonchudo";"Obtenha duas peças de Tecido Básico de Traje de Papai Noel Rechonchudo das caixas de presente.";"2";"Invalid";"";"-2";"Missão única fora da categoria diária; geralmente envolve conselheiros, níveis ou eventos, sem contador de eventos";"NotActivated"
"christmas_2018_collect_santa_fur";"christmas_2018";"Once";"False";"False";"Costurando Pelagem Decorativa de Traje de Papai Noel Rechonchudo";"Obtenha duas peças de Pelagem Decorativa de Traje de Papai Noel Rechonchudo das caixas de presente.";"2";"Invalid";"";"-2";"Missão única fora da categoria diária; geralmente envolve conselheiros, níveis ou eventos, sem contador de eventos";"NotActivated"
"christmas_2018_collect_santa_top";"christmas_2018";"Once";"False";"False";"Costurando Forro de Traje de Papai Noel Rechonchudo";"Obtenha duas peças de Tecido de Forro de Traje de Papai Noel Rechonchudo das caixas de presente.";"2";"Invalid";"";"-2";"Missão única fora da categoria diária; geralmente envolve conselheiros, níveis ou eventos, sem contador de eventos";"NotActivated"
"christmas_2018_level_10";"christmas_2018";"Once";"False";"False";"Vamos espalhar o espírito do Natal!";"Alcance o nível 10.";"10";"Invalid";"";"-2";"Missão única fora da categoria diária; geralmente envolve conselheiros, níveis ou eventos, sem contador de eventos";"NotActivated"
"customize_estate_quest_01";"customize_estate_2019";"Once";"False";"False";"Evento de Primavera";"Conclua tarefas para obter itens que possam ser usados para decorar seu Domínio.";"1";"Invalid";"";"-2";"Missão única fora da categoria diária; geralmente envolve conselheiros, níveis ou eventos, sem contador de eventos";"NotActivated"
"customize_estate_quest_02";"customize_estate_2019";"Daily";"False";"False";"[Diário] Beleza Inodora";"Colete 5 Flores de Digitárias.";"5";"Invalid";"";"-2";"Fora da categoria diária (eventos, Natal, cidades etc.); indisponível nesta fase";"NotActivated"
"customize_estate_quest_03";"customize_estate_2019";"Daily";"False";"False";"[Diário] Flor Relutante";"Colete 5 Lavandas.";"5";"Invalid";"";"-2";"Fora da categoria diária (eventos, Natal, cidades etc.); indisponível nesta fase";"NotActivated"
"customize_estate_quest_04";"customize_estate_2019";"Once";"False";"False";"Cada um no seu Galho";"Colete 10 galhos.";"10";"Invalid";"";"-2";"Missão única fora da categoria diária; geralmente envolve conselheiros, níveis ou eventos, sem contador de eventos";"NotActivated"
"customize_estate_quest_05";"customize_estate_2019";"Once";"False";"False";"Traga Seus Próprios Materiais";"Colete 10 troncos.";"10";"Invalid";"";"-2";"Missão única fora da categoria diária; geralmente envolve conselheiros, níveis ou eventos, sem contador de eventos";"NotActivated"
"customize_estate_quest_06";"customize_estate_2019";"Once";"False";"False";"Um é o Número Mais Solitário";"Colete 10 troncos.";"10";"Invalid";"";"-2";"Missão única fora da categoria diária; geralmente envolve conselheiros, níveis ou eventos, sem contador de eventos";"NotActivated"
"customize_estate_quest_09";"customize_estate_2019";"Once";"False";"False";"Madeira!";"Colete 30 troncos.";"30";"Invalid";"";"-2";"Missão única fora da categoria diária; geralmente envolve conselheiros, níveis ou eventos, sem contador de eventos";"NotActivated"
"daily_armorcrafting_a_01";"daily";"Daily";"True";"True";"[Diário] Criação de Roupas e Acessórios";"Crie roupas ou acessórios 3 vezes.";"3";"Crafted";"clothing";"-2";"";"WorkInProgress"
"daily_butchery_a_01";"daily";"Daily";"True";"True";"[Diário] Esquartejamento";"Esquarteje 10 vezes.";"10";"Collected";"carcass";"-2";"";"WorkInProgress"
"daily_constructing_a_01";"daily";"Daily";"True";"True";"[Diário] Estruturar Construção";"Edifique 2 construções.";"2";"Built";"";"-2";"";"WorkInProgress"
"daily_cooking_a_01";"daily";"Daily";"True";"True";"[Diário] Culinária";"Cozinhar 10 vezes.";"10";"Crafted";"cook";"-2";"";"WorkInProgress"
"daily_cooking_b_02";"daily";"Daily";"True";"True";"[Diário] Processamento de Comida";"Processe alimentos 5 vezes.";"5";"Crafted";"cook";"-2";"A descrição indica processamento de materiais, mas a receita não tem categoria própria; contabilizada como culinária";"WorkInProgress"
"daily_farming_a_01";"daily";"Daily";"True";"True";"[Diário] Cultivo";"Cultivar 10 vezes.";"10";"Farmed";"";"-2";"";"WorkInProgress"
"daily_gathering_a_01";"daily";"Daily";"True";"True";"[Diário] Coleta e Mineração";"Colete ou minere 20 vezes.";"20";"Collected";"gather";"-2";"";"WorkInProgress"
"daily_hunting_a_01";"daily";"Daily";"True";"True";"[Diário] Caça Animal";"Cace 10 animais.";"10";"Hunted";"";"-2";"";"WorkInProgress"
"daily_hunting_b_01";"daily";"Daily";"True";"True";"[Diário] Caça Animal";"Cace 10 animais.";"10";"Hunted";"";"-2";"";"WorkInProgress"
"daily_hunting_c_01";"daily";"Daily";"True";"True";"[Diário] Caça Animal";"Cace 10 animais.";"10";"Hunted";"";"-2";"";"WorkInProgress"
"daily_hunting_d_01";"daily";"Daily";"False";"True";"[Diário] Caça em Mares Temperados";"Cace 5 animais numa Ilha Instável em um mar temperado.";"5";"Hunted";"";"-2";"Requer caça em um bioma específico; o servidor ainda não filtra o bioma desta missão";"WorkInProgress"
"daily_hunting_d_02";"daily";"Daily";"False";"True";"[Diário] Caça em Mares Tropicais";"Cace 5 animais numa Ilha Instável em um mar tropical.";"5";"Hunted";"";"-2";"Requer caça em um bioma específico; o servidor ainda não filtra o bioma desta missão";"WorkInProgress"
"daily_hunting_e_01";"daily";"Daily";"False";"True";"[Diário] Caça em Mares da Tundra";"Cace 5 animais numa Ilha Instável em um mar da tundra.";"5";"Hunted";"";"-2";"Requer caça em um bioma específico; o servidor ainda não filtra o bioma desta missão";"WorkInProgress"
"daily_hunting_e_02";"daily";"Daily";"False";"True";"[Diário] Caça na Pradaria";"Cace 5 animais numa Ilha Instável em um mar gramado.";"5";"Hunted";"";"-2";"Requer caça em um bioma específico; o servidor ainda não filtra o bioma desta missão";"WorkInProgress"
"daily_hunting_f_01";"daily";"Daily";"False";"True";"[Diário] Caça em Mares Pantanosos";"Cace 5 animais numa Ilha Instável em um mar pantanoso.";"5";"Hunted";"";"-2";"Requer caça em um bioma específico; o servidor ainda não filtra o bioma desta missão";"WorkInProgress"
"daily_hunting_f_02";"daily";"Daily";"False";"True";"[Diário] Caça em Mares do Deserto";"Cace 5 animais numa Ilha Instável em um mar do deserto.";"5";"Hunted";"";"-2";"Requer caça em um bioma específico; o servidor ainda não filtra o bioma desta missão";"WorkInProgress"
"daily_hunting_g_01";"daily";"Daily";"False";"True";"[Diário] Caça em Mares Nevados";"Cace 5 animais numa Ilha Instável em um mar nevado.";"5";"Hunted";"";"-2";"Requer caça em um bioma específico; o servidor ainda não filtra o bioma desta missão";"WorkInProgress"
"daily_hunting_h_01";"daily";"Daily";"False";"True";"[Diário] Caçada no Mar Vulcânico";"Cace 5 animais numa Ilha Instável em um mar vulcânico.";"5";"Hunted";"";"-2";"Requer caça em um bioma específico; o servidor ainda não filtra o bioma desta missão";"WorkInProgress"
"daily_process_a_01";"daily";"Daily";"True";"True";"[Diário] Processamento de Materiais";"Processe materiais 10 vezes.";"10";"Crafted";"process";"-2";"";"WorkInProgress"
"daily_process_b_01";"daily";"Daily";"True";"True";"[Diário] Aparação de Materiais";"Apare materiais 4 vezes.";"4";"Crafted";"process";"-2";"A descrição indica acabamento de materiais, mas usa a mesma categoria material_process de process_a";"WorkInProgress"
"daily_weaponcrafting_a_01";"daily";"Daily";"True";"True";"[Diário] Criação de Armas";"Criar 5 armas.";"5";"Crafted";"weapon";"-2";"";"WorkInProgress"
"daily_weaponcrafting_b_01";"daily";"Daily";"True";"True";"[Diário] Criação de Ferramentas";"Crie 5 ferramentas.";"5";"Crafted";"tool";"-2";"";"WorkInProgress"
"mission_finish_1";"daily";"Daily";"False";"True";"[Diário] Missão de Novato";"Conclua 1 missão recebida na Torre de Comunicação.";"1";"MissionUpdated";"";"-2";"Requer o sistema de missões de facção, ainda indisponível nesta fase";"WorkInProgress"
"mission_finish_10";"daily";"Daily";"False";"True";"[Diário] Missão de Especialista";"Conclua 8 missões recebidas na Torre de Comunicação.";"8";"MissionUpdated";"";"-2";"Requer o sistema de missões de facção, ainda indisponível nesta fase";"WorkInProgress"
"mission_finish_20";"daily";"Daily";"False";"True";"[Diário] Missão de Veterano";"Conclua 12 missões recebidas na Torre de Comunicação.";"12";"MissionUpdated";"";"-2";"Requer o sistema de missões de facção, ainda indisponível nesta fase";"WorkInProgress"
"mission_finish_30";"daily";"Daily";"False";"True";"[Diário] Missão de Mestre";"Conclua 16 missões recebidas na Torre de Comunicação.";"16";"MissionUpdated";"";"-2";"Requer o sistema de missões de facção, ainda indisponível nesta fase";"WorkInProgress"
"mission_finish_5";"daily";"Daily";"False";"True";"[Diário] Missão de Profissional";"Conclua 4 missões recebidas na Torre de Comunicação.";"4";"MissionUpdated";"";"-2";"Requer o sistema de missões de facção, ainda indisponível nesta fase";"WorkInProgress"
"pvp_daily_01";"daily";"Daily";"False";"True";"[Daily] Comutador da Ilha da Luta";"Entre na Ilha da Luta.";"1";"Invalid";"";"-2";"Missão diária sem correspondência de QuestEventType";"WorkInProgress"
"pvp_daily_02";"daily";"Daily";"False";"True";"[Daily] Comutador da Ilha da Luta";"Entre na Ilha da Luta.";"1";"Invalid";"";"-2";"Missão diária sem correspondência de QuestEventType";"WorkInProgress"
"pvp_daily_03";"daily";"Daily";"False";"True";"[Daily] Conclua a Missão da Ilha da Luta";"Torne-se o <em>último em pé</em> na Ilha da Luta.";"1";"Invalid";"";"-2";"Missão diária sem correspondência de QuestEventType";"WorkInProgress"
"estate_build_lv21_01";"estate_build";"Once";"False";"False";"Projeto de Construção de Bricolagem";"Alcance o nível de personagem 21. Com um <em>projeto</em>, você pode construir sem aprender a habilidade associada. Materiais e ferramentas ainda são necessários.";"21";"Invalid";"";"-2";"Missão única fora da categoria diária; geralmente envolve conselheiros, níveis ou eventos, sem contador de eventos";"NotActivated"
"estate_build_lv21_02";"estate_build";"Once";"False";"False";"Um Verdadeiro Artesão";"Construa uma mesa de trabalho básica.";"1";"Invalid";"";"-2";"Missão única fora da categoria diária; geralmente envolve conselheiros, níveis ou eventos, sem contador de eventos";"NotActivated"
"estate_build_lv21_03";"estate_build";"Once";"False";"False";"Meu Deus, Quantas Cores!";"Construa uma mesa de trabalho de tinturas.";"1";"Invalid";"";"-2";"Missão única fora da categoria diária; geralmente envolve conselheiros, níveis ou eventos, sem contador de eventos";"NotActivated"
"estate_build_lv21_04";"estate_build";"Once";"False";"False";"Pioneiros Não Passam Fome";"Criar um forno.";"1";"Invalid";"";"-2";"Missão única fora da categoria diária; geralmente envolve conselheiros, níveis ou eventos, sem contador de eventos";"NotActivated"
"estate_build_lv21_05";"estate_build";"Once";"False";"False";"Couro Seco Dá Um Toque de Classe";"Construa um varal pequeno.";"1";"Invalid";"";"-2";"Missão única fora da categoria diária; geralmente envolve conselheiros, níveis ou eventos, sem contador de eventos";"NotActivated"
"estate_build_lv35_01";"estate_build";"Once";"False";"False";"Construção e Sobrevivência";"Alcance o nível de personagem 35. Obtenha um projeto e construa a partir dele.";"35";"Invalid";"";"-2";"Missão única fora da categoria diária; geralmente envolve conselheiros, níveis ou eventos, sem contador de eventos";"NotActivated"
"estate_build_lv35_02";"estate_build";"Once";"False";"False";"Água é Vida";"Construa um poço rudimentar.";"1";"Invalid";"";"-2";"Missão única fora da categoria diária; geralmente envolve conselheiros, níveis ou eventos, sem contador de eventos";"NotActivated"
"estate_build_lv35_03";"estate_build";"Once";"False";"False";"Prepare-se para o Pior";"Construa uma caixa grande. A <em>habilidade de construção</em> é necessária.";"1";"Invalid";"";"-2";"Missão única fora da categoria diária; geralmente envolve conselheiros, níveis ou eventos, sem contador de eventos";"NotActivated"
"estate_build_lv35_04";"estate_build";"Once";"False";"False";"Em Casa de Ferreiro...";"Construa uma fornalha.";"1";"Invalid";"";"-2";"Missão única fora da categoria diária; geralmente envolve conselheiros, níveis ou eventos, sem contador de eventos";"NotActivated"
"estate_build_lv45_01";"estate_build";"Once";"False";"False";"Melhorando Seu Domínio";"Alcance o nível de personagem 45. Obtenha um projeto e construa a partir dele.";"45";"Invalid";"";"-2";"Missão única fora da categoria diária; geralmente envolve conselheiros, níveis ou eventos, sem contador de eventos";"NotActivated"
"estate_build_lv45_02";"estate_build";"Once";"False";"False";"Uma Verdadeira Obra de Arte";"Construa uma placa de trânsito dinâmica.";"1";"Invalid";"";"-2";"Missão única fora da categoria diária; geralmente envolve conselheiros, níveis ou eventos, sem contador de eventos";"NotActivated"
"estate_build_lv45_03";"estate_build";"Once";"False";"False";"Crie e Compartilhe";"Construa uma mesa de trabalho do artífice. A <em>habilidade de construção</em> é necessária.";"1";"Invalid";"";"-2";"Missão única fora da categoria diária; geralmente envolve conselheiros, níveis ou eventos, sem contador de eventos";"NotActivated"
"estate_build_lv45_04";"estate_build";"Once";"False";"False";"...Mais Eles Secam";"Construa um varal grande. A <em>habilidade de construção</em> é necessária.";"1";"Invalid";"";"-2";"Missão única fora da categoria diária; geralmente envolve conselheiros, níveis ou eventos, sem contador de eventos";"NotActivated"
"estate_build_lv45_05";"estate_build";"Once";"False";"False";"Fazenda Animal";"Construa um curral médio.";"1";"Invalid";"";"-2";"Missão única fora da categoria diária; geralmente envolve conselheiros, níveis ou eventos, sem contador de eventos";"NotActivated"
"estate_build_lv45_06";"estate_build";"Once";"False";"False";"Coma para Sobreviver";"Construa um fogão. A <em>habilidade de construção</em> é necessário.";"1";"Invalid";"";"-2";"Missão única fora da categoria diária; geralmente envolve conselheiros, níveis ou eventos, sem contador de eventos";"NotActivated"
"estate_build_lv55_01";"estate_build";"Once";"False";"False";"Pioneiro Profissional";"Alcance o nível de personagem 55. Obtenha uma estrutura de criação de alto nível.";"55";"Invalid";"";"-2";"Missão única fora da categoria diária; geralmente envolve conselheiros, níveis ou eventos, sem contador de eventos";"NotActivated"
"estate_build_lv55_02";"estate_build";"Once";"False";"False";"Espaço Nunca é Demais";"Construa uma caixa larga.";"1";"Invalid";"";"-2";"Missão única fora da categoria diária; geralmente envolve conselheiros, níveis ou eventos, sem contador de eventos";"NotActivated"
"estate_build_lv55_03";"estate_build";"Once";"False";"False";"O Refinamento é Inevitável";"Construa uma fornalha avançada. A <em>habilidade de construção</em> é necessária.";"1";"Invalid";"";"-2";"Missão única fora da categoria diária; geralmente envolve conselheiros, níveis ou eventos, sem contador de eventos";"NotActivated"
"estate_build_lv55_04";"estate_build";"Once";"False";"False";"Qual o Cardápio de Hoje?";"Construa uma cozinha. A <em>habilidade de construção</em> é necessária.";"1";"Invalid";"";"-2";"Missão única fora da categoria diária; geralmente envolve conselheiros, níveis ou eventos, sem contador de eventos";"NotActivated"
"estate_build_lv55_05";"estate_build";"Once";"False";"False";"Mein Criação";"Construa uma mesa de trabalho de especialista. A <em>habilidade de construção</em> é necessária.";"1";"Invalid";"";"-2";"Missão única fora da categoria diária; geralmente envolve conselheiros, níveis ou eventos, sem contador de eventos";"NotActivated"
"event_2018_fall_armorcrafting_01";"event_2018_fall";"Once";"False";"False";"Criando Roupas";"Crie 1 capacete de Paquicefalossauro.";"1";"Invalid";"";"-2";"Missão única fora da categoria diária; geralmente envolve conselheiros, níveis ou eventos, sem contador de eventos";"NotActivated"
"event_2018_fall_armorcrafting_02";"event_2018_fall";"Once";"False";"False";"Criando Roupas";"Crie 5 capacetes de Paquicefalossauro.";"5";"Invalid";"";"-2";"Missão única fora da categoria diária; geralmente envolve conselheiros, níveis ou eventos, sem contador de eventos";"NotActivated"
"event_2018_fall_armorcrafting_03";"event_2018_fall";"Once";"False";"False";"Criando Roupas";"Crie 10 capacetes de Paquicefalossauro.";"10";"Invalid";"";"-2";"Missão única fora da categoria diária; geralmente envolve conselheiros, níveis ou eventos, sem contador de eventos";"NotActivated"
"event_2018_fall_armorcrafting_04";"event_2018_fall";"Once";"False";"False";"Criando Roupas";"Criar 15 peças de roupa.";"15";"Invalid";"";"-2";"Missão única fora da categoria diária; geralmente envolve conselheiros, níveis ou eventos, sem contador de eventos";"NotActivated"
"event_2018_fall_armorcrafting_05";"event_2018_fall";"Once";"False";"False";"Criando Roupas";"Criar 35 peças de roupa.";"35";"Invalid";"";"-2";"Missão única fora da categoria diária; geralmente envolve conselheiros, níveis ou eventos, sem contador de eventos";"NotActivated"
"event_2018_fall_armorcrafting_06";"event_2018_fall";"Once";"False";"False";"Criando Roupas";"Criar 80 peças de roupa.";"80";"Invalid";"";"-2";"Missão única fora da categoria diária; geralmente envolve conselheiros, níveis ou eventos, sem contador de eventos";"NotActivated"
"event_2018_fall_barley_farming_01";"event_2018_fall";"Once";"False";"False";"Plantar Sementes de Cevada";"Plante 1 semente de cevada.";"1";"Invalid";"";"-2";"Missão única fora da categoria diária; geralmente envolve conselheiros, níveis ou eventos, sem contador de eventos";"NotActivated"
"event_2018_fall_barley_farming_02";"event_2018_fall";"Once";"False";"False";"Plantar Sementes de Cevada";"Plante 10 sementes de cevada.";"10";"Invalid";"";"-2";"Missão única fora da categoria diária; geralmente envolve conselheiros, níveis ou eventos, sem contador de eventos";"NotActivated"
"event_2018_fall_barley_farming_03";"event_2018_fall";"Once";"False";"False";"Plantar Sementes de Cevada";"Plante 50 sementes de cevada.";"50";"Invalid";"";"-2";"Missão única fora da categoria diária; geralmente envolve conselheiros, níveis ou eventos, sem contador de eventos";"NotActivated"
"event_2018_fall_butchery_01";"event_2018_fall";"Once";"False";"False";"Esquartejamento";"Esquarteje 10 vezes.";"10";"Invalid";"";"-2";"Missão única fora da categoria diária; geralmente envolve conselheiros, níveis ou eventos, sem contador de eventos";"NotActivated"
"event_2018_fall_butchery_02";"event_2018_fall";"Once";"False";"False";"Esquartejamento";"Esquarteje 30 vezes.";"30";"Invalid";"";"-2";"Missão única fora da categoria diária; geralmente envolve conselheiros, níveis ou eventos, sem contador de eventos";"NotActivated"
"event_2018_fall_butchery_03";"event_2018_fall";"Once";"False";"False";"Esquartejamento";"Esquarteje 100 vezes.";"100";"Invalid";"";"-2";"Missão única fora da categoria diária; geralmente envolve conselheiros, níveis ou eventos, sem contador de eventos";"NotActivated"
"event_2018_fall_constructing_01";"event_2018_fall";"Once";"False";"False";"Construindo Estruturas";"Edificar uma construção 15 vezes.";"15";"Invalid";"";"-2";"Missão única fora da categoria diária; geralmente envolve conselheiros, níveis ou eventos, sem contador de eventos";"NotActivated"
"event_2018_fall_constructing_02";"event_2018_fall";"Once";"False";"False";"Construindo Estruturas";"Edificar uma construção 35 vezes.";"35";"Invalid";"";"-2";"Missão única fora da categoria diária; geralmente envolve conselheiros, níveis ou eventos, sem contador de eventos";"NotActivated"
"event_2018_fall_constructing_03";"event_2018_fall";"Once";"False";"False";"Construindo Estruturas";"Edificar uma construção 80 vezes.";"80";"Invalid";"";"-2";"Missão única fora da categoria diária; geralmente envolve conselheiros, níveis ou eventos, sem contador de eventos";"NotActivated"
"event_2018_fall_cooking_01";"event_2018_fall";"Once";"False";"False";"Fazendo Mochi";"Faça 5 mochis.";"5";"Invalid";"";"-2";"Missão única fora da categoria diária; geralmente envolve conselheiros, níveis ou eventos, sem contador de eventos";"NotActivated"
"event_2018_fall_cooking_02";"event_2018_fall";"Once";"False";"False";"Fazendo Mochi";"Faça 20 mochis.";"20";"Invalid";"";"-2";"Missão única fora da categoria diária; geralmente envolve conselheiros, níveis ou eventos, sem contador de eventos";"NotActivated"
"event_2018_fall_cooking_03";"event_2018_fall";"Once";"False";"False";"Fazendo Mochi";"Faça 50 mochis.";"50";"Invalid";"";"-2";"Missão única fora da categoria diária; geralmente envolve conselheiros, níveis ou eventos, sem contador de eventos";"NotActivated"
"event_2018_fall_cooking_04";"event_2018_fall";"Once";"False";"False";"Fazendo Bolos de Flores";"Faça 5 bolos de flores.";"5";"Invalid";"";"-2";"Missão única fora da categoria diária; geralmente envolve conselheiros, níveis ou eventos, sem contador de eventos";"NotActivated"
"event_2018_fall_cooking_05";"event_2018_fall";"Once";"False";"False";"Fazendo Bolos de Flores";"Faça 20 bolos de flores.";"20";"Invalid";"";"-2";"Missão única fora da categoria diária; geralmente envolve conselheiros, níveis ou eventos, sem contador de eventos";"NotActivated"
"event_2018_fall_cooking_06";"event_2018_fall";"Once";"False";"False";"Fazendo Bolos de Flores";"Faça 50 bolos de flores.";"50";"Invalid";"";"-2";"Missão única fora da categoria diária; geralmente envolve conselheiros, níveis ou eventos, sem contador de eventos";"NotActivated"
"event_2018_fall_cooking_07";"event_2018_fall";"Once";"False";"False";"Fazendo Dióspiros Secos";"Faça 5 dióspiros secos.";"5";"Invalid";"";"-2";"Missão única fora da categoria diária; geralmente envolve conselheiros, níveis ou eventos, sem contador de eventos";"NotActivated"
"event_2018_fall_cooking_08";"event_2018_fall";"Once";"False";"False";"Fazendo Dióspiros Secos";"Faça 20 dióspiros secos.";"20";"Invalid";"";"-2";"Missão única fora da categoria diária; geralmente envolve conselheiros, níveis ou eventos, sem contador de eventos";"NotActivated"
"event_2018_fall_cooking_09";"event_2018_fall";"Once";"False";"False";"Fazendo Dióspiros Secos";"Faça 50 dióspiros secos.";"50";"Invalid";"";"-2";"Missão única fora da categoria diária; geralmente envolve conselheiros, níveis ou eventos, sem contador de eventos";"NotActivated"
"event_2018_fall_cooking_10";"event_2018_fall";"Once";"False";"False";"Fazendo Espetos de Pitu";"Faça 5 espetos de pitu.";"5";"Invalid";"";"-2";"Missão única fora da categoria diária; geralmente envolve conselheiros, níveis ou eventos, sem contador de eventos";"NotActivated"
"event_2018_fall_cooking_11";"event_2018_fall";"Once";"False";"False";"Fazendo Espetos de Pitu";"Faça 20 espetos de pitu.";"20";"Invalid";"";"-2";"Missão única fora da categoria diária; geralmente envolve conselheiros, níveis ou eventos, sem contador de eventos";"NotActivated"
"event_2018_fall_cooking_12";"event_2018_fall";"Once";"False";"False";"Fazendo Espetos de Pitu";"Faça 50 espetos de pitu.";"50";"Invalid";"";"-2";"Missão única fora da categoria diária; geralmente envolve conselheiros, níveis ou eventos, sem contador de eventos";"NotActivated"
"event_2018_fall_cooking_13";"event_2018_fall";"Once";"False";"False";"Fazendo Espetinhos de Carne";"Faça 5 espetinhos de carne.";"5";"Invalid";"";"-2";"Missão única fora da categoria diária; geralmente envolve conselheiros, níveis ou eventos, sem contador de eventos";"NotActivated"
"event_2018_fall_cooking_14";"event_2018_fall";"Once";"False";"False";"Fazendo Espetinhos de Carne";"Faça 20 espetinhos de carne.";"20";"Invalid";"";"-2";"Missão única fora da categoria diária; geralmente envolve conselheiros, níveis ou eventos, sem contador de eventos";"NotActivated"
"event_2018_fall_cooking_15";"event_2018_fall";"Once";"False";"False";"Fazendo Espetinhos de Carne";"Faça 50 espetinhos de carne.";"50";"Invalid";"";"-2";"Missão única fora da categoria diária; geralmente envolve conselheiros, níveis ou eventos, sem contador de eventos";"NotActivated"
"event_2018_fall_cooking_16";"event_2018_fall";"Once";"False";"False";"Fazendo Bebidas de Cevada";"Faça 5 bebidas de cevada.";"5";"Invalid";"";"-2";"Missão única fora da categoria diária; geralmente envolve conselheiros, níveis ou eventos, sem contador de eventos";"NotActivated"
"event_2018_fall_cooking_17";"event_2018_fall";"Once";"False";"False";"Fazendo Bebidas de Cevada";"Faça 20 bebidas de cevada.";"20";"Invalid";"";"-2";"Missão única fora da categoria diária; geralmente envolve conselheiros, níveis ou eventos, sem contador de eventos";"NotActivated"
"event_2018_fall_cooking_18";"event_2018_fall";"Once";"False";"False";"Fazendo Bebidas de Cevada";"Faça 50 bebidas de cevada.";"50";"Invalid";"";"-2";"Missão única fora da categoria diária; geralmente envolve conselheiros, níveis ou eventos, sem contador de eventos";"NotActivated"
"event_2018_fall_cooking_19";"event_2018_fall";"Once";"False";"False";"Culinária";"Cozinhe 25 vezes.";"25";"Invalid";"";"-2";"Missão única fora da categoria diária; geralmente envolve conselheiros, níveis ou eventos, sem contador de eventos";"NotActivated"
"event_2018_fall_cooking_20";"event_2018_fall";"Once";"False";"False";"Culinária";"Cozinhar 100 vezes.";"100";"Invalid";"";"-2";"Missão única fora da categoria diária; geralmente envolve conselheiros, níveis ou eventos, sem contador de eventos";"NotActivated"
"event_2018_fall_cooking_21";"event_2018_fall";"Once";"False";"False";"Culinária";"Cozinhe 250 vezes.";"250";"Invalid";"";"-2";"Missão única fora da categoria diária; geralmente envolve conselheiros, níveis ou eventos, sem contador de eventos";"NotActivated"
"event_2018_fall_cosmos_farming_01";"event_2018_fall";"Once";"False";"False";"Plantar Sementes de Cosmos";"Plante 1 semente de cosmos.";"1";"Invalid";"";"-2";"Missão única fora da categoria diária; geralmente envolve conselheiros, níveis ou eventos, sem contador de eventos";"NotActivated"
"event_2018_fall_cosmos_farming_02";"event_2018_fall";"Once";"False";"False";"Plantar Sementes de Cosmos";"Plante 10 sementes de cosmos.";"10";"Invalid";"";"-2";"Missão única fora da categoria diária; geralmente envolve conselheiros, níveis ou eventos, sem contador de eventos";"NotActivated"
"event_2018_fall_cosmos_farming_03";"event_2018_fall";"Once";"False";"False";"Plantar Sementes de Cosmos";"Plante 50 sementes de cosmos.";"50";"Invalid";"";"-2";"Missão única fora da categoria diária; geralmente envolve conselheiros, níveis ou eventos, sem contador de eventos";"NotActivated"
"event_2018_fall_farming_01";"event_2018_fall";"Once";"False";"False";"Cultivo";"Cultivar 20 vezes.";"20";"Invalid";"";"-2";"Missão única fora da categoria diária; geralmente envolve conselheiros, níveis ou eventos, sem contador de eventos";"NotActivated"
"event_2018_fall_farming_02";"event_2018_fall";"Once";"False";"False";"Cultivo";"Cultivar 50 vezes.";"50";"Invalid";"";"-2";"Missão única fora da categoria diária; geralmente envolve conselheiros, níveis ou eventos, sem contador de eventos";"NotActivated"
"event_2018_fall_farming_03";"event_2018_fall";"Once";"False";"False";"Cultivo";"Cultivar 100 vezes.";"100";"Invalid";"";"-2";"Missão única fora da categoria diária; geralmente envolve conselheiros, níveis ou eventos, sem contador de eventos";"NotActivated"
"event_2018_fall_gathering_01";"event_2018_fall";"Once";"False";"False";"Coletando e Minerando";"Coletar ou minerar 30 vezes.";"30";"Invalid";"";"-2";"Missão única fora da categoria diária; geralmente envolve conselheiros, níveis ou eventos, sem contador de eventos";"NotActivated"
"event_2018_fall_gathering_02";"event_2018_fall";"Once";"False";"False";"Coletando e Minerando";"Coletar ou minerar 70 vezes.";"70";"Invalid";"";"-2";"Missão única fora da categoria diária; geralmente envolve conselheiros, níveis ou eventos, sem contador de eventos";"NotActivated"
"event_2018_fall_gathering_03";"event_2018_fall";"Once";"False";"False";"Coletando e Minerando";"Coletar ou minerar 200 vezes.";"200";"Invalid";"";"-2";"Missão única fora da categoria diária; geralmente envolve conselheiros, níveis ou eventos, sem contador de eventos";"NotActivated"
"event_2018_fall_hunt_01";"event_2018_fall";"Once";"False";"False";"Caça ao Paquicefalossauro";"Cace 1 Paquicefalossauro.";"3";"Invalid";"";"-2";"Missão única fora da categoria diária; geralmente envolve conselheiros, níveis ou eventos, sem contador de eventos";"NotActivated"
"event_2018_fall_hunt_02";"event_2018_fall";"Once";"False";"False";"Caça ao Paquicefalossauro";"Cace 10 Paquicefalossauros.";"10";"Invalid";"";"-2";"Missão única fora da categoria diária; geralmente envolve conselheiros, níveis ou eventos, sem contador de eventos";"NotActivated"
"event_2018_fall_hunt_03";"event_2018_fall";"Once";"False";"False";"Caça ao Paquicefalossauro";"Cace 50 Paquicefalossauros.";"50";"Invalid";"";"-2";"Missão única fora da categoria diária; geralmente envolve conselheiros, níveis ou eventos, sem contador de eventos";"NotActivated"
"event_2018_fall_hunt_04";"event_2018_fall";"Once";"False";"False";"Caçando Animais";"Cace 30 animais.";"30";"Invalid";"";"-2";"Missão única fora da categoria diária; geralmente envolve conselheiros, níveis ou eventos, sem contador de eventos";"NotActivated"
"event_2018_fall_hunt_05";"event_2018_fall";"Once";"False";"False";"Caçando Animais";"Cace 70 animais.";"70";"Invalid";"";"-2";"Missão única fora da categoria diária; geralmente envolve conselheiros, níveis ou eventos, sem contador de eventos";"NotActivated"
"event_2018_fall_hunt_06";"event_2018_fall";"Once";"False";"False";"Caçando Animais";"Cace 150 animais.";"150";"Invalid";"";"-2";"Missão única fora da categoria diária; geralmente envolve conselheiros, níveis ou eventos, sem contador de eventos";"NotActivated"
"event_2018_fall_persimmon_farming_01";"event_2018_fall";"Once";"False";"False";"Plantar Sementes de Dióspiro";"Plante 1 semente de dióspiro.";"1";"Invalid";"";"-2";"Missão única fora da categoria diária; geralmente envolve conselheiros, níveis ou eventos, sem contador de eventos";"NotActivated"
"event_2018_fall_persimmon_farming_02";"event_2018_fall";"Once";"False";"False";"Plantar Sementes de Dióspiro";"Plante 10 sementes de dióspiro.";"10";"Invalid";"";"-2";"Missão única fora da categoria diária; geralmente envolve conselheiros, níveis ou eventos, sem contador de eventos";"NotActivated"
"event_2018_fall_persimmon_farming_03";"event_2018_fall";"Once";"False";"False";"Plantar Sementes de Dióspiro";"Plante 50 sementes de dióspiro.";"50";"Invalid";"";"-2";"Missão única fora da categoria diária; geralmente envolve conselheiros, níveis ou eventos, sem contador de eventos";"NotActivated"
"event_2018_fall_process_01";"event_2018_fall";"Once";"False";"False";"Processando Materiais";"Processe materiais 10 vezes.";"10";"Invalid";"";"-2";"Missão única fora da categoria diária; geralmente envolve conselheiros, níveis ou eventos, sem contador de eventos";"NotActivated"
"event_2018_fall_process_02";"event_2018_fall";"Once";"False";"False";"Processando Materiais";"Processe materiais 30 vezes.";"30";"Invalid";"";"-2";"Missão única fora da categoria diária; geralmente envolve conselheiros, níveis ou eventos, sem contador de eventos";"NotActivated"
"event_2018_fall_process_03";"event_2018_fall";"Once";"False";"False";"Processando Materiais";"Processe materiais 100 vezes.";"100";"Invalid";"";"-2";"Missão única fora da categoria diária; geralmente envolve conselheiros, níveis ou eventos, sem contador de eventos";"NotActivated"
"event_2018_fall_road_leaf_01";"event_2018_fall";"Once";"False";"False";"Fazendo Estradas de Folhas Caídas";"Faça 10 estradas de folhas caídas.";"10";"Invalid";"";"-2";"Missão única fora da categoria diária; geralmente envolve conselheiros, níveis ou eventos, sem contador de eventos";"NotActivated"
"event_2018_fall_start_01";"event_2018_fall";"Once";"False";"False";"Notícias Maravilhosas";"Chegar ao nível de personagem 41.";"41";"Invalid";"";"-2";"Missão única fora da categoria diária; geralmente envolve conselheiros, níveis ou eventos, sem contador de eventos";"NotActivated"
"event_2018_fall_start_02";"event_2018_fall";"Once";"False";"False";"Ilha da Abundância";"Velejar para os trópicos de nível 45.";"45";"Invalid";"";"-2";"Missão única fora da categoria diária; geralmente envolve conselheiros, níveis ou eventos, sem contador de eventos";"NotActivated"
"event_2018_fall_weaponcrafting_01";"event_2018_fall";"Once";"False";"False";"Criação de Armas";"Crie 1 marreta de bolinho de arroz.";"1";"Invalid";"";"-2";"Missão única fora da categoria diária; geralmente envolve conselheiros, níveis ou eventos, sem contador de eventos";"NotActivated"
"event_2018_fall_weaponcrafting_02";"event_2018_fall";"Once";"False";"False";"Criação de Armas";"Crie 5 marretas de bolinho de arroz.";"5";"Invalid";"";"-2";"Missão única fora da categoria diária; geralmente envolve conselheiros, níveis ou eventos, sem contador de eventos";"NotActivated"
"event_2018_fall_weaponcrafting_03";"event_2018_fall";"Once";"False";"False";"Criação de Armas";"Crie 15 marretas de bolinho de arroz.";"15";"Invalid";"";"-2";"Missão única fora da categoria diária; geralmente envolve conselheiros, níveis ou eventos, sem contador de eventos";"NotActivated"
"event_2018_fall_3_17_any_butchery_01";"event_3_17";"Once";"False";"False";"Nunca fica mais fácil";"Esquarteje 10 vezes.";"10";"Invalid";"";"-2";"Missão única fora da categoria diária; geralmente envolve conselheiros, níveis ou eventos, sem contador de eventos";"NotActivated"
"event_2018_fall_3_17_any_butchery_02";"event_3_17";"Once";"False";"False";"Uma vida por uma vida";"Esquarteje 25 vezes.";"25";"Invalid";"";"-2";"Missão única fora da categoria diária; geralmente envolve conselheiros, níveis ou eventos, sem contador de eventos";"NotActivated"
"event_2018_fall_3_17_any_butchery_03";"event_3_17";"Once";"False";"False";"O tanto necessário";"Esquarteje 50 vezes.";"50";"Invalid";"";"-2";"Missão única fora da categoria diária; geralmente envolve conselheiros, níveis ou eventos, sem contador de eventos";"NotActivated"
"event_2018_fall_3_17_any_butchery_04";"event_3_17";"Once";"False";"False";"Talvez fácil demais agora";"Esquarteje 100 vezes.";"100";"Invalid";"";"-2";"Missão única fora da categoria diária; geralmente envolve conselheiros, níveis ou eventos, sem contador de eventos";"NotActivated"
"event_2018_fall_3_17_any_butchery_05";"event_3_17";"Once";"False";"False";"Lâmina manchada de sangue";"Esquarteje 200 vezes.";"200";"Invalid";"";"-2";"Missão única fora da categoria diária; geralmente envolve conselheiros, níveis ou eventos, sem contador de eventos";"NotActivated"
"event_2018_fall_3_17_any_gathering_01";"event_3_17";"Once";"False";"False";"Coleta de Plantas da Mágoa";"Colete ou minere 10 vezes.";"10";"Invalid";"";"-2";"Missão única fora da categoria diária; geralmente envolve conselheiros, níveis ou eventos, sem contador de eventos";"NotActivated"
"event_2018_fall_3_17_any_gathering_02";"event_3_17";"Once";"False";"False";"Versatilidade da faca";"Colete ou minere 25 vezes.";"25";"Invalid";"";"-2";"Missão única fora da categoria diária; geralmente envolve conselheiros, níveis ou eventos, sem contador de eventos";"NotActivated"
"event_2018_fall_3_17_any_gathering_03";"event_3_17";"Once";"False";"False";"Mais hábil, menor a faca";"Colete ou minere 50 vezes.";"50";"Invalid";"";"-2";"Missão única fora da categoria diária; geralmente envolve conselheiros, níveis ou eventos, sem contador de eventos";"NotActivated"
"event_2018_fall_3_17_any_gathering_04";"event_3_17";"Once";"False";"False";"Eu sou a faca, a faca sou eu";"Colete ou minere 100 vezes.";"100";"Invalid";"";"-2";"Missão única fora da categoria diária; geralmente envolve conselheiros, níveis ou eventos, sem contador de eventos";"NotActivated"
"event_2018_fall_3_17_any_gathering_05";"event_3_17";"Once";"False";"False";"Colete mais, precise menos";"Colete ou minere 200 vezes.";"200";"Invalid";"";"-2";"Missão única fora da categoria diária; geralmente envolve conselheiros, níveis ou eventos, sem contador de eventos";"NotActivated"
"event_2018_fall_3_17_common_gathering_01";"event_3_17";"Once";"False";"False";"Planta simples, passado complexo";"Colete 5 algodões.";"5";"Invalid";"";"-2";"Missão única fora da categoria diária; geralmente envolve conselheiros, níveis ou eventos, sem contador de eventos";"NotActivated"
"event_2018_fall_3_17_common_gathering_02";"event_3_17";"Once";"False";"False";"Um peixe, dois peixes, cinco peixes";"Colete 5 peixes.";"5";"Invalid";"";"-2";"Missão única fora da categoria diária; geralmente envolve conselheiros, níveis ou eventos, sem contador de eventos";"NotActivated"
"event_2018_fall_3_17_common_gathering_03";"event_3_17";"Once";"False";"False";"Moluscos até o teto";"Colete 5 pedaços de carne de molusco.";"5";"Invalid";"";"-2";"Missão única fora da categoria diária; geralmente envolve conselheiros, níveis ou eventos, sem contador de eventos";"NotActivated"
"event_2018_fall_3_17_common_gathering_04";"event_3_17";"Once";"False";"False";"Baixo e Sujo";"Colete 5 unidades de lama.";"5";"Invalid";"";"-2";"Missão única fora da categoria diária; geralmente envolve conselheiros, níveis ou eventos, sem contador de eventos";"NotActivated"
"event_2018_fall_3_17_global_gathering_01";"event_3_17";"Once";"False";"False";"Receba um impulso";"Coletar 10 ossos de perna da pilha de ossos.";"10";"Invalid";"";"-2";"Missão única fora da categoria diária; geralmente envolve conselheiros, níveis ou eventos, sem contador de eventos";"NotActivated"
"event_2018_fall_3_17_level_butchery_01";"event_3_17";"Once";"False";"False";"Sobrevivência exige sacrifício";"Esquarteje 20 vezes animais que sejam de níveis 31 a 40.";"31";"Invalid";"";"-2";"Missão única fora da categoria diária; geralmente envolve conselheiros, níveis ou eventos, sem contador de eventos";"NotActivated"
"event_2018_fall_3_17_level_butchery_02";"event_3_17";"Once";"False";"False";"A ética entre carnívoros";"Esquarteje 20 vezes animais que sejam de níveis 41 a 50.";"41";"Invalid";"";"-2";"Missão única fora da categoria diária; geralmente envolve conselheiros, níveis ou eventos, sem contador de eventos";"NotActivated"
"event_2018_fall_3_17_level_butchery_03";"event_3_17";"Once";"False";"False";"Para um dia não Caçar Mais";"Esquarteje um animal de nível 51 ou superior";"51";"Invalid";"";"-2";"Missão única fora da categoria diária; geralmente envolve conselheiros, níveis ou eventos, sem contador de eventos";"NotActivated"
"event_2018_fall_3_17_level_gathering_01";"event_3_17";"Once";"False";"False";"Uma coleção crescente";"Colete plantas ou minerais 20 vezes entre os níveis 31 e 40.";"31";"Invalid";"";"-2";"Missão única fora da categoria diária; geralmente envolve conselheiros, níveis ou eventos, sem contador de eventos";"NotActivated"
"event_2018_fall_3_17_level_gathering_02";"event_3_17";"Once";"False";"False";"De Pioneiro a Colonizador";"Colete plantas ou minerais 20 vezes entre os níveis 41 e 50.";"41";"Invalid";"";"-2";"Missão única fora da categoria diária; geralmente envolve conselheiros, níveis ou eventos, sem contador de eventos";"NotActivated"
"event_2018_fall_3_17_level_gathering_03";"event_3_17";"Once";"False";"False";"Tornando-se um com a selva";"Colete plantas ou minerais 20 vezes nos níveis 51+.";"51";"Invalid";"";"-2";"Missão única fora da categoria diária; geralmente envolve conselheiros, níveis ou eventos, sem contador de eventos";"NotActivated"
"event_2018_fall_3_17_pillar_craft_01";"event_3_17";"Once";"False";"False";"Começo modesto";"Crie 5 pilares de pedra.";"5";"Invalid";"";"-2";"Missão única fora da categoria diária; geralmente envolve conselheiros, níveis ou eventos, sem contador de eventos";"NotActivated"
"event_2018_fall_3_17_pillar_craft_02";"event_3_17";"Once";"False";"False";"Formando o batente";"Crie 10 pilares de pedra.";"10";"Invalid";"";"-2";"Missão única fora da categoria diária; geralmente envolve conselheiros, níveis ou eventos, sem contador de eventos";"NotActivated"
"event_2018_fall_3_17_pillar_craft_03";"event_3_17";"Once";"False";"False";"Uma fundação forte";"Crie 20 pilares de pedra.";"20";"Invalid";"";"-2";"Missão única fora da categoria diária; geralmente envolve conselheiros, níveis ou eventos, sem contador de eventos";"NotActivated"
"event_2018_fall_3_17_pillar_craft_04";"event_3_17";"Once";"False";"False";"Duro de pedra";"Crie 30 pilares de pedra.";"30";"Invalid";"";"-2";"Missão única fora da categoria diária; geralmente envolve conselheiros, níveis ou eventos, sem contador de eventos";"NotActivated"
"event_2018_fall_3_17_pillar_craft_05";"event_3_17";"Once";"False";"False";"Durangohenge";"Crie 50 pilares de pedra.";"50";"Invalid";"";"-2";"Missão única fora da categoria diária; geralmente envolve conselheiros, níveis ou eventos, sem contador de eventos";"NotActivated"
"event_2018_fall_3_17_rope_craft_01";"event_3_17";"Once";"False";"False";"Novato em Cabo de Guerra";"Crie cordas 10 vezes.";"10";"Invalid";"";"-2";"Missão única fora da categoria diária; geralmente envolve conselheiros, níveis ou eventos, sem contador de eventos";"NotActivated"
"event_2018_fall_3_17_rope_craft_02";"event_3_17";"Once";"False";"False";"Aprendiz em Cabo de Guerra";"Crie cordas 25 vezes.";"25";"Invalid";"";"-2";"Missão única fora da categoria diária; geralmente envolve conselheiros, níveis ou eventos, sem contador de eventos";"NotActivated"
"event_2018_fall_3_17_rope_craft_03";"event_3_17";"Once";"False";"False";"Especialista em Cabo de Guerra";"Crie cordas 50 vezes.";"50";"Invalid";"";"-2";"Missão única fora da categoria diária; geralmente envolve conselheiros, níveis ou eventos, sem contador de eventos";"NotActivated"
"event_2018_fall_3_17_rope_craft_04";"event_3_17";"Once";"False";"False";"Prodígio em Cabo de Guerra";"Crie cordas 75 vezes.";"75";"Invalid";"";"-2";"Missão única fora da categoria diária; geralmente envolve conselheiros, níveis ou eventos, sem contador de eventos";"NotActivated"
"event_2018_fall_3_17_rope_craft_05";"event_3_17";"Once";"False";"False";"Deus do Cabo de Guerra";"Crie cordas 100 vezes.";"100";"Invalid";"";"-2";"Missão única fora da categoria diária; geralmente envolve conselheiros, níveis ou eventos, sem contador de eventos";"NotActivated"
"event_2018_fall_3_17_sequential_gathering_01";"event_3_17";"Once";"False";"False";"Fruto Cheio de Flores";"Colete 5 figos.";"5";"Invalid";"";"-2";"Missão única fora da categoria diária; geralmente envolve conselheiros, níveis ou eventos, sem contador de eventos";"NotActivated"
"event_2018_fall_3_17_sequential_gathering_02";"event_3_17";"Once";"False";"False";"Viva saudável, viva muito";"Colete 5 cranberries";"5";"Invalid";"";"-2";"Missão única fora da categoria diária; geralmente envolve conselheiros, níveis ou eventos, sem contador de eventos";"NotActivated"
"event_2018_fall_3_17_sequential_gathering_03";"event_3_17";"Once";"False";"False";"O mais doce dos doces";"Colete 5 mangas.";"5";"Invalid";"";"-2";"Missão única fora da categoria diária; geralmente envolve conselheiros, níveis ou eventos, sem contador de eventos";"NotActivated"
"event_2018_fall_3_17_sequential_gathering_04";"event_3_17";"Once";"False";"False";"Leve o coco em conta";"Colete 5 cocos";"5";"Invalid";"";"-2";"Missão única fora da categoria diária; geralmente envolve conselheiros, níveis ou eventos, sem contador de eventos";"NotActivated"
"event_2018_fall_3_17_sequential_gathering_05";"event_3_17";"Once";"False";"False";"Ganhe Borracha";"Colete 5 unidades de borracha líquida.";"5";"Invalid";"";"-2";"Missão única fora da categoria diária; geralmente envolve conselheiros, níveis ou eventos, sem contador de eventos";"NotActivated"
"event_2018_fall_3_17_sequential_gathering_06";"event_3_17";"Once";"False";"False";"Manuseie com cuidado";"Colete 5 polpas de cactos.";"5";"Invalid";"";"-2";"Missão única fora da categoria diária; geralmente envolve conselheiros, níveis ou eventos, sem contador de eventos";"NotActivated"
"event_2018_fall_3_17_sequential_gathering_07";"event_3_17";"Once";"False";"False";"Uma fonte de óleo com sabor de nozes";"Colete 5 pinhões.";"5";"Invalid";"";"-2";"Missão única fora da categoria diária; geralmente envolve conselheiros, níveis ou eventos, sem contador de eventos";"NotActivated"
"event_2018_fall_3_17_sequential_gathering_08";"event_3_17";"Once";"False";"False";"Doce sobremesa, amargo remédio";"Colete 5 amêndoas.";"5";"Invalid";"";"-2";"Missão única fora da categoria diária; geralmente envolve conselheiros, níveis ou eventos, sem contador de eventos";"NotActivated"
"event_2018_fall_3_17_sequential_hunt_01";"event_3_17";"Once";"False";"False";"Enfrentando o Thagomizer";"Cace 3 Estegossauros.";"3";"Invalid";"";"-2";"Missão única fora da categoria diária; geralmente envolve conselheiros, níveis ou eventos, sem contador de eventos";"NotActivated"
"event_2018_fall_3_17_sequential_hunt_02";"event_3_17";"Once";"False";"False";"Próximas Feras de Carga";"Cace 3 Bonussauros.";"3";"Invalid";"";"-2";"Missão única fora da categoria diária; geralmente envolve conselheiros, níveis ou eventos, sem contador de eventos";"NotActivated"
"event_2018_fall_3_17_sequential_hunt_03";"event_3_17";"Once";"False";"False";"Famosos Caçadores que Viraram Presas";"Cace 3 Velociraptores.";"3";"Invalid";"";"-2";"Missão única fora da categoria diária; geralmente envolve conselheiros, níveis ou eventos, sem contador de eventos";"NotActivated"
"event_2018_fall_3_17_sequential_hunt_04";"event_3_17";"Once";"False";"False";"Bandos de Cabeça Dura";"Cace 2 Estiracossauros.";"2";"Invalid";"";"-2";"Missão única fora da categoria diária; geralmente envolve conselheiros, níveis ou eventos, sem contador de eventos";"NotActivated"
"event_2018_fall_3_17_sequential_hunt_05";"event_3_17";"Once";"False";"False";"Uma vez na vida a velejar";"Cace 2 Dimetrodons.";"2";"Invalid";"";"-2";"Missão única fora da categoria diária; geralmente envolve conselheiros, níveis ou eventos, sem contador de eventos";"NotActivated"
"event_2018_fall_3_17_sequential_hunt_06";"event_3_17";"Once";"False";"False";"Quebrando o Inquebrável";"Caçar 1 Anquilossauro.";"1";"Invalid";"";"-2";"Missão única fora da categoria diária; geralmente envolve conselheiros, níveis ou eventos, sem contador de eventos";"NotActivated"
"event_2018_fall_3_17_sequential_hunt_07";"event_3_17";"Once";"False";"False";"Aprendendo a Flanquear";"Caçar 1 Mamute.";"1";"Invalid";"";"-2";"Missão única fora da categoria diária; geralmente envolve conselheiros, níveis ou eventos, sem contador de eventos";"NotActivated"
"event_2018_fall_3_17_sequential_hunt_08";"event_3_17";"Once";"False";"False";"Ataque, Corra, Repita";"Cace 1 Elefante Pequeno com Chifres";"1";"Invalid";"";"-2";"Missão única fora da categoria diária; geralmente envolve conselheiros, níveis ou eventos, sem contador de eventos";"NotActivated"
"event_2018_fall_3_17_skewer_craft_01";"event_3_17";"Once";"False";"False";"Lanchinho da noite";"Grelhe 10 espetos.";"10";"Invalid";"";"-2";"Missão única fora da categoria diária; geralmente envolve conselheiros, níveis ou eventos, sem contador de eventos";"NotActivated"
"event_2018_fall_3_17_skewer_craft_02";"event_3_17";"Once";"False";"False";"Alimente os amigos";"Grelhe 25 espetos.";"25";"Invalid";"";"-2";"Missão única fora da categoria diária; geralmente envolve conselheiros, níveis ou eventos, sem contador de eventos";"NotActivated"
"event_2018_fall_3_17_skewer_craft_03";"event_3_17";"Once";"False";"False";"Fazendo a festa";"Grelhe 50 espetos.";"50";"Invalid";"";"-2";"Missão única fora da categoria diária; geralmente envolve conselheiros, níveis ou eventos, sem contador de eventos";"NotActivated"
"event_2018_fall_3_17_skewer_craft_04";"event_3_17";"Once";"False";"False";"Equipe de bufê";"Grelhe 75 espetos.";"75";"Invalid";"";"-2";"Missão única fora da categoria diária; geralmente envolve conselheiros, níveis ou eventos, sem contador de eventos";"NotActivated"
"event_2018_fall_3_17_skewer_craft_05";"event_3_17";"Once";"False";"False";"Rodízio de Espeto";"Grelhe 100 espetos.";"100";"Invalid";"";"-2";"Missão única fora da categoria diária; geralmente envolve conselheiros, níveis ou eventos, sem contador de eventos";"NotActivated"
"event_2018_fall_3_17_stick_craft_01";"event_3_17";"Once";"False";"False";"Juntando isso";"Forme 5 bastões longos ao estender os bastões.";"5";"Invalid";"";"-2";"Missão única fora da categoria diária; geralmente envolve conselheiros, níveis ou eventos, sem contador de eventos";"NotActivated"
"event_2018_fall_3_17_stick_craft_02";"event_3_17";"Once";"False";"False";"Ponto de juntar";"Forme 10 bastões longos ao estender os bastões.";"10";"Invalid";"";"-2";"Missão única fora da categoria diária; geralmente envolve conselheiros, níveis ou eventos, sem contador de eventos";"NotActivated"
"event_2018_fall_3_17_stick_craft_03";"event_3_17";"Once";"False";"False";"Juntando tudo";"Forme 20 bastões longos ao estender os bastões.";"20";"Invalid";"";"-2";"Missão única fora da categoria diária; geralmente envolve conselheiros, níveis ou eventos, sem contador de eventos";"NotActivated"
"event_2018_fall_3_17_stick_craft_04";"event_3_17";"Once";"False";"False";"Ficando Junto";"Forme 30 bastões longos ao estender os bastões.";"30";"Invalid";"";"-2";"Missão única fora da categoria diária; geralmente envolve conselheiros, níveis ou eventos, sem contador de eventos";"NotActivated"
"event_2018_fall_3_17_stick_craft_05";"event_3_17";"Once";"False";"False";"Junte-se comigo";"Forme 50 bastões longos ao estender os bastões.";"50";"Invalid";"";"-2";"Missão única fora da categoria diária; geralmente envolve conselheiros, níveis ou eventos, sem contador de eventos";"NotActivated"
"event_1_constructing_cherryblossom";"event_cherry_blossom";"Once";"False";"False";"Construa Cerejeiras-Rei";"Tente usar a habilidade de construção para produzir uma muda de cerejeira-rei.";"1";"Invalid";"";"-2";"Missão única fora da categoria diária; geralmente envolve conselheiros, níveis ou eventos, sem contador de eventos";"NotActivated"
"event_1_constructing_road_cherryblossom";"event_cherry_blossom";"Once";"False";"False";"Construa Estradas de Flor de Cerejeira";"Use flores de cerejeira e flores de cerejeira donarium para construir estradas de flor de cerejeira.";"1";"Invalid";"";"-2";"Missão única fora da categoria diária; geralmente envolve conselheiros, níveis ou eventos, sem contador de eventos";"NotActivated"
"event_1_farming_cherry_01";"event_cherry_blossom";"Once";"False";"False";"Cultivando Cerejeiras";"Tente cultivar cerejeiras plantando-as em campos ou canteiros.";"1";"Invalid";"";"-2";"Missão única fora da categoria diária; geralmente envolve conselheiros, níveis ou eventos, sem contador de eventos";"NotActivated"
"event_1_farming_cherry_02";"event_cherry_blossom";"Once";"False";"False";"Cultivando Cerejeiras Donarium";"Tente aumentar o número de cerejeiras donarium plantando mudas em campos grandes ou canteiros.";"1";"Invalid";"";"-2";"Missão única fora da categoria diária; geralmente envolve conselheiros, níveis ou eventos, sem contador de eventos";"NotActivated"
"event_1_gathering_cherry";"event_cherry_blossom";"Once";"False";"False";"Cultivando Cerejeiras";"Colete cerejas das cerejeiras próximas.";"1";"Invalid";"";"-2";"Missão única fora da categoria diária; geralmente envolve conselheiros, níveis ou eventos, sem contador de eventos";"NotActivated"
"event_1_gathering_cherry_bough_01";"event_cherry_blossom";"Once";"False";"False";"Cultivando Cerejeiras Donarium";"Colete galhos de cerejeira e prepare-se para cultivar mudas de cerejeira donarium.";"1";"Invalid";"";"-2";"Missão única fora da categoria diária; geralmente envolve conselheiros, níveis ou eventos, sem contador de eventos";"NotActivated"
"event_1_gathering_cherry_bough_02";"event_cherry_blossom";"Once";"False";"False";"Construa Cerejeiras-Rei";"Colete galhos de cerejeira donarium e prepare-se para cultivar mudas de cerejeira-rei.";"1";"Invalid";"";"-2";"Missão única fora da categoria diária; geralmente envolve conselheiros, níveis ou eventos, sem contador de eventos";"NotActivated"
"event_1_gathering_cherryblossom_01";"event_cherry_blossom";"Once";"False";"False";"Construa Estradas de Flor de Cerejeira";"Colete flores de cerejeira para criar estradas de flor de cerejeira.";"1";"Invalid";"";"-2";"Missão única fora da categoria diária; geralmente envolve conselheiros, níveis ou eventos, sem contador de eventos";"NotActivated"
"event_1_gathering_cherryblossom_02";"event_cherry_blossom";"Once";"False";"False";"Construa Estradas de Flor de Cerejeira";"Colete flores de cerejeira donarium para criar estradas de flor de cerejeira.";"1";"Invalid";"";"-2";"Missão única fora da categoria diária; geralmente envolve conselheiros, níveis ou eventos, sem contador de eventos";"NotActivated"
"event_1_level_character_36";"event_cherry_blossom";"Once";"False";"False";"Visite a Ilha da Cerejeira";"Você pode visitar a Ilha da Cerejeira quando chegar ao Nv. 36.";"36";"Invalid";"";"-2";"Missão única fora da categoria diária; geralmente envolve conselheiros, níveis ou eventos, sem contador de eventos";"NotActivated"
"event_1_level_skill_constructing_15";"event_cherry_blossom";"Once";"False";"False";"Prepare-se para Construir Estradas de Flor de Cerejeira";"Você estará pronto para fazer os preparativos mais básicos e construir estradas de flor de cerejeira, quando a habilidade de construção do personagem chegar ao nv. 15.";"15";"Invalid";"";"-2";"Missão única fora da categoria diária; geralmente envolve conselheiros, níveis ou eventos, sem contador de eventos";"NotActivated"
"event_1_level_skill_constructing_20";"event_cherry_blossom";"Once";"False";"False";"Preparando para Construir Cerejeiras-Rei";"Você estará pronto para fazer os preparativos mais básicos e construir cerejeiras-rei, quando a habilidade de construção de seu personagem chegar ao nv. 20.";"20";"Invalid";"";"-2";"Missão única fora da categoria diária; geralmente envolve conselheiros, níveis ou eventos, sem contador de eventos";"NotActivated"
"event_1_level_skill_farming_20";"event_cherry_blossom";"Once";"False";"False";"Cultivando Cerejeiras";"Você estará pronto para fazer os preparativos mais básicos e cultivar cerejeiras e cerejeiras donarium, quando a habilidade de cultivo de seu personagem chegar ao nv. 20.";"20";"Invalid";"";"-2";"Missão única fora da categoria diária; geralmente envolve conselheiros, níveis ou eventos, sem contador de eventos";"NotActivated"
"event_1_process_grafting_01";"event_cherry_blossom";"Once";"False";"False";"Cultivando Cerejeiras Donarium";"Enxerte cerejeiras e prepare-se para cultivar mudas de cerejeira donarium.";"1";"Invalid";"";"-2";"Missão única fora da categoria diária; geralmente envolve conselheiros, níveis ou eventos, sem contador de eventos";"NotActivated"
"event_1_process_grafting_02";"event_cherry_blossom";"Once";"False";"False";"Construa Cerejeiras-Rei";"Enxerte cerejeiras donarium e prepare-se para plantar mudas de cerejeiras-rei.";"1";"Invalid";"";"-2";"Missão única fora da categoria diária; geralmente envolve conselheiros, níveis ou eventos, sem contador de eventos";"NotActivated"
"event_1_process_seeding_01";"event_cherry_blossom";"Once";"False";"False";"Cultivando Cerejeiras Donarium";"Plante algumas mudas de cerejeira donarium.";"1";"Invalid";"";"-2";"Missão única fora da categoria diária; geralmente envolve conselheiros, níveis ou eventos, sem contador de eventos";"NotActivated"
"event_1_process_seeding_02";"event_cherry_blossom";"Once";"False";"False";"Construa Cerejeiras-Rei";"Plante algumas mudas de cerejeira-rei.";"1";"Invalid";"";"-2";"Missão única fora da categoria diária; geralmente envolve conselheiros, níveis ou eventos, sem contador de eventos";"NotActivated"
"event_3_armorcrafting_100";"event_open_indonesia";"Once";"False";"False";"Criando Roupas";"Você vai receber um varal e um tear como recompensa, após criar roupas 100 vezes.";"100";"Invalid";"";"-2";"Missão única fora da categoria diária; geralmente envolve conselheiros, níveis ou eventos, sem contador de eventos";"NotActivated"
"event_3_butchery_100";"event_open_indonesia";"Once";"False";"False";"Esquartejamento";"Você vai receber uma faca de osso para trabalho como recompensa, após esquartejar 100 vezes.";"100";"Invalid";"";"-2";"Missão única fora da categoria diária; geralmente envolve conselheiros, níveis ou eventos, sem contador de eventos";"NotActivated"
"event_3_constructing_100";"event_open_indonesia";"Once";"False";"False";"Construindo Estruturas";"Você vai receber uma caixa de folhas exclusiva como recompensa, após construir 100 vezes.";"100";"Invalid";"";"-2";"Missão única fora da categoria diária; geralmente envolve conselheiros, níveis ou eventos, sem contador de eventos";"NotActivated"
"event_3_cooking_100";"event_open_indonesia";"Once";"False";"False";"Culinária";"Você vai receber um pão recheado com carne como recompensa, após cozinhar 100 vezes.";"100";"Invalid";"";"-2";"Missão única fora da categoria diária; geralmente envolve conselheiros, níveis ou eventos, sem contador de eventos";"NotActivated"
"event_3_farming_100";"event_open_indonesia";"Once";"False";"False";"Cultivo";"Você vai receber sementes de Rosa Mr. Lincoln como recompensa, após cultivar 100 vezes.";"100";"Invalid";"";"-2";"Missão única fora da categoria diária; geralmente envolve conselheiros, níveis ou eventos, sem contador de eventos";"NotActivated"
"event_3_gathering_100";"event_open_indonesia";"Once";"False";"False";"Coletando e Minerando";"Você vai receber um traje de investigador como recompensa, após coletar ou minerar 100 vezes.";"100";"Invalid";"";"-2";"Missão única fora da categoria diária; geralmente envolve conselheiros, níveis ou eventos, sem contador de eventos";"NotActivated"
"event_3_hunt_100";"event_open_indonesia";"Once";"False";"False";"Caçando Animais";"Você vai receber um traje de carrasco como recompensa após caçar 100 animais.";"100";"Invalid";"";"-2";"Missão única fora da categoria diária; geralmente envolve conselheiros, níveis ou eventos, sem contador de eventos";"NotActivated"
"event_3_process_100";"event_open_indonesia";"Once";"False";"False";"Processando Materiais";"Você vai receber um restaurador de fadiga como recompensa, após processar materiais 100 vezes.";"100";"Invalid";"";"-2";"Missão única fora da categoria diária; geralmente envolve conselheiros, níveis ou eventos, sem contador de eventos";"NotActivated"
"event_3_weaponcrafting_100";"event_open_indonesia";"Once";"False";"False";"Criação de Armas";"Você vai receber uma mesa de trabalho do artífice como recompensa, após criar armas/ferramentas 100 vezes.";"100";"Invalid";"";"-2";"Missão única fora da categoria diária; geralmente envolve conselheiros, níveis ou eventos, sem contador de eventos";"NotActivated"
"event_3_armorcrafting_100_qa";"event_open_indonesia_qa";"Once";"False";"False";"Criando Roupas";"Você vai receber um varal e um tear como recompensa, após criar roupas 100 vezes.";"100";"Invalid";"";"-2";"Missão única fora da categoria diária; geralmente envolve conselheiros, níveis ou eventos, sem contador de eventos";"NotActivated"
"event_3_butchery_100_qa";"event_open_indonesia_qa";"Once";"False";"False";"Esquartejamento";"Você vai receber uma faca de osso para trabalho como recompensa, após esquartejar 100 vezes.";"100";"Invalid";"";"-2";"Missão única fora da categoria diária; geralmente envolve conselheiros, níveis ou eventos, sem contador de eventos";"NotActivated"
"event_3_constructing_100_qa";"event_open_indonesia_qa";"Once";"False";"False";"Construindo Estruturas";"Você vai receber uma caixa de folhas exclusiva como recompensa, após construir 100 vezes.";"100";"Invalid";"";"-2";"Missão única fora da categoria diária; geralmente envolve conselheiros, níveis ou eventos, sem contador de eventos";"NotActivated"
"event_3_cooking_100_qa";"event_open_indonesia_qa";"Once";"False";"False";"Culinária";"Você vai receber um pão recheado com carne como recompensa, após cozinhar 100 vezes.";"100";"Invalid";"";"-2";"Missão única fora da categoria diária; geralmente envolve conselheiros, níveis ou eventos, sem contador de eventos";"NotActivated"
"event_3_farming_100_qa";"event_open_indonesia_qa";"Once";"False";"False";"Cultivo";"Você vai receber sementes de Rosa Mr. Lincoln como recompensa, após cultivar 100 vezes.";"100";"Invalid";"";"-2";"Missão única fora da categoria diária; geralmente envolve conselheiros, níveis ou eventos, sem contador de eventos";"NotActivated"
"event_3_gathering_100_qa";"event_open_indonesia_qa";"Once";"False";"False";"Coletando e Minerando";"Você vai receber um traje de investigador como recompensa, após coletar ou minerar 100 vezes.";"100";"Invalid";"";"-2";"Missão única fora da categoria diária; geralmente envolve conselheiros, níveis ou eventos, sem contador de eventos";"NotActivated"
"event_3_hunt_100_qa";"event_open_indonesia_qa";"Once";"False";"False";"Caçando Animais";"Você vai receber um traje de carrasco como recompensa após caçar 100 animais.";"100";"Invalid";"";"-2";"Missão única fora da categoria diária; geralmente envolve conselheiros, níveis ou eventos, sem contador de eventos";"NotActivated"
"event_3_process_100_qa";"event_open_indonesia_qa";"Once";"False";"False";"Processando Materiais";"Você vai receber um restaurador de fadiga como recompensa, após processar materiais 100 vezes.";"100";"Invalid";"";"-2";"Missão única fora da categoria diária; geralmente envolve conselheiros, níveis ou eventos, sem contador de eventos";"NotActivated"
"event_3_weaponcrafting_100_qa";"event_open_indonesia_qa";"Once";"False";"False";"Criação de Armas";"Você vai receber uma mesa de trabalho do artífice como recompensa, após criar armas/ferramentas 100 vezes.";"100";"Invalid";"";"-2";"Missão única fora da categoria diária; geralmente envolve conselheiros, níveis ou eventos, sem contador de eventos";"NotActivated"
"give_requested_note";"event_school_2019";"Once";"False";"False";"Anotações para o Mike";"Leve as anotações que encontrou em um arbusto de framboesas, da ilha da Escola Durango, para o Mike.";"1";"Invalid";"";"-2";"Missão única fora da categoria diária; geralmente envolve conselheiros, níveis ou eventos, sem contador de eventos";"NotActivated"
"give_requested_papers";"event_school_2019";"Once";"False";"False";"Documentos para o Professor";"Leve os documentos educacionais encontrados na floresta da ilha da Escola Durango ao Professor Suh.";"1";"Invalid";"";"-2";"Missão única fora da categoria diária; geralmente envolve conselheiros, níveis ou eventos, sem contador de eventos";"NotActivated"
"give_requested_wallet";"event_school_2019";"Once";"False";"False";"Uma Carteira para Yvonne";"Leve a carteira encontrada na floresta da ilha da Escola Durango para a Yvonne.";"1";"Invalid";"";"-2";"Missão única fora da categoria diária; geralmente envolve conselheiros, níveis ou eventos, sem contador de eventos";"NotActivated"
"event_2018_summer_start_01";"event_summer";"Once";"False";"False";"Boatos Duvidosos";"Chegar ao nível de personagem 46.";"46";"Invalid";"";"-2";"Missão única fora da categoria diária; geralmente envolve conselheiros, níveis ou eventos, sem contador de eventos";"NotActivated"
"event_2018_summer_start_02";"event_summer";"Once";"False";"False";"Ilha Duvidosa";"Velejar para os trópicos de nível 50.";"50";"Invalid";"";"-2";"Missão única fora da categoria diária; geralmente envolve conselheiros, níveis ou eventos, sem contador de eventos";"NotActivated"
"event_4_armorcrafting_01";"event_summer";"Once";"False";"False";"Criando Roupas";"Criar 15 peças de roupa.";"15";"Invalid";"";"-2";"Missão única fora da categoria diária; geralmente envolve conselheiros, níveis ou eventos, sem contador de eventos";"NotActivated"
"event_4_armorcrafting_02";"event_summer";"Once";"False";"False";"Criando Roupas";"Criar 35 peças de roupa.";"35";"Invalid";"";"-2";"Missão única fora da categoria diária; geralmente envolve conselheiros, níveis ou eventos, sem contador de eventos";"NotActivated"
"event_4_armorcrafting_03";"event_summer";"Once";"False";"False";"Criando Roupas";"Criar 80 peças de roupa.";"80";"Invalid";"";"-2";"Missão única fora da categoria diária; geralmente envolve conselheiros, níveis ou eventos, sem contador de eventos";"NotActivated"
"event_4_bamboo_01";"event_summer";"Once";"False";"False";"Fazendo Bolsas de Bambu";"Fazer 5 bolsas de bambu.";"5";"Invalid";"";"-2";"Missão única fora da categoria diária; geralmente envolve conselheiros, níveis ou eventos, sem contador de eventos";"NotActivated"
"event_4_butchery_01";"event_summer";"Once";"False";"False";"Esquartejamento";"Esquartejar 5 vezes.";"5";"Invalid";"";"-2";"Missão única fora da categoria diária; geralmente envolve conselheiros, níveis ou eventos, sem contador de eventos";"NotActivated"
"event_4_butchery_02";"event_summer";"Once";"False";"False";"Esquartejamento";"Esquartejar 15 vezes.";"15";"Invalid";"";"-2";"Missão única fora da categoria diária; geralmente envolve conselheiros, níveis ou eventos, sem contador de eventos";"NotActivated"
"event_4_butchery_03";"event_summer";"Once";"False";"False";"Esquartejamento";"Esquartejar 55 vezes.";"55";"Invalid";"";"-2";"Missão única fora da categoria diária; geralmente envolve conselheiros, níveis ou eventos, sem contador de eventos";"NotActivated"
"event_4_constructing_01";"event_summer";"Once";"False";"False";"Construindo Estruturas";"Edificar uma construção 15 vezes.";"15";"Invalid";"";"-2";"Missão única fora da categoria diária; geralmente envolve conselheiros, níveis ou eventos, sem contador de eventos";"NotActivated"
"event_4_constructing_02";"event_summer";"Once";"False";"False";"Construindo Estruturas";"Edificar uma construção 35 vezes.";"35";"Invalid";"";"-2";"Missão única fora da categoria diária; geralmente envolve conselheiros, níveis ou eventos, sem contador de eventos";"NotActivated"
"event_4_constructing_03";"event_summer";"Once";"False";"False";"Construindo Estruturas";"Edificar uma construção 80 vezes.";"80";"Invalid";"";"-2";"Missão única fora da categoria diária; geralmente envolve conselheiros, níveis ou eventos, sem contador de eventos";"NotActivated"
"event_4_cooking_01";"event_summer";"Once";"False";"False";"Culinária";"Cozinhar 15 vezes.";"15";"Invalid";"";"-2";"Missão única fora da categoria diária; geralmente envolve conselheiros, níveis ou eventos, sem contador de eventos";"NotActivated"
"event_4_cooking_02";"event_summer";"Once";"False";"False";"Culinária";"Cozinhar 35 vezes.";"35";"Invalid";"";"-2";"Missão única fora da categoria diária; geralmente envolve conselheiros, níveis ou eventos, sem contador de eventos";"NotActivated"
"event_4_cooking_03";"event_summer";"Once";"False";"False";"Culinária";"Cozinhar 80 vezes.";"80";"Invalid";"";"-2";"Missão única fora da categoria diária; geralmente envolve conselheiros, níveis ou eventos, sem contador de eventos";"NotActivated"
"event_4_farming_01";"event_summer";"Once";"False";"False";"Cultivo";"Cultivar 20 vezes.";"20";"Invalid";"";"-2";"Missão única fora da categoria diária; geralmente envolve conselheiros, níveis ou eventos, sem contador de eventos";"NotActivated"
"event_4_farming_02";"event_summer";"Once";"False";"False";"Cultivo";"Cultivar 50 vezes.";"50";"Invalid";"";"-2";"Missão única fora da categoria diária; geralmente envolve conselheiros, níveis ou eventos, sem contador de eventos";"NotActivated"
"event_4_farming_03";"event_summer";"Once";"False";"False";"Cultivo";"Cultivar 100 vezes.";"100";"Invalid";"";"-2";"Missão única fora da categoria diária; geralmente envolve conselheiros, níveis ou eventos, sem contador de eventos";"NotActivated"
"event_4_gathering_01";"event_summer";"Once";"False";"False";"Coletando e Minerando";"Coletar ou minerar 30 vezes.";"30";"Invalid";"";"-2";"Missão única fora da categoria diária; geralmente envolve conselheiros, níveis ou eventos, sem contador de eventos";"NotActivated"
"event_4_gathering_02";"event_summer";"Once";"False";"False";"Coletando e Minerando";"Coletar ou minerar 70 vezes.";"70";"Invalid";"";"-2";"Missão única fora da categoria diária; geralmente envolve conselheiros, níveis ou eventos, sem contador de eventos";"NotActivated"
"event_4_gathering_03";"event_summer";"Once";"False";"False";"Coletando e Minerando";"Coletar ou minerar 200 vezes.";"200";"Invalid";"";"-2";"Missão única fora da categoria diária; geralmente envolve conselheiros, níveis ou eventos, sem contador de eventos";"NotActivated"
"event_4_hunt_01";"event_summer";"Once";"False";"False";"Caçando Animais";"Caçar 15 animais.";"15";"Invalid";"";"-2";"Missão única fora da categoria diária; geralmente envolve conselheiros, níveis ou eventos, sem contador de eventos";"NotActivated"
"event_4_hunt_02";"event_summer";"Once";"False";"False";"Caçando Animais";"Caçar 35 animais.";"35";"Invalid";"";"-2";"Missão única fora da categoria diária; geralmente envolve conselheiros, níveis ou eventos, sem contador de eventos";"NotActivated"
"event_4_hunt_03";"event_summer";"Once";"False";"False";"Caçando Animais";"Caçar 80 animais.";"80";"Invalid";"";"-2";"Missão única fora da categoria diária; geralmente envolve conselheiros, níveis ou eventos, sem contador de eventos";"NotActivated"
"event_4_process_01";"event_summer";"Once";"False";"False";"Processando Materiais";"Processar materiais 5 vezes.";"5";"Invalid";"";"-2";"Missão única fora da categoria diária; geralmente envolve conselheiros, níveis ou eventos, sem contador de eventos";"NotActivated"
"event_4_process_02";"event_summer";"Once";"False";"False";"Processando Materiais";"Processar materiais 15 vezes.";"15";"Invalid";"";"-2";"Missão única fora da categoria diária; geralmente envolve conselheiros, níveis ou eventos, sem contador de eventos";"NotActivated"
"event_4_process_03";"event_summer";"Once";"False";"False";"Processando Materiais";"Processar materiais 55 vezes.";"55";"Invalid";"";"-2";"Missão única fora da categoria diária; geralmente envolve conselheiros, níveis ou eventos, sem contador de eventos";"NotActivated"
"event_4_road_shell_01";"event_summer";"Once";"False";"False";"Fazendo Estradas de Conchas";"Fazer 5 estradas de conchas.";"5";"Invalid";"";"-2";"Missão única fora da categoria diária; geralmente envolve conselheiros, níveis ou eventos, sem contador de eventos";"NotActivated"
"event_4_watermelon_cooking_01";"event_summer";"Once";"False";"False";"Fazendo Ponche de Melancia";"Fazer 5 ponches de melancia.";"5";"Invalid";"";"-2";"Missão única fora da categoria diária; geralmente envolve conselheiros, níveis ou eventos, sem contador de eventos";"NotActivated"
"event_4_watermelon_cooking_02";"event_summer";"Once";"False";"False";"Fazendo Ponche de Melancia";"Fazer 20 ponches de melancia.";"20";"Invalid";"";"-2";"Missão única fora da categoria diária; geralmente envolve conselheiros, níveis ou eventos, sem contador de eventos";"NotActivated"
"event_4_watermelon_cooking_03";"event_summer";"Once";"False";"False";"Fazendo Ponche de Melancia";"Fazer 50 ponches de melancia.";"50";"Invalid";"";"-2";"Missão única fora da categoria diária; geralmente envolve conselheiros, níveis ou eventos, sem contador de eventos";"NotActivated"
"event_4_watermelon_cooking_04";"event_summer";"Once";"False";"False";"Fazendo Gelo Raspado Sabor Melancia";"Fazer 5 gelos raspados sabor melancia.";"5";"Invalid";"";"-2";"Missão única fora da categoria diária; geralmente envolve conselheiros, níveis ou eventos, sem contador de eventos";"NotActivated"
"event_4_watermelon_cooking_05";"event_summer";"Once";"False";"False";"Fazendo Gelo Raspado Sabor Melancia";"Fazer 20 gelos raspados sabor melancia.";"20";"Invalid";"";"-2";"Missão única fora da categoria diária; geralmente envolve conselheiros, níveis ou eventos, sem contador de eventos";"NotActivated"
"event_4_watermelon_cooking_06";"event_summer";"Once";"False";"False";"Fazendo Gelo Raspado Sabor Melancia";"Fazer 50 gelos raspados sabor melancia.";"50";"Invalid";"";"-2";"Missão única fora da categoria diária; geralmente envolve conselheiros, níveis ou eventos, sem contador de eventos";"NotActivated"
"event_4_watermelon_farming_01";"event_summer";"Once";"False";"False";"Plantando Sementes de Melancia";"Plantar 1 semente de melancia.";"1";"Invalid";"";"-2";"Missão única fora da categoria diária; geralmente envolve conselheiros, níveis ou eventos, sem contador de eventos";"NotActivated"
"event_4_watermelon_farming_02";"event_summer";"Once";"False";"False";"Plantando Sementes de Melancia";"Plantar 10 sementes de melancia.";"10";"Invalid";"";"-2";"Missão única fora da categoria diária; geralmente envolve conselheiros, níveis ou eventos, sem contador de eventos";"NotActivated"
"event_4_watermelon_farming_03";"event_summer";"Once";"False";"False";"Plantando Sementes de Melancia";"Plantar 50 sementes de melancia.";"50";"Invalid";"";"-2";"Missão única fora da categoria diária; geralmente envolve conselheiros, níveis ou eventos, sem contador de eventos";"NotActivated"
"event_4_weaponcrafting_01";"event_summer";"Once";"False";"False";"Criação de Armas";"Criar 15 armas.";"15";"Invalid";"";"-2";"Missão única fora da categoria diária; geralmente envolve conselheiros, níveis ou eventos, sem contador de eventos";"NotActivated"
"event_4_weaponcrafting_02";"event_summer";"Once";"False";"False";"Criação de Armas";"Criar 35 armas.";"35";"Invalid";"";"-2";"Missão única fora da categoria diária; geralmente envolve conselheiros, níveis ou eventos, sem contador de eventos";"NotActivated"
"event_4_weaponcrafting_03";"event_summer";"Once";"False";"False";"Criação de Armas";"Criar 80 armas.";"80";"Invalid";"";"-2";"Missão única fora da categoria diária; geralmente envolve conselheiros, níveis ou eventos, sem contador de eventos";"NotActivated"
"fools_poster_01";"foolsday_2019";"Once";"False";"False";"Memórias de Amizade";"Colete 4 pedaços do Compsognato ou Phenacodus de papel que invadiram as Ilhas Civilizadas.";"4";"Invalid";"";"-2";"Missão única fora da categoria diária; geralmente envolve conselheiros, níveis ou eventos, sem contador de eventos";"NotActivated"
"fools_poster_02";"foolsday_2019";"Once";"False";"False";"Memórias de Batalha";"Colete 10 pedaços do Capitão Compsognato ou Capitão Phenacodus de papel que invadiram as Ilhas Civilizadas.";"10";"Invalid";"";"-2";"Missão única fora da categoria diária; geralmente envolve conselheiros, níveis ou eventos, sem contador de eventos";"NotActivated"
"globe_event_2019_01";"globe_event_2019";"Once";"False";"False";"As Terras Selvagens São Perigosas Sem Companhia 1";"Entre em um clã e faça <em>Doações ao Clã</em>. Você pode aprender a fazer um globo.";"1";"Invalid";"";"-2";"Missão única fora da categoria diária; geralmente envolve conselheiros, níveis ou eventos, sem contador de eventos";"NotActivated"
"globe_event_2019_02";"globe_event_2019";"Daily";"False";"False";"[Diário] Sorriam Juntos";"Anima outros pioneiros. Garante o Efeito de Ânimo.";"1";"Invalid";"";"-2";"Fora da categoria diária (eventos, Natal, cidades etc.); indisponível nesta fase";"NotActivated"
"globe_event_2019_03";"globe_event_2019";"Daily";"False";"False";"[Diário] Pelo bem do Clã";"Doe para o clã. Doações serão úteis para suas melhorias.";"1";"Invalid";"";"-2";"Fora da categoria diária (eventos, Natal, cidades etc.); indisponível nesta fase";"NotActivated"
"globe_event_2019_04";"globe_event_2019";"Once";"False";"False";"O Velho Mundo 1";"Alcance a meta de <em>amigos</em>. Você pode conseguir um batente para decoração interna de casas.";"1";"Invalid";"";"-2";"Missão única fora da categoria diária; geralmente envolve conselheiros, níveis ou eventos, sem contador de eventos";"NotActivated"
"globe_event_2019_05";"globe_event_2019";"Once";"False";"False";"A Casa dos Sonhos Durango 1";"Alcance o <em>Nv. 20 de Habilidade de Construção </em>. Você pode conseguir materiais para a construção de uma casa.";"20";"Invalid";"";"-2";"Missão única fora da categoria diária; geralmente envolve conselheiros, níveis ou eventos, sem contador de eventos";"NotActivated"
"globe_event_2019_06";"globe_event_2019";"Once";"False";"False";"A Casa dos Sonhos Durango 2";"Após obter um <em>Material para Teto I</em> em Habilidade de Construção -> Categoria de Material de Construção, construa um Material para Teto.";"1";"Invalid";"";"-2";"Missão única fora da categoria diária; geralmente envolve conselheiros, níveis ou eventos, sem contador de eventos";"NotActivated"
"globe_event_2019_07";"globe_event_2019";"Once";"False";"False";"A Casa dos Sonhos Durango 3";"Após obter um <em>Material para Parede I</em> em Habilidade de Construção -> Categoria de Material de Construção, construa um Material para Parede.";"1";"Invalid";"";"-2";"Missão única fora da categoria diária; geralmente envolve conselheiros, níveis ou eventos, sem contador de eventos";"NotActivated"
"globe_event_2019_08";"globe_event_2019";"Once";"False";"False";"A Casa dos Sonhos Durango 4";"Após obter um <em>Material para Piso I</em> em Habilidade de Construção -> Categoria de Material de Construção, construa um Material para Piso.";"1";"Invalid";"";"-2";"Missão única fora da categoria diária; geralmente envolve conselheiros, níveis ou eventos, sem contador de eventos";"NotActivated"
"globe_event_2019_09";"globe_event_2019";"Once";"False";"False";"A Casa dos Sonhos Durango 5";"Construa uma <em>Casa</em>. Tome posse do espaço.";"1";"Invalid";"";"-2";"Missão única fora da categoria diária; geralmente envolve conselheiros, níveis ou eventos, sem contador de eventos";"NotActivated"
"globe_event_2019_10";"globe_event_2019";"Once";"False";"False";"O Velho Mundo 2";"Cace animais em um Mar Temperado de Nv. 20 em grupo. Você pode conseguir um batente para decoração interna de casas.";"20";"Invalid";"";"-2";"Missão única fora da categoria diária; geralmente envolve conselheiros, níveis ou eventos, sem contador de eventos";"NotActivated"
"globe_event_2019_11";"globe_event_2019";"Once";"False";"False";"Por Mais Espaço 1";"Alcance o <em>Nv. 35 da Habilidade de Construção</em>. Você pode construir uma casa maior.";"35";"Invalid";"";"-2";"Missão única fora da categoria diária; geralmente envolve conselheiros, níveis ou eventos, sem contador de eventos";"NotActivated"
"globe_event_2019_12";"globe_event_2019";"Once";"False";"False";"Por Mais Espaço 2";"Construa uma casa 3x3. Isso permitirá que você pendure o mapa-múndi na sua parede.";"3";"Invalid";"";"-2";"Missão única fora da categoria diária; geralmente envolve conselheiros, níveis ou eventos, sem contador de eventos";"NotActivated"
"globe_event_2019_13";"globe_event_2019";"Once";"False";"False";"O Velho Mundo 3";"Cace animais em um Mar Deserto de Nv. 35 em grupo. Você pode conseguir um batente para decoração interna de casas.";"35";"Invalid";"";"-2";"Missão única fora da categoria diária; geralmente envolve conselheiros, níveis ou eventos, sem contador de eventos";"NotActivated"
"homeparty_2019_01";"home_party_2019";"Once";"False";"False";"Dê uma Festa em Casa!";"Cultiva cravos e rosas brancas e prepara para a sua festa em casa.";"1";"Invalid";"";"-2";"Missão única fora da categoria diária; geralmente envolve conselheiros, níveis ou eventos, sem contador de eventos";"NotActivated"
"homeparty_2019_02";"home_party_2019";"Once";"False";"False";"Cerca de Rosas Brancas";"Criar 10 Cercas de Rosas Brancas";"10";"Invalid";"";"-2";"Missão única fora da categoria diária; geralmente envolve conselheiros, níveis ou eventos, sem contador de eventos";"NotActivated"
"homeparty_2019_03";"home_party_2019";"Once";"False";"False";"Cerca de Cravos";"Criar 10 Cercas de Cravos";"10";"Invalid";"";"-2";"Missão única fora da categoria diária; geralmente envolve conselheiros, níveis ou eventos, sem contador de eventos";"NotActivated"
"homeparty_2019_04";"home_party_2019";"Once";"False";"False";"Nada melhor que a Festa da Carne.";"Fazer 30 Bifes rosa.";"30";"Invalid";"";"-2";"Missão única fora da categoria diária; geralmente envolve conselheiros, níveis ou eventos, sem contador de eventos";"NotActivated"
"homeparty_2019_05";"home_party_2019";"Once";"False";"False";"O que é uma festa sem um bolo?";"Fazer 30 Bolos de Cravo.";"30";"Invalid";"";"-2";"Missão única fora da categoria diária; geralmente envolve conselheiros, níveis ou eventos, sem contador de eventos";"NotActivated"
"homeparty_2019_06";"home_party_2019";"Once";"False";"False";"Quitutes para todos";"Listar 20 Bolos de Cravo no Mercado.";"20";"Invalid";"";"-2";"Missão única fora da categoria diária; geralmente envolve conselheiros, níveis ou eventos, sem contador de eventos";"NotActivated"
"homeparty_2019_07";"home_party_2019";"Once";"False";"False";"Obter Rosas Brancas";"Plantar 1 Semente de Rosa Branca.";"1";"Invalid";"";"-2";"Missão única fora da categoria diária; geralmente envolve conselheiros, níveis ou eventos, sem contador de eventos";"NotActivated"
"homeparty_2019_08";"home_party_2019";"Once";"False";"False";"Obter Cravos";"Plantar 1 Semente de Cravo";"1";"Invalid";"";"-2";"Missão única fora da categoria diária; geralmente envolve conselheiros, níveis ou eventos, sem contador de eventos";"NotActivated"
"jasmine_event_01";"jasmine_event";"Once";"False";"False";"Cultivo de Jasmim";"Alcance nível 10 de jogador na preparação para o Evento Cultivo de Jasmim.";"10";"Invalid";"";"-2";"Missão única fora da categoria diária; geralmente envolve conselheiros, níveis ou eventos, sem contador de eventos";"NotActivated"
"jasmine_event_02";"jasmine_event";"Once";"False";"False";"Cultivo de Jasmim 1";"Alcance nível 10 de cultivo e plante sementes de jasmim.";"10";"Invalid";"";"-2";"Missão única fora da categoria diária; geralmente envolve conselheiros, níveis ou eventos, sem contador de eventos";"NotActivated"
"jasmine_event_03";"jasmine_event";"Once";"False";"False";"Cultivo de Jasmim 2";"Plante sementes de Jasmim.";"1";"Invalid";"";"-2";"Missão única fora da categoria diária; geralmente envolve conselheiros, níveis ou eventos, sem contador de eventos";"NotActivated"
"jasmine_event_04";"jasmine_event";"Once";"False";"False";"Cultivo de Jasmim 3";"Colete Flores de jasmim.";"1";"Invalid";"";"-2";"Missão única fora da categoria diária; geralmente envolve conselheiros, níveis ou eventos, sem contador de eventos";"NotActivated"
"jasmine_event_05";"jasmine_event";"Once";"False";"False";"Fazendo Lei de Jasmim";"Alcance nível 10 de alfaiataria e fabrique um lei de jasmim.";"10";"Invalid";"";"-2";"Missão única fora da categoria diária; geralmente envolve conselheiros, níveis ou eventos, sem contador de eventos";"NotActivated"
"jasmine_event_06";"jasmine_event";"Once";"False";"False";"Fazendo um Vestido de Flor de Jasmim";"Alcance nível 10 de alfaiataria e fabriqure um vestido de jasmim.";"10";"Invalid";"";"-2";"Missão única fora da categoria diária; geralmente envolve conselheiros, níveis ou eventos, sem contador de eventos";"NotActivated"
"jasmine_event_07";"jasmine_event";"Once";"False";"False";"Preparando Chá de Jasmim";"Alcance nível 10 de culinária e prepare chá de jasmim.";"10";"Invalid";"";"-2";"Missão única fora da categoria diária; geralmente envolve conselheiros, níveis ou eventos, sem contador de eventos";"NotActivated"
"jasmine_event_08";"jasmine_event";"Once";"False";"False";"Grelhando Peixe de Jasmim";"Alcance nível 10 de culinária e cozinhe peixe grelhado de jasmim.";"10";"Invalid";"";"-2";"Missão única fora da categoria diária; geralmente envolve conselheiros, níveis ou eventos, sem contador de eventos";"NotActivated"
"jokbo_quest_01";"jokbo_quest";"Once";"False";"False";"De Volta às Raízes";"Como os outros pioneiros ficaram tão poderosos?!";"1";"Invalid";"";"-2";"Missão única fora da categoria diária; geralmente envolve conselheiros, níveis ou eventos, sem contador de eventos";"NotActivated"
"jokbo_quest_02";"jokbo_quest";"Once";"False";"False";"Encontre o Pedigree de Força";"Dica de Exploração: A doçura se esconde em casca amarela, fios brancos são tecidos das fibras dela.";"1";"Invalid";"";"-2";"Missão única fora da categoria diária; geralmente envolve conselheiros, níveis ou eventos, sem contador de eventos";"NotActivated"
"jokbo_quest_03";"jokbo_quest";"Once";"False";"False";"Encontre o Pedigree de Resistência";"Dica de Exploração: O que parece uma fruta é na verdade uma flor, a tal é pequena, vermelha e azedo é seu sabor.";"1";"Invalid";"";"-2";"Missão única fora da categoria diária; geralmente envolve conselheiros, níveis ou eventos, sem contador de eventos";"NotActivated"
"jokbo_quest_04";"jokbo_quest";"Once";"False";"False";"Encontre o Pedigree de Agilidade";"Dica de Exploração: Refresca um príncipe com sua copa frondosa, uma árvore grudenta cuja seiva é pegajosa.";"1";"Invalid";"";"-2";"Missão única fora da categoria diária; geralmente envolve conselheiros, níveis ou eventos, sem contador de eventos";"NotActivated"
"jokbo_quest_05";"jokbo_quest";"Once";"False";"False";"Encontre o Pedigree de Vontade";"Dica de Exploração: Espinhos terríveis essas plantas podem usar, para o líquido da vida dentro delas guardar.";"1";"Invalid";"";"-2";"Missão única fora da categoria diária; geralmente envolve conselheiros, níveis ou eventos, sem contador de eventos";"NotActivated"
"jokbo_quest_06";"jokbo_quest";"Once";"False";"False";"Encontre o Pedigree de Destreza";"Dica de Exploração: Uma árvore que não é tão confusa quanto parece e seus galhos, de frutos vermelhos não carecem.";"1";"Invalid";"";"-2";"Missão única fora da categoria diária; geralmente envolve conselheiros, níveis ou eventos, sem contador de eventos";"NotActivated"
"jokbo_quest_07";"jokbo_quest";"Once";"False";"False";"Encontre o Pedigree de Percepção";"Dica de Exploração: Apesar dessa beleza com seu enorme tamanho vencer, seu fedor junta moscas e faz padecer.";"1";"Invalid";"";"-2";"Missão única fora da categoria diária; geralmente envolve conselheiros, níveis ou eventos, sem contador de eventos";"NotActivated"
"jokbo_quest_08";"jokbo_quest";"Once";"False";"False";"Encontre o Pedigree de Carisma";"Dica de Exploração: As raízes dessa árvore são muletas que não a deixam cair, sem lactose é o leite que tal irá produzir.";"1";"Invalid";"";"-2";"Missão única fora da categoria diária; geralmente envolve conselheiros, níveis ou eventos, sem contador de eventos";"NotActivated"
"jokbo_quest_09";"jokbo_quest";"Once";"False";"False";"Um Pedigree Entre Muitos";"Crie 1 árvore genealógica dourada.";"1";"Invalid";"";"-2";"Missão única fora da categoria diária; geralmente envolve conselheiros, níveis ou eventos, sem contador de eventos";"NotActivated"
"event_newyear_2019_quest_01";"newyear_2019_quest";"Once";"False";"False";"Colete Ponche de Arroz no Poço";"Colete ponche de arroz de um poço de ponche de arroz.";"1";"Invalid";"";"-2";"Missão única fora da categoria diária; geralmente envolve conselheiros, níveis ou eventos, sem contador de eventos";"NotActivated"
"event_newyear_2019_quest_03";"newyear_2019_quest";"Once";"False";"False";"Um Saboroso Brinde de Ano Novo";"Construa um poço de ponche de arroz.";"1";"Invalid";"";"-2";"Missão única fora da categoria diária; geralmente envolve conselheiros, níveis ou eventos, sem contador de eventos";"NotActivated"
"event_newyear_2019_quest_04";"newyear_2019_quest";"Once";"False";"False";"Compartilhar para Melhor Saborear";"Colete ponche de arroz de um poço de ponche de arroz.";"1";"Invalid";"";"-2";"Missão única fora da categoria diária; geralmente envolve conselheiros, níveis ou eventos, sem contador de eventos";"NotActivated"
"event_newyear_2019_quest_05";"newyear_2019_quest";"Once";"False";"False";"Um Ano Mais Velho";"Crie 1 sopa de bolinhos de arroz.";"1";"Invalid";"";"-2";"Missão única fora da categoria diária; geralmente envolve conselheiros, níveis ou eventos, sem contador de eventos";"NotActivated"
"event_newyear_2019_quest_06";"newyear_2019_quest";"Once";"False";"False";"Só Mais Uma Tigela...";"Crie 1 sopa de bolinhos de arroz recheados";"1";"Invalid";"";"-2";"Missão única fora da categoria diária; geralmente envolve conselheiros, níveis ou eventos, sem contador de eventos";"NotActivated"
"advisor_achieved";"permanent";"Once";"False";"False";"Secundarista da Rádio Universidade";"Complete um curso no Guia de Carreiras.";"1";"Invalid";"";"-2";"Missão única fora da categoria diária; geralmente envolve conselheiros, níveis ou eventos, sem contador de eventos";"NotActivated"
"advisor_achieved_10";"permanent";"Once";"False";"False";"Veterano da Rádio Universidade";"Complete 10 cursos no Guia de Carreiras.";"10";"Invalid";"";"-2";"Missão única fora da categoria diária; geralmente envolve conselheiros, níveis ou eventos, sem contador de eventos";"NotActivated"
"advisor_achieved_3";"permanent";"Once";"False";"False";"Terceiranista da Rádio Universidade";"Complete 3 cursos no Guia de Carreiras.";"3";"Invalid";"";"-2";"Missão única fora da categoria diária; geralmente envolve conselheiros, níveis ou eventos, sem contador de eventos";"NotActivated"
"advisor_armorcrafting_explorer_master";"permanent";"Once";"False";"False";"Mestre em Roupas de Pioneiro";"Complete o trajeto Estilo Pioneiro: Roupas e Clima";"1";"Invalid";"";"-2";"Missão única fora da categoria diária; geralmente envolve conselheiros, níveis ou eventos, sem contador de eventos";"NotActivated"
"advisor_armorcrafting_hunter_master";"permanent";"Once";"False";"False";"Mestre em Roupas de Guerreiro";"Complete o trajeto Estilo Guerreiro: Segurança Nacional";"1";"Invalid";"";"-2";"Missão única fora da categoria diária; geralmente envolve conselheiros, níveis ou eventos, sem contador de eventos";"NotActivated"
"advisor_armorcrafting_settler_master";"permanent";"Once";"False";"False";"Mestre em Roupas de Colono";"Complete o trajeto Estilo Colono: Dinâmica Social";"1";"Invalid";"";"-2";"Missão única fora da categoria diária; geralmente envolve conselheiros, níveis ou eventos, sem contador de eventos";"NotActivated"
"advisor_baking_master";"permanent";"Once";"False";"False";"Mestre em Assar";"Complete o trajeto A Euforia dos Assados Fresquinhos";"1";"Invalid";"";"-2";"Missão única fora da categoria diária; geralmente envolve conselheiros, níveis ou eventos, sem contador de eventos";"NotActivated"
"advisor_combat_butchery_master";"permanent";"Once";"False";"False";"Mestre em Esquartejamento";"Complete o trajeto Biologia Molecular Animal";"1";"Invalid";"";"-2";"Missão única fora da categoria diária; geralmente envolve conselheiros, níveis ou eventos, sem contador de eventos";"NotActivated"
"advisor_combat_onehand_master";"permanent";"Once";"False";"False";"Mestre em Combate com Uma Mão";"Complete o trajeto Combate com Uma Mão: Psicologia Criminal";"1";"Invalid";"";"-2";"Missão única fora da categoria diária; geralmente envolve conselheiros, níveis ou eventos, sem contador de eventos";"NotActivated"
"advisor_combat_ranged_master";"permanent";"Once";"False";"False";"Mestre em Arco e Flecha";"Complete o trajeto Arco e Flecha e a Teoria da Relatividade";"1";"Invalid";"";"-2";"Missão única fora da categoria diária; geralmente envolve conselheiros, níveis ou eventos, sem contador de eventos";"NotActivated"
"advisor_combat_twohand_master";"permanent";"Once";"False";"False";"Mestre em Combate com Duas Mãos";"Complete o trajeto Combate com Duas Mãos: Ética do Campo de Batalha.";"1";"Invalid";"";"-2";"Missão única fora da categoria diária; geralmente envolve conselheiros, níveis ou eventos, sem contador de eventos";"NotActivated"
"advisor_constructing_building_master";"permanent";"Once";"False";"False";"Mestre em Construção";"Complete o trajeto Arquitetura Cultural Urbana";"1";"Invalid";"";"-2";"Missão única fora da categoria diária; geralmente envolve conselheiros, níveis ou eventos, sem contador de eventos";"NotActivated"
"advisor_constructing_furniture_master";"permanent";"Once";"False";"False";"Mestre em Fabricação de Móveis";"Complete o trajeto Design de Móveis";"1";"Invalid";"";"-2";"Missão única fora da categoria diária; geralmente envolve conselheiros, níveis ou eventos, sem contador de eventos";"NotActivated"
"advisor_cooking_master";"permanent";"Once";"False";"False";"Mestre em Culinária";"Complete o trajeto Gerenciamento da Cozinha";"1";"Invalid";"";"-2";"Missão única fora da categoria diária; geralmente envolve conselheiros, níveis ou eventos, sem contador de eventos";"NotActivated"
"advisor_farming_master";"permanent";"Once";"False";"False";"Mestre em Cultivo";"Complete o trajeto Colhendo a Hélice";"1";"Invalid";"";"-2";"Missão única fora da categoria diária; geralmente envolve conselheiros, níveis ou eventos, sem contador de eventos";"NotActivated"
"advisor_gathering_mineral_master";"permanent";"Once";"False";"False";"Mestre em Mineração";"Complete o trajeto Mineralogia Externa";"1";"Invalid";"";"-2";"Missão única fora da categoria diária; geralmente envolve conselheiros, níveis ou eventos, sem contador de eventos";"NotActivated"
"advisor_gathering_plants_master";"permanent";"Once";"False";"False";"Mestre em Coleta de Plantas";"Complete o trajeto Ecologia Florestal";"1";"Invalid";"";"-2";"Missão única fora da categoria diária; geralmente envolve conselheiros, níveis ou eventos, sem contador de eventos";"NotActivated"
"advisor_pharmacy_master";"permanent";"Once";"False";"False";"Mestre na Fabricação de Remédios";"Complete o trajeto Remédios Fitoterápicos";"1";"Invalid";"";"-2";"Missão única fora da categoria diária; geralmente envolve conselheiros, níveis ou eventos, sem contador de eventos";"NotActivated"
"advisor_selected";"permanent";"Once";"False";"False";"Calouro da Rádio Universidade";"Selecione um dos Guia de Carreiras e toque em <em>Iniciar Guia</em>.";"1";"Invalid";"";"-2";"Missão única fora da categoria diária; geralmente envolve conselheiros, níveis ou eventos, sem contador de eventos";"NotActivated"
"advisor_weaponcrafting_axe_master";"permanent";"Once";"False";"False";"Mestre em Fabricação de Machados";"Complete o trajeto Produção Avançada de Machado";"1";"Invalid";"";"-2";"Missão única fora da categoria diária; geralmente envolve conselheiros, níveis ou eventos, sem contador de eventos";"NotActivated"
"advisor_weaponcrafting_bow_master";"permanent";"Once";"False";"False";"Mestre em Fabricação de Arcos";"Complete o trajeto Produção Avançada de Arcos";"1";"Invalid";"";"-2";"Missão única fora da categoria diária; geralmente envolve conselheiros, níveis ou eventos, sem contador de eventos";"NotActivated"
"advisor_weaponcrafting_hammer_master";"permanent";"Once";"False";"False";"Mestre em Fabricação de Martelos";"Complete o trajeto Produção Avançada de Arma Contundente";"1";"Invalid";"";"-2";"Missão única fora da categoria diária; geralmente envolve conselheiros, níveis ou eventos, sem contador de eventos";"NotActivated"
"advisor_weaponcrafting_sword_master";"permanent";"Once";"False";"False";"Mestre em Fabricação de Espadas";"Complete o trajeto Produção Avançada de Espadas";"1";"Invalid";"";"-2";"Missão única fora da categoria diária; geralmente envolve conselheiros, níveis ou eventos, sem contador de eventos";"NotActivated"
"appletree_01";"permanent";"Once";"False";"False";"Macieira";"Plante uma <em>Semente de Maçã</em>.";"1";"Invalid";"";"-2";"Missão única fora da categoria diária; geralmente envolve conselheiros, níveis ou eventos, sem contador de eventos";"NotActivated"
"ending_climate_01";"permanent";"Once";"False";"False";"Formando Tempestades";"O tempo violento está consumindo as ilhas de Durango. Alguma coisa está errada.";"1";"Invalid";"";"-2";"Missão única fora da categoria diária; geralmente envolve conselheiros, níveis ou eventos, sem contador de eventos";"NotActivated"
"estate_declare";"permanent";"Once";"False";"False";"Domínio";"Declare um Domínio.";"1";"Invalid";"";"-2";"Missão única fora da categoria diária; geralmente envolve conselheiros, níveis ou eventos, sem contador de eventos";"NotActivated"
"estate_declare_urban";"permanent";"Once";"False";"False";"Domínio Civilizado";"Declare um Domínio em uma Ilha Civilizada.";"1";"Invalid";"";"-2";"Missão única fora da categoria diária; geralmente envolve conselheiros, níveis ou eventos, sem contador de eventos";"NotActivated"
"estate_expand";"permanent";"Once";"False";"False";"Ampliar Domínio";"Amplie o seu Domínio em 2 ou mais espaços.";"2";"Invalid";"";"-2";"Missão única fora da categoria diária; geralmente envolve conselheiros, níveis ou eventos, sem contador de eventos";"NotActivated"
"finish_epic_story";"permanent";"Once";"False";"False";"Registro Diário Completo";"Termine o <em>Capítulo 8</em> em seu<ref>ui://Story, Registro Diário</ref>.";"8";"Invalid";"";"-2";"Missão única fora da categoria diária; geralmente envolve conselheiros, níveis ou eventos, sem contador de eventos";"NotActivated"
"milestone_collect_butchery_1";"permanent";"Once";"False";"False";"Acontecimento: Esquartejamento";"Esquarteje um animal de nível 60 ou superior";"60";"Invalid";"";"-2";"Missão única fora da categoria diária; geralmente envolve conselheiros, níveis ou eventos, sem contador de eventos";"NotActivated"
"milestone_collect_butchery_2";"permanent";"Once";"False";"False";"Acontecimento: Esquartejamento";"Esquarteje um animal de nível 60 ou superior";"60";"Invalid";"";"-2";"Missão única fora da categoria diária; geralmente envolve conselheiros, níveis ou eventos, sem contador de eventos";"NotActivated"
"milestone_collect_butchery_3";"permanent";"Once";"False";"False";"Acontecimento: Esquartejamento";"Esquarteje um animal de nível 60 ou superior";"60";"Invalid";"";"-2";"Missão única fora da categoria diária; geralmente envolve conselheiros, níveis ou eventos, sem contador de eventos";"NotActivated"
"milestone_collect_butchery_4";"permanent";"Once";"False";"False";"Acontecimento: Esquartejamento";"Esquarteje um animal de nível 60 ou superior";"60";"Invalid";"";"-2";"Missão única fora da categoria diária; geralmente envolve conselheiros, níveis ou eventos, sem contador de eventos";"NotActivated"
"milestone_collect_mineral_1";"permanent";"Once";"False";"False";"Acontecimento: Mineração";"Colete um mineral de nível 60 ou superior";"60";"Invalid";"";"-2";"Missão única fora da categoria diária; geralmente envolve conselheiros, níveis ou eventos, sem contador de eventos";"NotActivated"
"milestone_collect_mineral_2";"permanent";"Once";"False";"False";"Acontecimento: Mineração";"Colete um mineral de nível 60 ou superior";"60";"Invalid";"";"-2";"Missão única fora da categoria diária; geralmente envolve conselheiros, níveis ou eventos, sem contador de eventos";"NotActivated"
"milestone_collect_mineral_3";"permanent";"Once";"False";"False";"Acontecimento: Mineração";"Colete um mineral de nível 60 ou superior";"60";"Invalid";"";"-2";"Missão única fora da categoria diária; geralmente envolve conselheiros, níveis ou eventos, sem contador de eventos";"NotActivated"
"milestone_collect_mineral_4";"permanent";"Once";"False";"False";"Acontecimento: Mineração";"Colete um mineral de nível 60 ou superior";"60";"Invalid";"";"-2";"Missão única fora da categoria diária; geralmente envolve conselheiros, níveis ou eventos, sem contador de eventos";"NotActivated"
"milestone_collect_plant_1";"permanent";"Once";"False";"False";"Acontecimento: Coleta de Plantas";"Colete uma planta de nível 60 ou superior";"60";"Invalid";"";"-2";"Missão única fora da categoria diária; geralmente envolve conselheiros, níveis ou eventos, sem contador de eventos";"NotActivated"
"milestone_collect_plant_2";"permanent";"Once";"False";"False";"Acontecimento: Coleta de Plantas";"Colete uma planta de nível 60 ou superior";"60";"Invalid";"";"-2";"Missão única fora da categoria diária; geralmente envolve conselheiros, níveis ou eventos, sem contador de eventos";"NotActivated"
"milestone_collect_plant_3";"permanent";"Once";"False";"False";"Acontecimento: Coleta de Plantas";"Colete uma planta de nível 60 ou superior";"60";"Invalid";"";"-2";"Missão única fora da categoria diária; geralmente envolve conselheiros, níveis ou eventos, sem contador de eventos";"NotActivated"
"milestone_collect_plant_4";"permanent";"Once";"False";"False";"Acontecimento: Coleta de Plantas";"Colete uma planta de nível 60 ou superior";"60";"Invalid";"";"-2";"Missão única fora da categoria diária; geralmente envolve conselheiros, níveis ou eventos, sem contador de eventos";"NotActivated"
"milestone_cooking_1";"permanent";"Once";"False";"False";"Acontecimento: Cozinhar";"Cozinhe um alimento de nível 60 ou superior";"60";"Invalid";"";"-2";"Missão única fora da categoria diária; geralmente envolve conselheiros, níveis ou eventos, sem contador de eventos";"NotActivated"
"milestone_cooking_2";"permanent";"Once";"False";"False";"Acontecimento: Cozinhar";"Cozinhe um alimento de nível 60 ou superior";"60";"Invalid";"";"-2";"Missão única fora da categoria diária; geralmente envolve conselheiros, níveis ou eventos, sem contador de eventos";"NotActivated"
"milestone_cooking_3";"permanent";"Once";"False";"False";"Acontecimento: Cozinhar";"Cozinhe um alimento de nível 60 ou superior";"60";"Invalid";"";"-2";"Missão única fora da categoria diária; geralmente envolve conselheiros, níveis ou eventos, sem contador de eventos";"NotActivated"
"milestone_cooking_4";"permanent";"Once";"False";"False";"Acontecimento: Cozinhar";"Cozinhe um alimento de nível 60 ou superior";"60";"Invalid";"";"-2";"Missão única fora da categoria diária; geralmente envolve conselheiros, níveis ou eventos, sem contador de eventos";"NotActivated"
"milestone_craft_armor_1";"permanent";"Once";"False";"False";"Acontecimento: Fabricação de Trajes";"Fabrique um Traje de Colono/Traje de Explorador/Traje de Caça de nível 60 ou superior";"60";"Invalid";"";"-2";"Missão única fora da categoria diária; geralmente envolve conselheiros, níveis ou eventos, sem contador de eventos";"NotActivated"
"milestone_craft_armor_2";"permanent";"Once";"False";"False";"Acontecimento: Fabricação de Trajes";"Fabrique um Traje de Colono/Traje de Explorador/Traje de Caça de nível 60 ou superior";"60";"Invalid";"";"-2";"Missão única fora da categoria diária; geralmente envolve conselheiros, níveis ou eventos, sem contador de eventos";"NotActivated"
"milestone_craft_armor_3";"permanent";"Once";"False";"False";"Acontecimento: Fabricação de Trajes";"Fabrique um Traje de Colono/Traje de Explorador/Traje de Caça de nível 60 ou superior";"60";"Invalid";"";"-2";"Missão única fora da categoria diária; geralmente envolve conselheiros, níveis ou eventos, sem contador de eventos";"NotActivated"
"milestone_craft_armor_4";"permanent";"Once";"False";"False";"Acontecimento: Fabricação de Trajes";"Fabrique um Traje de Colono/Traje de Explorador/Traje de Caça de nível 60 ou superior";"60";"Invalid";"";"-2";"Missão única fora da categoria diária; geralmente envolve conselheiros, níveis ou eventos, sem contador de eventos";"NotActivated"
"milestone_craft_building_1";"permanent";"Once";"False";"False";"Acontecimento: Construção";"Construa uma construção pré-fabricada de nível 60 ou superior";"60";"Invalid";"";"-2";"Missão única fora da categoria diária; geralmente envolve conselheiros, níveis ou eventos, sem contador de eventos";"NotActivated"
"milestone_craft_building_2";"permanent";"Once";"False";"False";"Acontecimento: Construção";"Construa uma construção pré-fabricada de nível 60 ou superior";"60";"Invalid";"";"-2";"Missão única fora da categoria diária; geralmente envolve conselheiros, níveis ou eventos, sem contador de eventos";"NotActivated"
"milestone_craft_building_3";"permanent";"Once";"False";"False";"Acontecimento: Construção";"Construa uma construção pré-fabricada de nível 60 ou superior";"60";"Invalid";"";"-2";"Missão única fora da categoria diária; geralmente envolve conselheiros, níveis ou eventos, sem contador de eventos";"NotActivated"
"milestone_craft_building_4";"permanent";"Once";"False";"False";"Acontecimento: Construção";"Construa uma construção pré-fabricada de nível 60 ou superior";"60";"Invalid";"";"-2";"Missão única fora da categoria diária; geralmente envolve conselheiros, níveis ou eventos, sem contador de eventos";"NotActivated"
"milestone_craft_furniture_1";"permanent";"Once";"False";"False";"Acontecimento: Fabricação de Móveis";"Construa uma caixa/mesa de trabalho de nível 60 ou superior";"60";"Invalid";"";"-2";"Missão única fora da categoria diária; geralmente envolve conselheiros, níveis ou eventos, sem contador de eventos";"NotActivated"
"milestone_craft_furniture_2";"permanent";"Once";"False";"False";"Acontecimento: Fabricação de Móveis";"Construa uma caixa/mesa de trabalho de nível 60 ou superior";"60";"Invalid";"";"-2";"Missão única fora da categoria diária; geralmente envolve conselheiros, níveis ou eventos, sem contador de eventos";"NotActivated"
"milestone_craft_furniture_3";"permanent";"Once";"False";"False";"Acontecimento: Fabricação de Móveis";"Construa uma caixa/mesa de trabalho de nível 60 ou superior";"60";"Invalid";"";"-2";"Missão única fora da categoria diária; geralmente envolve conselheiros, níveis ou eventos, sem contador de eventos";"NotActivated"
"milestone_craft_furniture_4";"permanent";"Once";"False";"False";"Acontecimento: Fabricação de Móveis";"Construa uma caixa/mesa de trabalho de nível 60 ou superior";"60";"Invalid";"";"-2";"Missão única fora da categoria diária; geralmente envolve conselheiros, níveis ou eventos, sem contador de eventos";"NotActivated"
"milestone_craft_weapon_1";"permanent";"Once";"False";"False";"Acontecimento: Fabricação de Armas";"Construa uma arma completa de nível 60 ou superior";"60";"Invalid";"";"-2";"Missão única fora da categoria diária; geralmente envolve conselheiros, níveis ou eventos, sem contador de eventos";"NotActivated"
"milestone_craft_weapon_2";"permanent";"Once";"False";"False";"Acontecimento: Fabricação de Armas";"Construa uma arma completa de nível 60 ou superior";"60";"Invalid";"";"-2";"Missão única fora da categoria diária; geralmente envolve conselheiros, níveis ou eventos, sem contador de eventos";"NotActivated"
"milestone_craft_weapon_3";"permanent";"Once";"False";"False";"Acontecimento: Fabricação de Armas";"Construa uma arma completa de nível 60 ou superior";"60";"Invalid";"";"-2";"Missão única fora da categoria diária; geralmente envolve conselheiros, níveis ou eventos, sem contador de eventos";"NotActivated"
"milestone_craft_weapon_4";"permanent";"Once";"False";"False";"Acontecimento: Fabricação de Armas";"Construa uma arma completa de nível 60 ou superior";"60";"Invalid";"";"-2";"Missão única fora da categoria diária; geralmente envolve conselheiros, níveis ou eventos, sem contador de eventos";"NotActivated"
"milestone_farming_1";"permanent";"Once";"False";"False";"Acontecimento: Cultivo";"Plante uma semente de nível 60 ou superior";"60";"Invalid";"";"-2";"Missão única fora da categoria diária; geralmente envolve conselheiros, níveis ou eventos, sem contador de eventos";"NotActivated"
"milestone_farming_2";"permanent";"Once";"False";"False";"Acontecimento: Cultivo";"Plante uma semente de nível 60 ou superior";"60";"Invalid";"";"-2";"Missão única fora da categoria diária; geralmente envolve conselheiros, níveis ou eventos, sem contador de eventos";"NotActivated"
"milestone_farming_3";"permanent";"Once";"False";"False";"Acontecimento: Cultivo";"Plante uma semente de nível 60 ou superior";"60";"Invalid";"";"-2";"Missão única fora da categoria diária; geralmente envolve conselheiros, níveis ou eventos, sem contador de eventos";"NotActivated"
"milestone_farming_4";"permanent";"Once";"False";"False";"Acontecimento: Cultivo";"Plante uma semente de nível 60 ou superior";"60";"Invalid";"";"-2";"Missão única fora da categoria diária; geralmente envolve conselheiros, níveis ou eventos, sem contador de eventos";"NotActivated"
"milestone_tech_support_delicate_1";"permanent";"Once";"False";"False";"Acontecimento: Suporte Técnico";"Alcance o nível de modificação <em>[Primoroso]</em>.";"1";"Invalid";"";"-2";"Missão única fora da categoria diária; geralmente envolve conselheiros, níveis ou eventos, sem contador de eventos";"NotActivated"
"milestone_tech_support_delicate_10";"permanent";"Once";"False";"False";"Acontecimento: Suporte Técnico";"Alcance o nível de modificação <em>[Primoroso]</em>.";"1";"Invalid";"";"-2";"Missão única fora da categoria diária; geralmente envolve conselheiros, níveis ou eventos, sem contador de eventos";"NotActivated"
"milestone_tech_support_delicate_2";"permanent";"Once";"False";"False";"Acontecimento: Suporte Técnico";"Alcance o nível de modificação <em>[Primoroso]</em>.";"1";"Invalid";"";"-2";"Missão única fora da categoria diária; geralmente envolve conselheiros, níveis ou eventos, sem contador de eventos";"NotActivated"
"milestone_tech_support_delicate_3";"permanent";"Once";"False";"False";"Acontecimento: Suporte Técnico";"Alcance o nível de modificação <em>[Primoroso]</em>.";"1";"Invalid";"";"-2";"Missão única fora da categoria diária; geralmente envolve conselheiros, níveis ou eventos, sem contador de eventos";"NotActivated"
"milestone_tech_support_delicate_4";"permanent";"Once";"False";"False";"Acontecimento: Suporte Técnico";"Alcance o nível de modificação <em>[Primoroso]</em>.";"1";"Invalid";"";"-2";"Missão única fora da categoria diária; geralmente envolve conselheiros, níveis ou eventos, sem contador de eventos";"NotActivated"
"milestone_tech_support_delicate_5";"permanent";"Once";"False";"False";"Acontecimento: Suporte Técnico";"Alcance o nível de modificação <em>[Primoroso]</em>.";"1";"Invalid";"";"-2";"Missão única fora da categoria diária; geralmente envolve conselheiros, níveis ou eventos, sem contador de eventos";"NotActivated"
"milestone_tech_support_delicate_6";"permanent";"Once";"False";"False";"Acontecimento: Suporte Técnico";"Alcance o nível de modificação <em>[Primoroso]</em>.";"1";"Invalid";"";"-2";"Missão única fora da categoria diária; geralmente envolve conselheiros, níveis ou eventos, sem contador de eventos";"NotActivated"
"milestone_tech_support_delicate_7";"permanent";"Once";"False";"False";"Acontecimento: Suporte Técnico";"Alcance o nível de modificação <em>[Primoroso]</em>.";"1";"Invalid";"";"-2";"Missão única fora da categoria diária; geralmente envolve conselheiros, níveis ou eventos, sem contador de eventos";"NotActivated"
"milestone_tech_support_delicate_8";"permanent";"Once";"False";"False";"Acontecimento: Suporte Técnico";"Alcance o nível de modificação <em>[Primoroso]</em>.";"1";"Invalid";"";"-2";"Missão única fora da categoria diária; geralmente envolve conselheiros, níveis ou eventos, sem contador de eventos";"NotActivated"
"milestone_tech_support_delicate_9";"permanent";"Once";"False";"False";"Acontecimento: Suporte Técnico";"Alcance o nível de modificação <em>[Primoroso]</em>.";"1";"Invalid";"";"-2";"Missão única fora da categoria diária; geralmente envolve conselheiros, níveis ou eventos, sem contador de eventos";"NotActivated"
"milestone_tech_support_estimate_1";"permanent";"Once";"False";"False";"Acontecimento: Suporte Técnico";"Solicite uma estimativa da Sociedade.";"1";"Invalid";"";"-2";"Missão única fora da categoria diária; geralmente envolve conselheiros, níveis ou eventos, sem contador de eventos";"NotActivated"
"milestone_tech_support_estimate_2";"permanent";"Once";"False";"False";"Acontecimento: Suporte Técnico";"Solicite uma estimativa da Sociedade.";"1";"Invalid";"";"-2";"Missão única fora da categoria diária; geralmente envolve conselheiros, níveis ou eventos, sem contador de eventos";"NotActivated"
"milestone_tech_support_estimate_3";"permanent";"Once";"False";"False";"Acontecimento: Suporte Técnico";"Solicite uma estimativa da Sociedade.";"1";"Invalid";"";"-2";"Missão única fora da categoria diária; geralmente envolve conselheiros, níveis ou eventos, sem contador de eventos";"NotActivated"
"milestone_tech_support_estimate_4";"permanent";"Once";"False";"False";"Acontecimento: Suporte Técnico";"Solicite uma estimativa da Sociedade.";"1";"Invalid";"";"-2";"Missão única fora da categoria diária; geralmente envolve conselheiros, níveis ou eventos, sem contador de eventos";"NotActivated"
"milestone_tech_support_estimate_5";"permanent";"Once";"False";"False";"Acontecimento: Suporte Técnico";"Solicite uma estimativa da Sociedade.";"1";"Invalid";"";"-2";"Missão única fora da categoria diária; geralmente envolve conselheiros, níveis ou eventos, sem contador de eventos";"NotActivated"
"milestone_tech_support_estimate_6";"permanent";"Once";"False";"False";"Acontecimento: Suporte Técnico";"Solicite uma estimativa da Sociedade.";"1";"Invalid";"";"-2";"Missão única fora da categoria diária; geralmente envolve conselheiros, níveis ou eventos, sem contador de eventos";"NotActivated"
"milestone_tech_support_perfect_1";"permanent";"Once";"False";"False";"Acontecimento: Suporte Técnico";"Alcance o nível de modificação <em>[Perfeito]</em>.";"1";"Invalid";"";"-2";"Missão única fora da categoria diária; geralmente envolve conselheiros, níveis ou eventos, sem contador de eventos";"NotActivated"
"milestone_tech_support_perfect_2";"permanent";"Once";"False";"False";"Acontecimento: Suporte Técnico";"Alcance o nível de modificação <em>[Perfeito]</em>.";"1";"Invalid";"";"-2";"Missão única fora da categoria diária; geralmente envolve conselheiros, níveis ou eventos, sem contador de eventos";"NotActivated"
"milestone_tech_support_perfect_3";"permanent";"Once";"False";"False";"Acontecimento: Suporte Técnico";"Alcance o nível de modificação <em>[Perfeito]</em>.";"1";"Invalid";"";"-2";"Missão única fora da categoria diária; geralmente envolve conselheiros, níveis ou eventos, sem contador de eventos";"NotActivated"
"milestone_tech_support_perfect_4";"permanent";"Once";"False";"False";"Acontecimento: Suporte Técnico";"Alcance o nível de modificação <em>[Perfeito]</em>.";"1";"Invalid";"";"-2";"Missão única fora da categoria diária; geralmente envolve conselheiros, níveis ou eventos, sem contador de eventos";"NotActivated"
"milestone_tech_support_perfect_5";"permanent";"Once";"False";"False";"Acontecimento: Suporte Técnico";"Alcance o nível de modificação <em>[Perfeito]</em>.";"1";"Invalid";"";"-2";"Missão única fora da categoria diária; geralmente envolve conselheiros, níveis ou eventos, sem contador de eventos";"NotActivated"
"milestone_tech_support_perfect_6";"permanent";"Once";"False";"False";"Acontecimento: Suporte Técnico";"Alcance o nível de modificação <em>[Perfeito]</em>.";"1";"Invalid";"";"-2";"Missão única fora da categoria diária; geralmente envolve conselheiros, níveis ou eventos, sem contador de eventos";"NotActivated"
"permanent_2nd_arch_mission_any_01";"permanent";"Once";"False";"False";"Profissional em Missões de Pioneiro II";"Conclua 5 missões de pioneiro em um arquipélago com um [ffd85b][icon=icon_unstable_factor][-] <em>índice instável</em> equivalente a 2.";"85";"Invalid";"";"-2";"Missão única fora da categoria diária; geralmente envolve conselheiros, níveis ou eventos, sem contador de eventos";"NotActivated"
"permanent_2nd_arch_mission_any_02";"permanent";"Once";"False";"False";"Profissional em Missões de Pioneiro II";"Conclua 10 missões de pioneiro em um arquipélago com um [ffd85b][icon=icon_unstable_factor][-] <em>índice instável</em> equivalente a 2.";"85";"Invalid";"";"-2";"Missão única fora da categoria diária; geralmente envolve conselheiros, níveis ou eventos, sem contador de eventos";"NotActivated"
"permanent_3rd_arch_mission_any_01";"permanent";"Once";"False";"False";"Profissional em Missões de Pioneiro III";"Conclua 5 missões de pioneiro em um arquipélago com um [ffd85b][icon=icon_unstable_factor][-] <em>índice instável</em> equivalente a 3.";"85";"Invalid";"";"-2";"Missão única fora da categoria diária; geralmente envolve conselheiros, níveis ou eventos, sem contador de eventos";"NotActivated"
"permanent_3rd_arch_mission_any_02";"permanent";"Once";"False";"False";"Profissional em Missões de Pioneiro III";"Conclua 10 missões de pioneiro em um arquipélago com um [ffd85b][icon=icon_unstable_factor][-] <em>índice instável</em> equivalente a 3.";"85";"Invalid";"";"-2";"Missão única fora da categoria diária; geralmente envolve conselheiros, níveis ou eventos, sem contador de eventos";"NotActivated"
"permanent_4th_arch_mission_any_01";"permanent";"Once";"False";"False";"Profissional em Missões de Pioneiro IV";"Conclua 5 missões de pioneiro em um arquipélago com um [ffd85b][icon=icon_unstable_factor][-] <em>índice instável</em> equivalente a 4.";"85";"Invalid";"";"-2";"Missão única fora da categoria diária; geralmente envolve conselheiros, níveis ou eventos, sem contador de eventos";"NotActivated"
"permanent_4th_arch_mission_any_02";"permanent";"Once";"False";"False";"Profissional em Missões de Pioneiro IV";"Conclua 10 missões de pioneiro em um arquipélago com um [ffd85b][icon=icon_unstable_factor][-] <em>índice instável</em> equivalente a 4.";"85";"Invalid";"";"-2";"Missão única fora da categoria diária; geralmente envolve conselheiros, níveis ou eventos, sem contador de eventos";"NotActivated"
"permanent_5th_arch_mission_any_01";"permanent";"Once";"False";"False";"Profissional em Missões de Pioneiro V";"Conclua 5 missões de pioneiro em um arquipélago com um [ffd85b][icon=icon_unstable_factor][-] <em>índice instável</em> equivalente a 5.";"85";"Invalid";"";"-2";"Missão única fora da categoria diária; geralmente envolve conselheiros, níveis ou eventos, sem contador de eventos";"NotActivated"
"permanent_5th_arch_mission_any_02";"permanent";"Once";"False";"False";"Profissional em Missões de Pioneiro V";"Conclua 10 missões de pioneiro em um arquipélago com um [ffd85b][icon=icon_unstable_factor][-] <em>índice instável</em> equivalente a 5.";"85";"Invalid";"";"-2";"Missão única fora da categoria diária; geralmente envolve conselheiros, níveis ou eventos, sem contador de eventos";"NotActivated"
"permanent_6th_arch_mission_any_01";"permanent";"Once";"False";"False";"Profissional em Missões de Pioneiro VI";"Conclua 5 missões de pioneiro em um arquipélago com um [ffd85b][icon=icon_unstable_factor][-] <em>índice instável</em> equivalente a 6.";"85";"Invalid";"";"-2";"Missão única fora da categoria diária; geralmente envolve conselheiros, níveis ou eventos, sem contador de eventos";"NotActivated"
"permanent_6th_arch_mission_any_02";"permanent";"Once";"False";"False";"Profissional em Missões de Pioneiro VI";"Conclua 10 missões de pioneiro em um arquipélago com um [ffd85b][icon=icon_unstable_factor][-] <em>índice instável</em> equivalente a 6.";"85";"Invalid";"";"-2";"Missão única fora da categoria diária; geralmente envolve conselheiros, níveis ou eventos, sem contador de eventos";"NotActivated"
"permanent_7th_arch_mission_any_01";"permanent";"Once";"False";"False";"Profissional em Missões de Pioneiro VII";"Conclua 5 missões de pioneiro em um arquipélago com um [ffd85b][icon=icon_unstable_factor][-] <em>índice instável</em> equivalente a 7.";"85";"Invalid";"";"-2";"Missão única fora da categoria diária; geralmente envolve conselheiros, níveis ou eventos, sem contador de eventos";"NotActivated"
"permanent_7th_arch_mission_any_02";"permanent";"Once";"False";"False";"Profissional em Missões de Pioneiro VII";"Conclua 10 missões de pioneiro em um arquipélago com um [ffd85b][icon=icon_unstable_factor][-] <em>índice instável</em> equivalente a 7.";"85";"Invalid";"";"-2";"Missão única fora da categoria diária; geralmente envolve conselheiros, níveis ou eventos, sem contador de eventos";"NotActivated"
"permanent_8th_arch_mission_any_01";"permanent";"Once";"False";"False";"Profissional em Missões de Pioneiro VIII";"Conclua 5 missões de pioneiro em um arquipélago com um [ffd85b][icon=icon_unstable_factor][-] <em>índice instável</em> equivalente a 8.";"85";"Invalid";"";"-2";"Missão única fora da categoria diária; geralmente envolve conselheiros, níveis ou eventos, sem contador de eventos";"NotActivated"
"permanent_8th_arch_mission_any_02";"permanent";"Once";"False";"False";"Profissional em Missões de Pioneiro VIII";"Conclua 10 missões de pioneiro em um arquipélago com um [ffd85b][icon=icon_unstable_factor][-] <em>índice instável</em> equivalente a 8.";"85";"Invalid";"";"-2";"Missão única fora da categoria diária; geralmente envolve conselheiros, níveis ou eventos, sem contador de eventos";"NotActivated"
"permanent_all_arch_mission_any_01";"permanent";"Once";"False";"False";"Profissional em Missões de Pioneiro";"Conclua 5 missões de pioneiro em um arquipélago instável de nível 60.";"60";"Invalid";"";"-2";"Missão única fora da categoria diária; geralmente envolve conselheiros, níveis ou eventos, sem contador de eventos";"NotActivated"
"permanent_all_arch_mission_any_02";"permanent";"Once";"False";"False";"Profissional em Missões de Pioneiro";"Conclua 10 missões de pioneiro em um arquipélago instável de nível 60.";"60";"Invalid";"";"-2";"Missão única fora da categoria diária; geralmente envolve conselheiros, níveis ou eventos, sem contador de eventos";"NotActivated"
"permanent_all_arch_mission_any_03";"permanent";"Once";"False";"False";"Profissional em Missões de Pioneiro";"Conclua 20 missões de pioneiro em um arquipélago instável de nível 60.";"60";"Invalid";"";"-2";"Missão única fora da categoria diária; geralmente envolve conselheiros, níveis ou eventos, sem contador de eventos";"NotActivated"
"permanent_all_arch_mission_any_04";"permanent";"Once";"False";"False";"Profissional em Missões de Pioneiro";"Conclua 50 missões de pioneiro em um arquipélago instável de nível 60.";"60";"Invalid";"";"-2";"Missão única fora da categoria diária; geralmente envolve conselheiros, níveis ou eventos, sem contador de eventos";"NotActivated"
"permanent_all_arch_mission_any_05";"permanent";"Once";"False";"False";"Profissional em Missões de Pioneiro";"Conclua 100 missões de pioneiro em um arquipélago instável de nível 60.";"60";"Invalid";"";"-2";"Missão única fora da categoria diária; geralmente envolve conselheiros, níveis ou eventos, sem contador de eventos";"NotActivated"
"permanent_all_arch_mission_any_06";"permanent";"Once";"False";"False";"Profissional em Missões de Pioneiro";"Conclua 200 missões de pioneiro em um arquipélago instável de nível 60.";"60";"Invalid";"";"-2";"Missão única fora da categoria diária; geralmente envolve conselheiros, níveis ou eventos, sem contador de eventos";"NotActivated"
"permanent_armorcrafting_any_01";"permanent";"Once";"True";"True";"Criando Roupas";"Criar 5 peças de roupa.";"5";"Crafted";"clothing";"-2";"";"WorkInProgress"
"permanent_armorcrafting_any_02";"permanent";"Once";"True";"True";"Criando Roupas";"Criar 10 peças de roupa.";"10";"Crafted";"clothing";"-2";"";"WorkInProgress"
"permanent_armorcrafting_any_03";"permanent";"Once";"True";"True";"Criando Roupas";"Criar 20 peças de roupa.";"20";"Crafted";"clothing";"-2";"";"WorkInProgress"
"permanent_armorcrafting_any_04";"permanent";"Once";"True";"True";"Criando Roupas";"Criar 50 peças de roupa.";"50";"Crafted";"clothing";"-2";"";"WorkInProgress"
"permanent_armorcrafting_any_05";"permanent";"Once";"True";"True";"Criando Roupas";"Criar 100 peças de roupa.";"100";"Crafted";"clothing";"-2";"";"WorkInProgress"
"permanent_armorcrafting_bag_01";"permanent";"Once";"False";"False";"Criando Bolsas";"Crie usando o molde de uma Bolsa de Tecido 1 vez.";"1";"Invalid";"";"-2";"Missão única fora da categoria diária; geralmente envolve conselheiros, níveis ou eventos, sem contador de eventos";"NotActivated"
"permanent_armorcrafting_bag_02";"permanent";"Once";"False";"False";"Criando Bolsas";"Crie usando o molde de uma Mochila Secundária 1 vez.";"1";"Invalid";"";"-2";"Missão única fora da categoria diária; geralmente envolve conselheiros, níveis ou eventos, sem contador de eventos";"NotActivated"
"permanent_armorcrafting_bag_03";"permanent";"Once";"False";"False";"Criando Bolsas";"Crie usando o molde de um Mochilão 1 vez.";"1";"Invalid";"";"-2";"Missão única fora da categoria diária; geralmente envolve conselheiros, níveis ou eventos, sem contador de eventos";"NotActivated"
"permanent_armorcrafting_explorer_01";"permanent";"Once";"False";"False";"Criando Equipamento de Exploração";"Crie usando o molde de um Traje de Coleta de Linho 1 vez.";"1";"Invalid";"";"-2";"Missão única fora da categoria diária; geralmente envolve conselheiros, níveis ou eventos, sem contador de eventos";"NotActivated"
"permanent_armorcrafting_explorer_02";"permanent";"Once";"False";"False";"Criando Equipamento de Exploração";"Crie usando o molde de um Traje de Exploração Livre 1 vez.";"1";"Invalid";"";"-2";"Missão única fora da categoria diária; geralmente envolve conselheiros, níveis ou eventos, sem contador de eventos";"NotActivated"
"permanent_armorcrafting_explorer_03";"permanent";"Once";"False";"False";"Criando Equipamento de Exploração";"Crie usando o molde de um Traje de Explorador Perito 1 vez.";"1";"Invalid";"";"-2";"Missão única fora da categoria diária; geralmente envolve conselheiros, níveis ou eventos, sem contador de eventos";"NotActivated"
"permanent_armorcrafting_explorer_04";"permanent";"Once";"False";"False";"Criando Equipamento de Exploração";"Crie usando o molde de um Traje de Busca de Combate 1 vez.";"1";"Invalid";"";"-2";"Missão única fora da categoria diária; geralmente envolve conselheiros, níveis ou eventos, sem contador de eventos";"NotActivated"
"permanent_armorcrafting_explorer_05";"permanent";"Once";"False";"False";"Criação de Equipamento de Exploração de Ilha Vulcânica I";"Crie usando um Padrão de Traje de Mineiro para Tempestade Vulcânica 1 vez.";"1";"Invalid";"";"-2";"Missão única fora da categoria diária; geralmente envolve conselheiros, níveis ou eventos, sem contador de eventos";"NotActivated"
"permanent_armorcrafting_explorer_06";"permanent";"Once";"False";"False";"Criação de Equipamento de Exploração de Ilha Vulcânica II";"Crie usando um Padrão de Chapéu de Mineiro para Tempestade Vulcânica 1 vez.";"1";"Invalid";"";"-2";"Missão única fora da categoria diária; geralmente envolve conselheiros, níveis ou eventos, sem contador de eventos";"NotActivated"
"permanent_armorcrafting_gloves_01";"permanent";"Once";"False";"False";"Criando Luvas";"Crie usando o molde de Luvas Meio Dedo 1 vez.";"1";"Invalid";"";"-2";"Missão única fora da categoria diária; geralmente envolve conselheiros, níveis ou eventos, sem contador de eventos";"NotActivated"
"permanent_armorcrafting_gloves_02";"permanent";"Once";"False";"False";"Criando Luvas";"Crie usando o molde de Luvas Protetoras 1 vez.";"1";"Invalid";"";"-2";"Missão única fora da categoria diária; geralmente envolve conselheiros, níveis ou eventos, sem contador de eventos";"NotActivated"
"permanent_armorcrafting_gloves_03";"permanent";"Once";"False";"False";"Criando Luvas";"Crie usando o molde de Luvas de Ossos 1 vez.";"1";"Invalid";"";"-2";"Missão única fora da categoria diária; geralmente envolve conselheiros, níveis ou eventos, sem contador de eventos";"NotActivated"
"permanent_armorcrafting_gloves_04";"permanent";"Once";"False";"False";"Criação de Luva de Ilha Vulcânica";"Crie usando um Padrão de Luvas de Resistência Térmica 1 vez.";"1";"Invalid";"";"-2";"Missão única fora da categoria diária; geralmente envolve conselheiros, níveis ou eventos, sem contador de eventos";"NotActivated"
"permanent_armorcrafting_hunter_01";"permanent";"Once";"False";"False";"Criando Trajes de Combate";"Crie usando o molde de um Traje de Batalha Antifrio 1 vez.";"1";"Invalid";"";"-2";"Missão única fora da categoria diária; geralmente envolve conselheiros, níveis ou eventos, sem contador de eventos";"NotActivated"
"permanent_armorcrafting_hunter_02";"permanent";"Once";"False";"False";"Criando Trajes de Combate";"Crie usando o molde de uma Armadura Formal de Osso 1 vez.";"1";"Invalid";"";"-2";"Missão única fora da categoria diária; geralmente envolve conselheiros, níveis ou eventos, sem contador de eventos";"NotActivated"
"permanent_armorcrafting_hunter_03";"permanent";"Once";"False";"False";"Criando Trajes de Combate";"Crie usando o molde de um Traje de Combate Corpo a Corpo 1 vez.";"1";"Invalid";"";"-2";"Missão única fora da categoria diária; geralmente envolve conselheiros, níveis ou eventos, sem contador de eventos";"NotActivated"
"permanent_armorcrafting_hunter_04";"permanent";"Once";"False";"False";"Criando Trajes de Combate";"Crie usando o molde de um Traje de Carrasco 1 vez.";"1";"Invalid";"";"-2";"Missão única fora da categoria diária; geralmente envolve conselheiros, níveis ou eventos, sem contador de eventos";"NotActivated"
"permanent_armorcrafting_hunter_05";"permanent";"Once";"False";"False";"Criação de Traje de Combate em Ilha Vulcânica I";"Crie usando um Padrão de Armadura contra Agressão Vulcânica 1 vez.";"1";"Invalid";"";"-2";"Missão única fora da categoria diária; geralmente envolve conselheiros, níveis ou eventos, sem contador de eventos";"NotActivated"
"permanent_armorcrafting_hunter_06";"permanent";"Once";"False";"False";"Criação de Traje de Combate em Ilha Vulcânica II";"Crie usando um Padrão de Máscara contra Agressão Vulcânica 1 vez.";"1";"Invalid";"";"-2";"Missão única fora da categoria diária; geralmente envolve conselheiros, níveis ou eventos, sem contador de eventos";"NotActivated"
"permanent_armorcrafting_repair_modern_clothes_01";"permanent";"Once";"False";"False";"Remendando Roupas Modernas";"Remendar roupas modernas.";"1";"Invalid";"";"-2";"Missão única fora da categoria diária; geralmente envolve conselheiros, níveis ou eventos, sem contador de eventos";"NotActivated"
"permanent_armorcrafting_repair_modern_clothes_02";"permanent";"Once";"False";"False";"Modificando Roupa Modernas";"Modificar roupas modernas remendadas.";"1";"Invalid";"";"-2";"Missão única fora da categoria diária; geralmente envolve conselheiros, níveis ou eventos, sem contador de eventos";"NotActivated"
"permanent_armorcrafting_settler_01";"permanent";"Once";"False";"False";"Criando Trajes de Colonos";"Crie usando o molde de um Traje Casual 1 vez.";"1";"Invalid";"";"-2";"Missão única fora da categoria diária; geralmente envolve conselheiros, níveis ou eventos, sem contador de eventos";"NotActivated"
"permanent_armorcrafting_settler_02";"permanent";"Once";"False";"False";"Criando Trajes de Colonos";"Crie usando o molde de uma Roupa de Trabalho Elegante 1 vez.";"1";"Invalid";"";"-2";"Missão única fora da categoria diária; geralmente envolve conselheiros, níveis ou eventos, sem contador de eventos";"NotActivated"
"permanent_armorcrafting_settler_03";"permanent";"Once";"False";"False";"Criando Trajes de Colonos";"Crie usando o molde de uma Roupa de Trabalho Chique 1 vez.";"1";"Invalid";"";"-2";"Missão única fora da categoria diária; geralmente envolve conselheiros, níveis ou eventos, sem contador de eventos";"NotActivated"
"permanent_armorcrafting_settler_04";"permanent";"Once";"False";"False";"Criando Trajes de Colonos";"Crie usando o molde de um Traje de Vanguarda 1 vez.";"1";"Invalid";"";"-2";"Missão única fora da categoria diária; geralmente envolve conselheiros, níveis ou eventos, sem contador de eventos";"NotActivated"
"permanent_armorcrafting_settler_05";"permanent";"Once";"False";"False";"Criação de Traje de Colono de Ilha Vulcânica I";"Crie usando um Padrão de Traje de Construção de Soqueira de Osso 1 vez.";"1";"Invalid";"";"-2";"Missão única fora da categoria diária; geralmente envolve conselheiros, níveis ou eventos, sem contador de eventos";"NotActivated"
"permanent_armorcrafting_settler_06";"permanent";"Once";"False";"False";"Criação de Traje de Colono de Ilha Vulcânica II";"Crie usando um Padrão de Chapéu de Construção de Soqueira de Osso 1 vez.";"1";"Invalid";"";"-2";"Missão única fora da categoria diária; geralmente envolve conselheiros, níveis ou eventos, sem contador de eventos";"NotActivated"
"permanent_armorcrafting_shoes_01";"permanent";"Once";"False";"False";"Criando Sapatos";"Crie usando o molde de Sandálias de Couro 1 vez.";"1";"Invalid";"";"-2";"Missão única fora da categoria diária; geralmente envolve conselheiros, níveis ou eventos, sem contador de eventos";"NotActivated"
"permanent_armorcrafting_shoes_02";"permanent";"Once";"False";"False";"Criando Sapatos";"Crie usando o molde de Botas de Couro 1 vez.";"1";"Invalid";"";"-2";"Missão única fora da categoria diária; geralmente envolve conselheiros, níveis ou eventos, sem contador de eventos";"NotActivated"
"permanent_armorcrafting_shoes_03";"permanent";"Once";"False";"False";"Criando Sapatos";"Crie usando o molde de Botas de Osso 1 vez.";"1";"Invalid";"";"-2";"Missão única fora da categoria diária; geralmente envolve conselheiros, níveis ou eventos, sem contador de eventos";"NotActivated"
"permanent_armorcrafting_shoes_04";"permanent";"Once";"False";"False";"Criação de Sapato de Ilha Vulcânica I";"Crie usando um Padrão de Botas de Resistência Térmica 1 vez.";"1";"Invalid";"";"-2";"Missão única fora da categoria diária; geralmente envolve conselheiros, níveis ou eventos, sem contador de eventos";"NotActivated"
"permanent_armorcrafting_shoes_05";"permanent";"Once";"False";"False";"Criação de Sapato de Ilha Vulcânica II";"Crie usando um Padrão de Botas de Proteção contra Lava 1 vez.";"1";"Invalid";"";"-2";"Missão única fora da categoria diária; geralmente envolve conselheiros, níveis ou eventos, sem contador de eventos";"NotActivated"
"permanent_butchery_bone_leg_01";"permanent";"Once";"False";"False";"Coletando Ossos da Perna";"Coletar 10 ossos de perna.";"10";"Invalid";"";"-2";"Missão única fora da categoria diária; geralmente envolve conselheiros, níveis ou eventos, sem contador de eventos";"NotActivated"
"permanent_butchery_bone_leg_02";"permanent";"Once";"False";"False";"Coletando Ossos da Perna";"Coletar 30 ossos de perna.";"30";"Invalid";"";"-2";"Missão única fora da categoria diária; geralmente envolve conselheiros, níveis ou eventos, sem contador de eventos";"NotActivated"
"permanent_butchery_bone_leg_03";"permanent";"Once";"False";"False";"Coletando Ossos da Perna";"Coletar 100 ossos de perna.";"100";"Invalid";"";"-2";"Missão única fora da categoria diária; geralmente envolve conselheiros, níveis ou eventos, sem contador de eventos";"NotActivated"
"permanent_butchery_leather_01";"permanent";"Once";"False";"False";"Coletando Couro";"Coletar couro 10 vezes.";"10";"Invalid";"";"-2";"Missão única fora da categoria diária; geralmente envolve conselheiros, níveis ou eventos, sem contador de eventos";"NotActivated"
"permanent_butchery_leather_02";"permanent";"Once";"False";"False";"Coletando Couro";"Coletar couro 30 vezes.";"30";"Invalid";"";"-2";"Missão única fora da categoria diária; geralmente envolve conselheiros, níveis ou eventos, sem contador de eventos";"NotActivated"
"permanent_butchery_leather_03";"permanent";"Once";"False";"False";"Coletando Couro";"Coletar couro 100 vezes.";"100";"Invalid";"";"-2";"Missão única fora da categoria diária; geralmente envolve conselheiros, níveis ou eventos, sem contador de eventos";"NotActivated"
"permanent_butchery_meat_01";"permanent";"Once";"False";"False";"Coletando Carne";"Coletar carne 10 vezes.";"10";"Invalid";"";"-2";"Missão única fora da categoria diária; geralmente envolve conselheiros, níveis ou eventos, sem contador de eventos";"NotActivated"
"permanent_butchery_meat_02";"permanent";"Once";"False";"False";"Coletando Carne";"Coletar carne 30 vezes.";"30";"Invalid";"";"-2";"Missão única fora da categoria diária; geralmente envolve conselheiros, níveis ou eventos, sem contador de eventos";"NotActivated"
"permanent_butchery_meat_03";"permanent";"Once";"False";"False";"Coletando Carne";"Coletar carne 100 vezes.";"100";"Invalid";"";"-2";"Missão única fora da categoria diária; geralmente envolve conselheiros, níveis ou eventos, sem contador de eventos";"NotActivated"
"permanent_cold_resist_lvup_01";"permanent";"Once";"False";"False";"Evoluindo a Resistência Física ao Frio";"Alcance o nível 5 de resistência física ao frio.";"5";"Invalid";"";"-2";"Missão única fora da categoria diária; geralmente envolve conselheiros, níveis ou eventos, sem contador de eventos";"NotActivated"
"permanent_cold_resist_lvup_02";"permanent";"Once";"False";"False";"Evoluindo a Resistência Física ao Frio";"Alcance o nível 10 de resistência física ao frio.";"10";"Invalid";"";"-2";"Missão única fora da categoria diária; geralmente envolve conselheiros, níveis ou eventos, sem contador de eventos";"NotActivated"
"permanent_cold_resist_lvup_03";"permanent";"Once";"False";"False";"Evoluindo a Resistência Física ao Frio";"Alcance o nível 20 de resistência física ao frio.";"20";"Invalid";"";"-2";"Missão única fora da categoria diária; geralmente envolve conselheiros, níveis ou eventos, sem contador de eventos";"NotActivated"
"permanent_cold_resist_lvup_04";"permanent";"Once";"False";"False";"Evoluindo a Resistência Física ao Frio";"Alcance o nível 30 de resistência física ao frio.";"30";"Invalid";"";"-2";"Missão única fora da categoria diária; geralmente envolve conselheiros, níveis ou eventos, sem contador de eventos";"NotActivated"
"permanent_cold_resist_lvup_05";"permanent";"Once";"False";"False";"Evoluindo a Resistência Física ao Frio";"Alcance o nível 40 de resistência física ao frio.";"40";"Invalid";"";"-2";"Missão única fora da categoria diária; geralmente envolve conselheiros, níveis ou eventos, sem contador de eventos";"NotActivated"
"permanent_cold_resist_lvup_06";"permanent";"Once";"False";"False";"Evoluindo a Resistência Física ao Frio";"Alcance o nível 50 de resistência física ao frio.";"50";"Invalid";"";"-2";"Missão única fora da categoria diária; geralmente envolve conselheiros, níveis ou eventos, sem contador de eventos";"NotActivated"
"permanent_constructing_any_01";"permanent";"Once";"True";"True";"Construindo Estruturas";"Edifique uma construção 5 vezes.";"5";"Built";"";"-2";"";"WorkInProgress"
"permanent_constructing_any_02";"permanent";"Once";"True";"True";"Construindo Estruturas";"Edifique uma construção 10 vezes.";"10";"Built";"";"-2";"";"WorkInProgress"
"permanent_constructing_any_03";"permanent";"Once";"True";"True";"Construindo Estruturas";"Edifique uma construção 20 vezes.";"20";"Built";"";"-2";"";"WorkInProgress"
"permanent_constructing_any_04";"permanent";"Once";"True";"True";"Construindo Estruturas";"Edifique uma construção 50 vezes.";"50";"Built";"";"-2";"";"WorkInProgress"
"permanent_constructing_any_05";"permanent";"Once";"True";"True";"Construindo Estruturas";"Edifique uma construção 100 vezes.";"100";"Built";"";"-2";"";"WorkInProgress"
"permanent_constructing_cage_01";"permanent";"Once";"False";"False";"Construindo o Curral";"Construir um curral pequeno.";"1";"Invalid";"";"-2";"Missão única fora da categoria diária; geralmente envolve conselheiros, níveis ou eventos, sem contador de eventos";"NotActivated"
"permanent_constructing_cage_02";"permanent";"Once";"False";"False";"Construindo o Curral";"Construir um curral médio.";"1";"Invalid";"";"-2";"Missão única fora da categoria diária; geralmente envolve conselheiros, níveis ou eventos, sem contador de eventos";"NotActivated"
"permanent_constructing_fur_table_01";"permanent";"Once";"False";"False";"Criando a Mesa de Trabalho";"Criar uma mesa de trabalho básica.";"1";"Invalid";"";"-2";"Missão única fora da categoria diária; geralmente envolve conselheiros, níveis ou eventos, sem contador de eventos";"NotActivated"
"permanent_constructing_fur_table_02";"permanent";"Once";"False";"False";"Criando a Mesa de Trabalho";"Criar uma mesa de trabalho de artífice.";"1";"Invalid";"";"-2";"Missão única fora da categoria diária; geralmente envolve conselheiros, níveis ou eventos, sem contador de eventos";"NotActivated"
"permanent_constructing_fur_table_03";"permanent";"Once";"False";"False";"Criando a Mesa de Trabalho";"Criar uma mesa de trabalho de especialista.";"1";"Invalid";"";"-2";"Missão única fora da categoria diária; geralmente envolve conselheiros, níveis ou eventos, sem contador de eventos";"NotActivated"
"permanent_constructing_fur_table_04";"permanent";"Once";"False";"False";"Criação de Mesa de Trabalho de Ilha Vulcânica";"Construa uma mesa de confecção de gemas.";"1";"Invalid";"";"-2";"Missão única fora da categoria diária; geralmente envolve conselheiros, níveis ou eventos, sem contador de eventos";"NotActivated"
"permanent_constructing_kiln_01";"permanent";"Once";"False";"False";"Criando a Fornalha";"Construir a fornalha básica.";"1";"Invalid";"";"-2";"Missão única fora da categoria diária; geralmente envolve conselheiros, níveis ou eventos, sem contador de eventos";"NotActivated"
"permanent_constructing_kiln_02";"permanent";"Once";"False";"False";"Criando a Fornalha";"Construir uma fornalha avançada.";"1";"Invalid";"";"-2";"Missão única fora da categoria diária; geralmente envolve conselheiros, níveis ou eventos, sem contador de eventos";"NotActivated"
"permanent_constructing_kiln_03";"permanent";"Once";"False";"False";"Criação de Fornalha de Ilha Vulcânica";"Construa uma fornalha de lava.";"1";"Invalid";"";"-2";"Missão única fora da categoria diária; geralmente envolve conselheiros, níveis ou eventos, sem contador de eventos";"NotActivated"
"permanent_constructing_kitchen_01";"permanent";"Once";"False";"False";"Construindo a Cozinha";"Criar um forno.";"1";"Invalid";"";"-2";"Missão única fora da categoria diária; geralmente envolve conselheiros, níveis ou eventos, sem contador de eventos";"NotActivated"
"permanent_constructing_kitchen_02";"permanent";"Once";"False";"False";"Construindo a Cozinha";"Criar um fogão.";"1";"Invalid";"";"-2";"Missão única fora da categoria diária; geralmente envolve conselheiros, níveis ou eventos, sem contador de eventos";"NotActivated"
"permanent_constructing_kitchen_03";"permanent";"Once";"False";"False";"Construindo a Cozinha";"Construir uma cozinha.";"1";"Invalid";"";"-2";"Missão única fora da categoria diária; geralmente envolve conselheiros, níveis ou eventos, sem contador de eventos";"NotActivated"
"permanent_constructing_kitchen_04";"permanent";"Once";"False";"False";"Criação de Cozinha de Ilha Vulcânica";"Construa uma cozinha de lava.";"1";"Invalid";"";"-2";"Missão única fora da categoria diária; geralmente envolve conselheiros, níveis ou eventos, sem contador de eventos";"NotActivated"
"permanent_constructing_modular_01";"permanent";"Once";"False";"False";"Construindo Casas";"Construa uma casa.";"1";"Invalid";"";"-2";"Missão única fora da categoria diária; geralmente envolve conselheiros, níveis ou eventos, sem contador de eventos";"NotActivated"
"permanent_constructing_roof_modular_01";"permanent";"Once";"False";"False";"Construindo Toldos";"Construa um toldo.";"1";"Invalid";"";"-2";"Missão única fora da categoria diária; geralmente envolve conselheiros, níveis ou eventos, sem contador de eventos";"NotActivated"
"permanent_constructing_volc_01";"permanent";"Once";"False";"False";"Debaixo da Sombra da Árvore de Freixo I";"Construa uma mesa de madeira de árvore de freixo.";"1";"Invalid";"";"-2";"Missão única fora da categoria diária; geralmente envolve conselheiros, níveis ou eventos, sem contador de eventos";"NotActivated"
"permanent_constructing_volc_02";"permanent";"Once";"False";"False";"Debaixo da Sombra da Árvore de Freixo II";"Construa um banco de tronco de árvore de freixo.";"1";"Invalid";"";"-2";"Missão única fora da categoria diária; geralmente envolve conselheiros, níveis ou eventos, sem contador de eventos";"NotActivated"
"permanent_constructing_volc_mud_01";"permanent";"Once";"False";"False";"Colecionador de Esculturas de Barro I";"Construa uma escultura de barro de Skunkodus Sulfúrico.";"1";"Invalid";"";"-2";"Missão única fora da categoria diária; geralmente envolve conselheiros, níveis ou eventos, sem contador de eventos";"NotActivated"
"permanent_constructing_volc_mud_02";"permanent";"Once";"False";"False";"Colecionador de Esculturas de Barro II";"Construa uma escultura de barro de Utahraptor de Cabeça Preta.";"1";"Invalid";"";"-2";"Missão única fora da categoria diária; geralmente envolve conselheiros, níveis ou eventos, sem contador de eventos";"NotActivated"
"permanent_constructing_volc_mud_03";"permanent";"Once";"False";"False";"Colecionador de Esculturas de Barro III";"Construa uma escultura de barro de Andrewsarchus.";"1";"Invalid";"";"-2";"Missão única fora da categoria diária; geralmente envolve conselheiros, níveis ou eventos, sem contador de eventos";"NotActivated"
"permanent_constructing_volc_mud_04";"permanent";"Once";"False";"False";"Colecionador de Esculturas de Barro IV";"Construa uma escultura de barro de Chasmossauro de Cinza Vulcânica.";"1";"Invalid";"";"-2";"Missão única fora da categoria diária; geralmente envolve conselheiros, níveis ou eventos, sem contador de eventos";"NotActivated"
"permanent_cooking_any_01";"permanent";"Once";"True";"True";"Culinária";"Cozinhar 5 vezes.";"5";"Crafted";"cook";"-2";"";"WorkInProgress"
"permanent_cooking_any_02";"permanent";"Once";"True";"True";"Culinária";"Cozinhar 10 vezes.";"10";"Crafted";"cook";"-2";"";"WorkInProgress"
"permanent_cooking_any_03";"permanent";"Once";"True";"True";"Culinária";"Cozinhar 20 vezes.";"20";"Crafted";"cook";"-2";"";"WorkInProgress"
"permanent_cooking_any_04";"permanent";"Once";"True";"True";"Culinária";"Cozinhar 50 vezes.";"50";"Crafted";"cook";"-2";"";"WorkInProgress"
"permanent_cooking_any_05";"permanent";"Once";"True";"True";"Culinária";"Cozinhar 100 vezes.";"100";"Crafted";"cook";"-2";"";"WorkInProgress"
"permanent_cooking_any_06";"permanent";"Once";"True";"True";"Culinária";"Cozinhar 200 vezes.";"200";"Crafted";"cook";"-2";"";"WorkInProgress"
"permanent_cooking_bake_01";"permanent";"Once";"False";"False";"A Arte de Assar";"Crie usando a receita de um Pão 10 vezes.";"10";"Invalid";"";"-2";"Missão única fora da categoria diária; geralmente envolve conselheiros, níveis ou eventos, sem contador de eventos";"NotActivated"
"permanent_cooking_bake_02";"permanent";"Once";"False";"False";"A Arte de Assar";"Crie usando a receita de um Pão Recheado 10 vezes.";"10";"Invalid";"";"-2";"Missão única fora da categoria diária; geralmente envolve conselheiros, níveis ou eventos, sem contador de eventos";"NotActivated"
"permanent_cooking_bake_03";"permanent";"Once";"False";"False";"A Arte de Assar";"Crie usando a receita de um Bolo 10 vezes.";"10";"Invalid";"";"-2";"Missão única fora da categoria diária; geralmente envolve conselheiros, níveis ou eventos, sem contador de eventos";"NotActivated"
"permanent_cooking_fire_01";"permanent";"Once";"False";"False";"Cozinhando na Grelha";"Grelhar 10 espetos.";"10";"Invalid";"";"-2";"Missão única fora da categoria diária; geralmente envolve conselheiros, níveis ou eventos, sem contador de eventos";"NotActivated"
"permanent_cooking_fire_02";"permanent";"Once";"False";"False";"Cozinhando na Grelha";"Grelhar 10 chapas de pedra de churrasco.";"10";"Invalid";"";"-2";"Missão única fora da categoria diária; geralmente envolve conselheiros, níveis ou eventos, sem contador de eventos";"NotActivated"
"permanent_cooking_fire_03";"permanent";"Once";"False";"False";"Cozinhando na Grelha";"Cozinhar 10 assados.";"10";"Invalid";"";"-2";"Missão única fora da categoria diária; geralmente envolve conselheiros, níveis ou eventos, sem contador de eventos";"NotActivated"
"permanent_cooking_fire_04";"permanent";"Once";"False";"False";"Cozinhando na Grelha";"Cozinhar 10 grelhados.";"10";"Invalid";"";"-2";"Missão única fora da categoria diária; geralmente envolve conselheiros, níveis ou eventos, sem contador de eventos";"NotActivated"
"permanent_cooking_fire_05";"permanent";"Once";"False";"False";"Grelha de Ilha Vulcânica I";"Cozinhe 10 bifes.";"10";"Invalid";"";"-2";"Missão única fora da categoria diária; geralmente envolve conselheiros, níveis ou eventos, sem contador de eventos";"NotActivated"
"permanent_cooking_fire_06";"permanent";"Once";"False";"False";"Grelha de Ilha Vulcânica II";"Cozinhe 10 bifes para o jantar.";"10";"Invalid";"";"-2";"Missão única fora da categoria diária; geralmente envolve conselheiros, níveis ou eventos, sem contador de eventos";"NotActivated"
"permanent_cooking_fry_01";"permanent";"Once";"False";"False";"Fritando Alimentos";"Fritar alimentos 10 vezes.";"10";"Invalid";"";"-2";"Missão única fora da categoria diária; geralmente envolve conselheiros, níveis ou eventos, sem contador de eventos";"NotActivated"
"permanent_cooking_fry_02";"permanent";"Once";"False";"False";"Fritando Alimentos";"Fritar frango 10 vezes.";"10";"Invalid";"";"-2";"Missão única fora da categoria diária; geralmente envolve conselheiros, níveis ou eventos, sem contador de eventos";"NotActivated"
"permanent_cooking_preserve_01";"permanent";"Once";"False";"False";"Preservando Alimentos";"Cozinhar alimentos defumados 10 vezes.";"10";"Invalid";"";"-2";"Missão única fora da categoria diária; geralmente envolve conselheiros, níveis ou eventos, sem contador de eventos";"NotActivated"
"permanent_cooking_preserve_02";"permanent";"Once";"False";"False";"Preservando Alimentos";"Cozinhar alimentos desidratados 10 vezes.";"10";"Invalid";"";"-2";"Missão única fora da categoria diária; geralmente envolve conselheiros, níveis ou eventos, sem contador de eventos";"NotActivated"
"permanent_cooking_preserve_03";"permanent";"Once";"False";"False";"Preservando Alimentos";"Preservar alimentos em conserva 10 vezes.";"10";"Invalid";"";"-2";"Missão única fora da categoria diária; geralmente envolve conselheiros, níveis ou eventos, sem contador de eventos";"NotActivated"
"permanent_cooking_preserve_04";"permanent";"Once";"False";"False";"Preservando Alimentos";"Cozinhar linguiça 10 vezes.";"10";"Invalid";"";"-2";"Missão única fora da categoria diária; geralmente envolve conselheiros, níveis ou eventos, sem contador de eventos";"NotActivated"
"permanent_cooking_preserve_05";"permanent";"Once";"False";"False";"Preservando Alimentos";"Criar comida enlatada improvisada 10 vezes.";"10";"Invalid";"";"-2";"Missão única fora da categoria diária; geralmente envolve conselheiros, níveis ou eventos, sem contador de eventos";"NotActivated"
"permanent_cooking_water_01";"permanent";"Once";"False";"False";"Fervendo Alimentos";"Cozinhar alimentos ferventados 10 vezes.";"10";"Invalid";"";"-2";"Missão única fora da categoria diária; geralmente envolve conselheiros, níveis ou eventos, sem contador de eventos";"NotActivated"
"permanent_cooking_water_02";"permanent";"Once";"False";"False";"Fervendo Alimentos";"Cozinhar alimentos no vapor 10 vezes.";"10";"Invalid";"";"-2";"Missão única fora da categoria diária; geralmente envolve conselheiros, níveis ou eventos, sem contador de eventos";"NotActivated"
"permanent_cooking_water_03";"permanent";"Once";"False";"False";"Fervendo Alimentos";"Cozinhar 10 guisados.";"10";"Invalid";"";"-2";"Missão única fora da categoria diária; geralmente envolve conselheiros, níveis ou eventos, sem contador de eventos";"NotActivated"
"permanent_cooking_water_04";"permanent";"Once";"False";"False";"Fervendo Alimentos";"Cozinhar 10 guisados grossos.";"10";"Invalid";"";"-2";"Missão única fora da categoria diária; geralmente envolve conselheiros, níveis ou eventos, sem contador de eventos";"NotActivated"
"permanent_farming_any_01";"permanent";"Once";"True";"True";"Cultivo";"Cultivar 5 vezes.";"5";"Farmed";"";"-2";"";"WorkInProgress"
"permanent_farming_any_02";"permanent";"Once";"True";"True";"Cultivo";"Cultivar 10 vezes.";"10";"Farmed";"";"-2";"";"WorkInProgress"
"permanent_farming_any_03";"permanent";"Once";"True";"True";"Cultivo";"Cultivar 20 vezes.";"20";"Farmed";"";"-2";"";"WorkInProgress"
"permanent_farming_any_04";"permanent";"Once";"True";"True";"Cultivo";"Cultivar 50 vezes.";"50";"Farmed";"";"-2";"";"WorkInProgress"
"permanent_farming_any_05";"permanent";"Once";"True";"True";"Cultivo";"Cultivar 100 vezes.";"100";"Farmed";"";"-2";"";"WorkInProgress"
"permanent_farming_any_06";"permanent";"Once";"True";"True";"Cultivo";"Cultivar 200 vezes.";"200";"Farmed";"";"-2";"";"WorkInProgress"
"permanent_farming_seed_01";"permanent";"Once";"False";"False";"Plantando Sementes";"Plantar 4 sementes de milho.";"4";"Invalid";"";"-2";"Missão única fora da categoria diária; geralmente envolve conselheiros, níveis ou eventos, sem contador de eventos";"NotActivated"
"permanent_farming_seed_02";"permanent";"Once";"False";"False";"Plantando Sementes";"Plantar 4 sementes de batata.";"4";"Invalid";"";"-2";"Missão única fora da categoria diária; geralmente envolve conselheiros, níveis ou eventos, sem contador de eventos";"NotActivated"
"permanent_farming_seed_03";"permanent";"Once";"False";"False";"Plantando Sementes";"Plantar 4 sementes de trigo.";"4";"Invalid";"";"-2";"Missão única fora da categoria diária; geralmente envolve conselheiros, níveis ou eventos, sem contador de eventos";"NotActivated"
"permanent_farming_seed_04";"permanent";"Once";"False";"False";"Plantando Sementes";"Plantar 4 sementes de arroz.";"4";"Invalid";"";"-2";"Missão única fora da categoria diária; geralmente envolve conselheiros, níveis ou eventos, sem contador de eventos";"NotActivated"
"permanent_farming_seed_05";"permanent";"Once";"False";"False";"Plantando Sementes";"Plantar 4 sementes de melaleuca.";"4";"Invalid";"";"-2";"Missão única fora da categoria diária; geralmente envolve conselheiros, níveis ou eventos, sem contador de eventos";"NotActivated"
"permanent_farming_seed_06";"permanent";"Once";"False";"False";"Plantando Sementes";"Plantar 4 sementes de café.";"4";"Invalid";"";"-2";"Missão única fora da categoria diária; geralmente envolve conselheiros, níveis ou eventos, sem contador de eventos";"NotActivated"
"permanent_farming_seed_b_love_01";"permanent";"Once";"False";"False";"Cultivo em Ilha Vulcânica III";"Plante 5 sementes de oxalis azul.";"5";"Invalid";"";"-2";"Missão única fora da categoria diária; geralmente envolve conselheiros, níveis ou eventos, sem contador de eventos";"NotActivated"
"permanent_farming_seed_r_love_01";"permanent";"Once";"False";"False";"Cultivo em Ilha Vulcânica I";"Plante 5 sementes de oxalis vermelha.";"5";"Invalid";"";"-2";"Missão única fora da categoria diária; geralmente envolve conselheiros, níveis ou eventos, sem contador de eventos";"NotActivated"
"permanent_farming_seed_taro_01";"permanent";"Once";"False";"False";"Cultivo em Ilha Vulcânica IV";"Plante 5 sementes de taro.";"5";"Invalid";"";"-2";"Missão única fora da categoria diária; geralmente envolve conselheiros, níveis ou eventos, sem contador de eventos";"NotActivated"
"permanent_farming_seed_y_love_01";"permanent";"Once";"False";"False";"Cultivo em Ilha Vulcânica II";"Plante 5 sementes de oxalis amarela.";"5";"Invalid";"";"-2";"Missão única fora da categoria diária; geralmente envolve conselheiros, níveis ou eventos, sem contador de eventos";"NotActivated"
"permanent_gale_resist_lvup_01";"permanent";"Once";"False";"False";"Evoluindo a Resistência Física ao Vento";"Alcance o nível 5 de resistência física ao vento.";"5";"Invalid";"";"-2";"Missão única fora da categoria diária; geralmente envolve conselheiros, níveis ou eventos, sem contador de eventos";"NotActivated"
"permanent_gale_resist_lvup_02";"permanent";"Once";"False";"False";"Evoluindo a Resistência Física ao Vento";"Alcance o nível 10 de resistência física ao vento.";"10";"Invalid";"";"-2";"Missão única fora da categoria diária; geralmente envolve conselheiros, níveis ou eventos, sem contador de eventos";"NotActivated"
"permanent_gale_resist_lvup_03";"permanent";"Once";"False";"False";"Evoluindo a Resistência Física ao Vento";"Alcance o nível 20 de resistência física ao vento.";"20";"Invalid";"";"-2";"Missão única fora da categoria diária; geralmente envolve conselheiros, níveis ou eventos, sem contador de eventos";"NotActivated"
"permanent_gale_resist_lvup_04";"permanent";"Once";"False";"False";"Evoluindo a Resistência Física ao Vento";"Alcance o nível 30 de resistência física ao vento.";"30";"Invalid";"";"-2";"Missão única fora da categoria diária; geralmente envolve conselheiros, níveis ou eventos, sem contador de eventos";"NotActivated"
"permanent_gale_resist_lvup_05";"permanent";"Once";"False";"False";"Evoluindo a Resistência Física ao Vento";"Alcance o nível 40 de resistência física ao vento.";"40";"Invalid";"";"-2";"Missão única fora da categoria diária; geralmente envolve conselheiros, níveis ou eventos, sem contador de eventos";"NotActivated"
"permanent_gale_resist_lvup_06";"permanent";"Once";"False";"False";"Evoluindo a Resistência Física ao Vento";"Alcance o nível 50 de resistência física ao vento.";"50";"Invalid";"";"-2";"Missão única fora da categoria diária; geralmente envolve conselheiros, níveis ou eventos, sem contador de eventos";"NotActivated"
"permanent_gathering_any_01";"permanent";"Once";"True";"True";"Coletando e Minerando";"Coletar ou minerar 50 vezes.";"50";"Collected";"gather";"-2";"";"WorkInProgress"
"permanent_gathering_any_02";"permanent";"Once";"True";"True";"Coletando e Minerando";"Coletar ou minerar 100 vezes.";"100";"Collected";"gather";"-2";"";"WorkInProgress"
"permanent_gathering_any_03";"permanent";"Once";"True";"True";"Coletando e Minerando";"Coletar ou minerar 300 vezes.";"300";"Collected";"gather";"-2";"";"WorkInProgress"
"permanent_gathering_any_04";"permanent";"Once";"True";"True";"Coletando e Minerando";"Coletar ou minerar 1.000 vezes.";"1000";"Collected";"gather";"-2";"";"WorkInProgress"
"permanent_gathering_basalt_01";"permanent";"Once";"False";"False";"Coleta de Basalto I";"Colete basalto 5 vezes.";"5";"Invalid";"";"-2";"Missão única fora da categoria diária; geralmente envolve conselheiros, níveis ou eventos, sem contador de eventos";"NotActivated"
"permanent_gathering_basalt_02";"permanent";"Once";"False";"False";"Coleta de Basalto II";"Colete basalto 10 vezes.";"10";"Invalid";"";"-2";"Missão única fora da categoria diária; geralmente envolve conselheiros, níveis ou eventos, sem contador de eventos";"NotActivated"
"permanent_gathering_basalt_03";"permanent";"Once";"False";"False";"Coleta de Basalto III";"Colete basalto 50 vezes.";"50";"Invalid";"";"-2";"Missão única fora da categoria diária; geralmente envolve conselheiros, níveis ou eventos, sem contador de eventos";"NotActivated"
"permanent_gathering_black_iron_01";"permanent";"Once";"False";"False";"Coleta de Minério de Ferro Preto I";"Colete minério de ferro preto 5 vezes.";"5";"Invalid";"";"-2";"Missão única fora da categoria diária; geralmente envolve conselheiros, níveis ou eventos, sem contador de eventos";"NotActivated"
"permanent_gathering_black_iron_02";"permanent";"Once";"False";"False";"Coleta de Minério de Ferro Preto II";"Colete minério de ferro preto 10 vezes.";"10";"Invalid";"";"-2";"Missão única fora da categoria diária; geralmente envolve conselheiros, níveis ou eventos, sem contador de eventos";"NotActivated"
"permanent_gathering_black_iron_03";"permanent";"Once";"False";"False";"Coleta de Minério de Ferro Preto III";"Colete minério de ferro preto 50 vezes.";"50";"Invalid";"";"-2";"Missão única fora da categoria diária; geralmente envolve conselheiros, níveis ou eventos, sem contador de eventos";"NotActivated"
"permanent_gathering_clay_01";"permanent";"Once";"False";"False";"Coletando Lama";"Coletar lama 10 vezes.";"10";"Invalid";"";"-2";"Missão única fora da categoria diária; geralmente envolve conselheiros, níveis ou eventos, sem contador de eventos";"NotActivated"
"permanent_gathering_clay_02";"permanent";"Once";"False";"False";"Coletando Lama";"Coletar lama 30 vezes.";"30";"Invalid";"";"-2";"Missão única fora da categoria diária; geralmente envolve conselheiros, níveis ou eventos, sem contador de eventos";"NotActivated"
"permanent_gathering_clay_03";"permanent";"Once";"False";"False";"Coletando Lama";"Coletar lama 100 vezes.";"100";"Invalid";"";"-2";"Missão única fora da categoria diária; geralmente envolve conselheiros, níveis ou eventos, sem contador de eventos";"NotActivated"
"permanent_gathering_clay_04";"permanent";"Once";"False";"False";"Coleta de Lama em Ilha Vulcânica";"Colete lama cinza 100 vezes.";"100";"Invalid";"";"-2";"Missão única fora da categoria diária; geralmente envolve conselheiros, níveis ou eventos, sem contador de eventos";"NotActivated"
"permanent_gathering_granite_01";"permanent";"Once";"False";"False";"Coleta de Granito I";"Colete granito 5 vezes.";"5";"Invalid";"";"-2";"Missão única fora da categoria diária; geralmente envolve conselheiros, níveis ou eventos, sem contador de eventos";"NotActivated"
"permanent_gathering_granite_02";"permanent";"Once";"False";"False";"Coleta de Granito II";"Colete granito 10 vezes.";"10";"Invalid";"";"-2";"Missão única fora da categoria diária; geralmente envolve conselheiros, níveis ou eventos, sem contador de eventos";"NotActivated"
"permanent_gathering_granite_03";"permanent";"Once";"False";"False";"Coleta de Granito III";"Colete granito 50 vezes.";"50";"Invalid";"";"-2";"Missão única fora da categoria diária; geralmente envolve conselheiros, níveis ou eventos, sem contador de eventos";"NotActivated"
"permanent_gathering_hard_lava_01";"permanent";"Once";"False";"False";"Coleta de Lava Endurecida I";"Colete lava endurecida 5 vezes.";"5";"Invalid";"";"-2";"Missão única fora da categoria diária; geralmente envolve conselheiros, níveis ou eventos, sem contador de eventos";"NotActivated"
"permanent_gathering_hard_lava_02";"permanent";"Once";"False";"False";"Coleta de Lava Endurecida II";"Colete lava endurecida 10 vezes.";"10";"Invalid";"";"-2";"Missão única fora da categoria diária; geralmente envolve conselheiros, níveis ou eventos, sem contador de eventos";"NotActivated"
"permanent_gathering_hard_lava_03";"permanent";"Once";"False";"False";"Coleta de Lava Endurecida III";"Colete lava endurecida 50 vezes.";"50";"Invalid";"";"-2";"Missão única fora da categoria diária; geralmente envolve conselheiros, níveis ou eventos, sem contador de eventos";"NotActivated"
"permanent_gathering_lava_01";"permanent";"Once";"False";"False";"Coleta de Lava I";"Colete lava 5 vezes.";"5";"Invalid";"";"-2";"Missão única fora da categoria diária; geralmente envolve conselheiros, níveis ou eventos, sem contador de eventos";"NotActivated"
"permanent_gathering_lava_02";"permanent";"Once";"False";"False";"Coleta de Lava II";"Colete lava 10 vezes.";"10";"Invalid";"";"-2";"Missão única fora da categoria diária; geralmente envolve conselheiros, níveis ou eventos, sem contador de eventos";"NotActivated"
"permanent_gathering_lava_03";"permanent";"Once";"False";"False";"Coleta de Lava III";"Colete lava 50 vezes.";"50";"Invalid";"";"-2";"Missão única fora da categoria diária; geralmente envolve conselheiros, níveis ou eventos, sem contador de eventos";"NotActivated"
"permanent_gathering_love_flower_01";"permanent";"Once";"False";"False";"Vida em um Lugar Árido I";"Colete oxalis selvagem 15 vezes.";"15";"Invalid";"";"-2";"Missão única fora da categoria diária; geralmente envolve conselheiros, níveis ou eventos, sem contador de eventos";"NotActivated"
"permanent_gathering_love_flower_02";"permanent";"Once";"False";"False";"Vida em um Lugar Árido II";"Colete oxalis selvagem 90 vezes.";"90";"Invalid";"";"-2";"Missão única fora da categoria diária; geralmente envolve conselheiros, níveis ou eventos, sem contador de eventos";"NotActivated"
"permanent_gathering_love_flower_03";"permanent";"Once";"False";"False";"Vida em um Lugar Árido III";"Colete oxalis selvagem 300 vezes.";"300";"Invalid";"";"-2";"Missão única fora da categoria diária; geralmente envolve conselheiros, níveis ou eventos, sem contador de eventos";"NotActivated"
"permanent_gathering_rock_01";"permanent";"Once";"False";"False";"Mineração de Pedregulho";"Minerar 10 pedregulhos.";"10";"Invalid";"";"-2";"Missão única fora da categoria diária; geralmente envolve conselheiros, níveis ou eventos, sem contador de eventos";"NotActivated"
"permanent_gathering_rock_02";"permanent";"Once";"False";"False";"Mineração de Pedregulho";"Minerar 20 pedregulhos.";"20";"Invalid";"";"-2";"Missão única fora da categoria diária; geralmente envolve conselheiros, níveis ou eventos, sem contador de eventos";"NotActivated"
"permanent_gathering_rock_03";"permanent";"Once";"False";"False";"Mineração de Pedregulho";"Minerar 50 pedregulhos.";"50";"Invalid";"";"-2";"Missão única fora da categoria diária; geralmente envolve conselheiros, níveis ou eventos, sem contador de eventos";"NotActivated"
"permanent_gathering_seed_box_01";"permanent";"Once";"False";"False";"Achados e Perdidos I";"Colete sementes em pacotes perdidos 1 vez.";"1";"Invalid";"";"-2";"Missão única fora da categoria diária; geralmente envolve conselheiros, níveis ou eventos, sem contador de eventos";"NotActivated"
"permanent_gathering_seed_box_02";"permanent";"Once";"False";"False";"Achados e Perdidos II";"Colete sementes em pacotes perdidos 2 vezes.";"2";"Invalid";"";"-2";"Missão única fora da categoria diária; geralmente envolve conselheiros, níveis ou eventos, sem contador de eventos";"NotActivated"
"permanent_gathering_seed_box_03";"permanent";"Once";"False";"False";"Achados e Perdidos III";"Colete sementes em pacotes perdidos 3 vezes.";"3";"Invalid";"";"-2";"Missão única fora da categoria diária; geralmente envolve conselheiros, níveis ou eventos, sem contador de eventos";"NotActivated"
"permanent_gathering_seed_dump_01";"permanent";"Once";"False";"False";"Achados e Passados I";"Colete sementes em esterco de animal 1 vez.";"1";"Invalid";"";"-2";"Missão única fora da categoria diária; geralmente envolve conselheiros, níveis ou eventos, sem contador de eventos";"NotActivated"
"permanent_gathering_seed_dump_02";"permanent";"Once";"False";"False";"Achados e Passados II";"Colete sementes em esterco de animal 3 vezes.";"3";"Invalid";"";"-2";"Missão única fora da categoria diária; geralmente envolve conselheiros, níveis ou eventos, sem contador de eventos";"NotActivated"
"permanent_gathering_seed_dump_03";"permanent";"Once";"False";"False";"Achados e Passados III";"Colete sementes em esterco de animal 5 vezes.";"5";"Invalid";"";"-2";"Missão única fora da categoria diária; geralmente envolve conselheiros, níveis ou eventos, sem contador de eventos";"NotActivated"
"permanent_gathering_stem_01";"permanent";"Once";"False";"False";"Coletando Caules de Plantas";"Coletar 20 caules de plantas.";"20";"Invalid";"";"-2";"Missão única fora da categoria diária; geralmente envolve conselheiros, níveis ou eventos, sem contador de eventos";"NotActivated"
"permanent_gathering_stem_02";"permanent";"Once";"False";"False";"Coletando Caules de Plantas";"Coletar 60 caules de plantas.";"60";"Invalid";"";"-2";"Missão única fora da categoria diária; geralmente envolve conselheiros, níveis ou eventos, sem contador de eventos";"NotActivated"
"permanent_gathering_stem_03";"permanent";"Once";"False";"False";"Coletando Caules de Plantas";"Coletar 20 caules de plantas.";"200";"Invalid";"";"-2";"Missão única fora da categoria diária; geralmente envolve conselheiros, níveis ou eventos, sem contador de eventos";"NotActivated"
"permanent_gathering_stone_01";"permanent";"Once";"False";"False";"Coletando Seixos";"Coletar 30 seixos.";"30";"Invalid";"";"-2";"Missão única fora da categoria diária; geralmente envolve conselheiros, níveis ou eventos, sem contador de eventos";"NotActivated"
"permanent_gathering_stone_02";"permanent";"Once";"False";"False";"Coletando Seixos";"Coletar 90 seixos.";"90";"Invalid";"";"-2";"Missão única fora da categoria diária; geralmente envolve conselheiros, níveis ou eventos, sem contador de eventos";"NotActivated"
"permanent_gathering_stone_03";"permanent";"Once";"False";"False";"Coletando Seixos";"Coletar 300 seixos.";"300";"Invalid";"";"-2";"Missão única fora da categoria diária; geralmente envolve conselheiros, níveis ou eventos, sem contador de eventos";"NotActivated"
"permanent_gathering_sulphur_01";"permanent";"Once";"False";"False";"Coleta de Enxofre I";"Colete enxofre 5 vezes.";"5";"Invalid";"";"-2";"Missão única fora da categoria diária; geralmente envolve conselheiros, níveis ou eventos, sem contador de eventos";"NotActivated"
"permanent_gathering_sulphur_02";"permanent";"Once";"False";"False";"Coleta de Enxofre II";"Colete enxofre 10 vezes.";"10";"Invalid";"";"-2";"Missão única fora da categoria diária; geralmente envolve conselheiros, níveis ou eventos, sem contador de eventos";"NotActivated"
"permanent_gathering_sulphur_03";"permanent";"Once";"False";"False";"Coleta de Enxofre III";"Colete enxofre 50 vezes.";"50";"Invalid";"";"-2";"Missão única fora da categoria diária; geralmente envolve conselheiros, níveis ou eventos, sem contador de eventos";"NotActivated"
"permanent_gathering_wood_bough_01";"permanent";"Once";"False";"False";"Coletando Galhos";"Coletar 20 galhos.";"20";"Invalid";"";"-2";"Missão única fora da categoria diária; geralmente envolve conselheiros, níveis ou eventos, sem contador de eventos";"NotActivated"
"permanent_gathering_wood_bough_02";"permanent";"Once";"False";"False";"Coletando Galhos";"Coletar 60 galhos.";"60";"Invalid";"";"-2";"Missão única fora da categoria diária; geralmente envolve conselheiros, níveis ou eventos, sem contador de eventos";"NotActivated"
"permanent_gathering_wood_bough_03";"permanent";"Once";"False";"False";"Coletando Galhos";"Coletar 200 galhos.";"200";"Invalid";"";"-2";"Missão única fora da categoria diária; geralmente envolve conselheiros, níveis ou eventos, sem contador de eventos";"NotActivated"
"permanent_gathering_wood_bough_04";"permanent";"Once";"False";"False";"Coleta de Galho em Ilha Vulcânica";"Colete 200 galhos de árvores de freixo.";"200";"Invalid";"";"-2";"Missão única fora da categoria diária; geralmente envolve conselheiros, níveis ou eventos, sem contador de eventos";"NotActivated"
"permanent_gathering_wood_log_01";"permanent";"Once";"False";"False";"Coletando Troncos";"Coletar 10 troncos.";"10";"Invalid";"";"-2";"Missão única fora da categoria diária; geralmente envolve conselheiros, níveis ou eventos, sem contador de eventos";"NotActivated"
"permanent_gathering_wood_log_02";"permanent";"Once";"False";"False";"Coletando Troncos";"Coletar 20 troncos.";"20";"Invalid";"";"-2";"Missão única fora da categoria diária; geralmente envolve conselheiros, níveis ou eventos, sem contador de eventos";"NotActivated"
"permanent_gathering_wood_log_03";"permanent";"Once";"False";"False";"Coletando Troncos";"Coletar 50 troncos.";"50";"Invalid";"";"-2";"Missão única fora da categoria diária; geralmente envolve conselheiros, níveis ou eventos, sem contador de eventos";"NotActivated"
"permanent_gathering_wood_log_04";"permanent";"Once";"False";"False";"Coleta de Tronco em Ilha Vulcânica";"Colete 100 troncos de árvores de freixo.";"100";"Invalid";"";"-2";"Missão única fora da categoria diária; geralmente envolve conselheiros, níveis ou eventos, sem contador de eventos";"NotActivated"
"permanent_heat_resist_lvup_01";"permanent";"Once";"False";"False";"Evoluindo a Resistência Física ao Calor";"Alcance o nível 5 de resistência física ao calor.";"5";"Invalid";"";"-2";"Missão única fora da categoria diária; geralmente envolve conselheiros, níveis ou eventos, sem contador de eventos";"NotActivated"
"permanent_heat_resist_lvup_02";"permanent";"Once";"False";"False";"Evoluindo a Resistência Física ao Calor";"Alcance o nível 10 de resistência física ao calor.";"10";"Invalid";"";"-2";"Missão única fora da categoria diária; geralmente envolve conselheiros, níveis ou eventos, sem contador de eventos";"NotActivated"
"permanent_heat_resist_lvup_03";"permanent";"Once";"False";"False";"Evoluindo a Resistência Física ao Calor";"Alcance o nível 20 de resistência física ao calor.";"20";"Invalid";"";"-2";"Missão única fora da categoria diária; geralmente envolve conselheiros, níveis ou eventos, sem contador de eventos";"NotActivated"
"permanent_heat_resist_lvup_04";"permanent";"Once";"False";"False";"Evoluindo a Resistência Física ao Calor";"Alcance o nível 30 de resistência física ao calor.";"30";"Invalid";"";"-2";"Missão única fora da categoria diária; geralmente envolve conselheiros, níveis ou eventos, sem contador de eventos";"NotActivated"
"permanent_heat_resist_lvup_05";"permanent";"Once";"False";"False";"Evoluindo a Resistência Física ao Calor";"Alcance o nível 40 de resistência física ao calor.";"40";"Invalid";"";"-2";"Missão única fora da categoria diária; geralmente envolve conselheiros, níveis ou eventos, sem contador de eventos";"NotActivated"
"permanent_heat_resist_lvup_06";"permanent";"Once";"False";"False";"Evoluindo a Resistência Física ao Calor";"Alcance o nível 50 de resistência física ao calor.";"50";"Invalid";"";"-2";"Missão única fora da categoria diária; geralmente envolve conselheiros, níveis ou eventos, sem contador de eventos";"NotActivated"
"permanent_humid_resist_lvup_01";"permanent";"Once";"False";"False";"Evoluindo a Resistência Física à Umidade";"Alcance o nível 5 de resistência física à umidade.";"5";"Invalid";"";"-2";"Missão única fora da categoria diária; geralmente envolve conselheiros, níveis ou eventos, sem contador de eventos";"NotActivated"
"permanent_humid_resist_lvup_02";"permanent";"Once";"False";"False";"Evoluindo a Resistência Física à Umidade";"Alcance o nível 10 de resistência física à umidade.";"10";"Invalid";"";"-2";"Missão única fora da categoria diária; geralmente envolve conselheiros, níveis ou eventos, sem contador de eventos";"NotActivated"
"permanent_humid_resist_lvup_03";"permanent";"Once";"False";"False";"Evoluindo a Resistência Física à Umidade";"Alcance o nível 20 de resistência física à umidade.";"20";"Invalid";"";"-2";"Missão única fora da categoria diária; geralmente envolve conselheiros, níveis ou eventos, sem contador de eventos";"NotActivated"
"permanent_humid_resist_lvup_04";"permanent";"Once";"False";"False";"Evoluindo a Resistência Física à Umidade";"Alcance o nível 30 de resistência física à umidade.";"30";"Invalid";"";"-2";"Missão única fora da categoria diária; geralmente envolve conselheiros, níveis ou eventos, sem contador de eventos";"NotActivated"
"permanent_humid_resist_lvup_05";"permanent";"Once";"False";"False";"Evoluindo a Resistência Física à Umidade";"Alcance o nível 40 de resistência física à umidade.";"40";"Invalid";"";"-2";"Missão única fora da categoria diária; geralmente envolve conselheiros, níveis ou eventos, sem contador de eventos";"NotActivated"
"permanent_humid_resist_lvup_06";"permanent";"Once";"False";"False";"Evoluindo a Resistência Física à Umidade";"Alcance o nível 50 de resistência física à umidade.";"50";"Invalid";"";"-2";"Missão única fora da categoria diária; geralmente envolve conselheiros, níveis ou eventos, sem contador de eventos";"NotActivated"
"permanent_hunt_amargasaurus_01";"permanent";"Once";"False";"False";"Caça ao Amargassauro";"Cace 1 Amargassauro.";"1";"Invalid";"";"-2";"Missão única fora da categoria diária; geralmente envolve conselheiros, níveis ou eventos, sem contador de eventos";"NotActivated"
"permanent_hunt_andrewsarcus_01";"permanent";"Once";"False";"False";"Caça ao Andrewsarchus";"Cace 5 Andrewsarchus.";"5";"Invalid";"";"-2";"Missão única fora da categoria diária; geralmente envolve conselheiros, níveis ou eventos, sem contador de eventos";"NotActivated"
"permanent_hunt_ankylosaurus_01";"permanent";"Once";"False";"False";"Caçando o Anquilossauro";"Caçar 1 Anquilossauro.";"1";"Invalid";"";"-2";"Missão única fora da categoria diária; geralmente envolve conselheiros, níveis ou eventos, sem contador de eventos";"NotActivated"
"permanent_hunt_any_animal_01";"permanent";"Once";"True";"True";"Caçando Animais";"Caçar 20 animais.";"20";"Hunted";"";"-2";"";"WorkInProgress"
"permanent_hunt_any_animal_02";"permanent";"Once";"True";"True";"Caçando Animais";"Caçar 50 animais.";"50";"Hunted";"";"-2";"";"WorkInProgress"
"permanent_hunt_any_animal_03";"permanent";"Once";"True";"True";"Caçando Animais";"Caçar 100 animais.";"100";"Hunted";"";"-2";"";"WorkInProgress"
"permanent_hunt_any_animal_04";"permanent";"Once";"True";"True";"Caçando Animais";"Caçar 200 animais.";"200";"Hunted";"";"-2";"";"WorkInProgress"
"permanent_hunt_any_animal_05";"permanent";"Once";"True";"True";"Caçando Animais";"Caçar 500 animais.";"500";"Hunted";"";"-2";"";"WorkInProgress"
"permanent_hunt_any_animal_06";"permanent";"Once";"True";"True";"Caçando Animais";"Caçar 1.000 animais.";"1000";"Hunted";"";"-2";"";"WorkInProgress"
"permanent_hunt_apatosaurus_01";"permanent";"Once";"False";"False";"Caçando o Apatossauro";"Cace 1 Apatossauro.";"1";"Invalid";"";"-2";"Missão única fora da categoria diária; geralmente envolve conselheiros, níveis ou eventos, sem contador de eventos";"NotActivated"
"permanent_hunt_brachio_01";"permanent";"Once";"False";"False";"Caçando o Braquiossauro";"Caçar 1 Braquiossauro.";"1";"Invalid";"";"-2";"Missão única fora da categoria diária; geralmente envolve conselheiros, níveis ou eventos, sem contador de eventos";"NotActivated"
"permanent_hunt_compso_01";"permanent";"Once";"False";"False";"Caçando o Compsognato";"Caçar 20 Compsognatos.";"20";"Invalid";"";"-2";"Missão única fora da categoria diária; geralmente envolve conselheiros, níveis ou eventos, sem contador de eventos";"NotActivated"
"permanent_hunt_horseshoecrab_01";"permanent";"Once";"False";"False";"Caça ao Caranguejo-Ferradura";"Cace 10 caranguejos-ferradura.";"10";"Invalid";"";"-2";"Missão única fora da categoria diária; geralmente envolve conselheiros, níveis ou eventos, sem contador de eventos";"NotActivated"
"permanent_hunt_kasmosaurus_01";"permanent";"Once";"False";"False";"Caça ao Chasmossauro de Cinza Vulcânica";"Cace 3 Chasmossauros de Cinza Vulcânica.";"3";"Invalid";"";"-2";"Missão única fora da categoria diária; geralmente envolve conselheiros, níveis ou eventos, sem contador de eventos";"NotActivated"
"permanent_hunt_mammoth_01";"permanent";"Once";"False";"False";"Caçando o Mamute";"Caçar 1 Mamute.";"1";"Invalid";"";"-2";"Missão única fora da categoria diária; geralmente envolve conselheiros, níveis ou eventos, sem contador de eventos";"NotActivated"
"permanent_hunt_megaloceros_01";"permanent";"Once";"False";"False";"Caçando o Megaloceros";"Caçar 1 Megaloceros.";"1";"Invalid";"";"-2";"Missão única fora da categoria diária; geralmente envolve conselheiros, níveis ou eventos, sem contador de eventos";"NotActivated"
"permanent_hunt_ornithomimus_01";"permanent";"Once";"False";"False";"Caçando o Ornitomimo";"Caçar 1 Ornitomimo.";"1";"Invalid";"";"-2";"Missão única fora da categoria diária; geralmente envolve conselheiros, níveis ou eventos, sem contador de eventos";"NotActivated"
"permanent_hunt_parasaurolophus_01";"permanent";"Once";"False";"False";"Caçando o Parassaurolofo";"Caçar 1 Parassaurolofo.";"1";"Invalid";"";"-2";"Missão única fora da categoria diária; geralmente envolve conselheiros, níveis ou eventos, sem contador de eventos";"NotActivated"
"permanent_hunt_phenacodus_01";"permanent";"Once";"False";"False";"Caçando o Phenacodus";"Caçar 10 Phenacodus.";"10";"Invalid";"";"-2";"Missão única fora da categoria diária; geralmente envolve conselheiros, níveis ou eventos, sem contador de eventos";"NotActivated"
"permanent_hunt_raptor_01";"permanent";"Once";"False";"False";"Caçando o Velociraptor";"Caçar 5 Velociraptores.";"5";"Invalid";"";"-2";"Missão única fora da categoria diária; geralmente envolve conselheiros, níveis ou eventos, sem contador de eventos";"NotActivated"
"permanent_hunt_red_dotted_iguana_01";"permanent";"Once";"False";"False";"Caça à Iguana de Manchas Vermelhas";"Cace 1 iguana de manchas vermelhas.";"1";"Invalid";"";"-2";"Missão única fora da categoria diária; geralmente envolve conselheiros, níveis ou eventos, sem contador de eventos";"NotActivated"
"permanent_hunt_sabertooth_01";"permanent";"Once";"False";"False";"Caçando o Dente-de-sabre";"Caçar 1 Dente-de-sabre.";"1";"Invalid";"";"-2";"Missão única fora da categoria diária; geralmente envolve conselheiros, níveis ou eventos, sem contador de eventos";"NotActivated"
"permanent_hunt_stegosaurus_01";"permanent";"Once";"False";"False";"Caçando o Estegossauro";"Caçar 1 Estegossauro.";"1";"Invalid";"";"-2";"Missão única fora da categoria diária; geralmente envolve conselheiros, níveis ou eventos, sem contador de eventos";"NotActivated"
"permanent_hunt_tarbosaurus_01";"permanent";"Once";"False";"False";"Caçando o Tarbossauro";"Caçar 1 Tarbossauro.";"1";"Invalid";"";"-2";"Missão única fora da categoria diária; geralmente envolve conselheiros, níveis ou eventos, sem contador de eventos";"NotActivated"
"permanent_hunt_triceratops_01";"permanent";"Once";"False";"False";"Caçando o Triceratops";"Caçar 1 Triceratops.";"1";"Invalid";"";"-2";"Missão única fora da categoria diária; geralmente envolve conselheiros, níveis ou eventos, sem contador de eventos";"NotActivated"
"permanent_hunt_tyranosaurus_01";"permanent";"Once";"False";"False";"Caça ao Tiranossauro";"Cace 1 Tiranossauro.";"1";"Invalid";"";"-2";"Missão única fora da categoria diária; geralmente envolve conselheiros, níveis ou eventos, sem contador de eventos";"NotActivated"
"permanent_hunt_volcanic_eutaraptor_01";"permanent";"Once";"False";"False";"Caça ao Utahraptor de Cabeça Preta";"Cace 5 Utahraptores de Cabeça Preta.";"5";"Invalid";"";"-2";"Missão única fora da categoria diária; geralmente envolve conselheiros, níveis ou eventos, sem contador de eventos";"NotActivated"
"permanent_hunt_volcanic_hadrosaurus_01";"permanent";"Once";"False";"False";"Caça ao Hadrossauro de Lava";"Cace 3 Hadrossauros de Lava.";"3";"Invalid";"";"-2";"Missão única fora da categoria diária; geralmente envolve conselheiros, níveis ou eventos, sem contador de eventos";"NotActivated"
"permanent_hunt_volcanic_skuncodus_01";"permanent";"Once";"False";"False";"Caça a Skunkodus Sulfúrico";"Cace 5 Skunkodus Sulfúricos.";"5";"Invalid";"";"-2";"Missão única fora da categoria diária; geralmente envolve conselheiros, níveis ou eventos, sem contador de eventos";"NotActivated"
"permanent_hunt_white_stripe_iguana_01";"permanent";"Once";"False";"False";"Caça à Iguana de Listras Brancas";"Cace 5 iguanas de listras brancas.";"5";"Invalid";"";"-2";"Missão única fora da categoria diária; geralmente envolve conselheiros, níveis ou eventos, sem contador de eventos";"NotActivated"
"permanent_level_character_05";"permanent";"Once";"True";"True";"Subir Nível do Personagem";"Chegar ao nível de personagem 5.";"5";"Invalid";"";"-1";"";"WorkInProgress"
"permanent_level_character_10";"permanent";"Once";"True";"True";"Subir Nível do Personagem";"Chegar ao nível de personagem 10.";"10";"Invalid";"";"-1";"";"WorkInProgress"
"permanent_level_character_15";"permanent";"Once";"True";"True";"Subir Nível do Personagem";"Chegar ao nível de personagem 15.";"15";"Invalid";"";"-1";"";"WorkInProgress"
"permanent_level_character_20";"permanent";"Once";"True";"True";"Subir Nível do Personagem";"Chegar ao nível de personagem 20.";"20";"Invalid";"";"-1";"";"WorkInProgress"
"permanent_level_character_25";"permanent";"Once";"True";"True";"Subir Nível do Personagem";"Chegar ao nível de personagem 25.";"25";"Invalid";"";"-1";"";"WorkInProgress"
"permanent_level_character_30";"permanent";"Once";"True";"True";"Subir Nível do Personagem";"Chegar ao nível de personagem 30.";"30";"Invalid";"";"-1";"";"WorkInProgress"
"permanent_level_character_35";"permanent";"Once";"True";"True";"Subir Nível do Personagem";"Chegar ao nível de personagem 35.";"35";"Invalid";"";"-1";"";"WorkInProgress"
"permanent_level_character_40";"permanent";"Once";"True";"True";"Subir Nível do Personagem";"Chegar ao nível de personagem 40.";"40";"Invalid";"";"-1";"";"WorkInProgress"
"permanent_level_character_45";"permanent";"Once";"True";"True";"Subir Nível do Personagem";"Chegar ao nível de personagem 45.";"45";"Invalid";"";"-1";"";"WorkInProgress"
"permanent_level_character_50";"permanent";"Once";"True";"True";"Subir Nível do Personagem";"Chegar ao nível de personagem 50.";"50";"Invalid";"";"-1";"";"WorkInProgress"
"permanent_level_character_55";"permanent";"Once";"True";"True";"Subir Nível do Personagem";"Chegar ao nível de personagem 55.";"55";"Invalid";"";"-1";"";"WorkInProgress"
"permanent_level_character_60";"permanent";"Once";"True";"True";"Subir Nível do Personagem";"Chegar ao nível de personagem 60.";"60";"Invalid";"";"-1";"";"WorkInProgress"
"permanent_level_skill_armorcrafting_10";"permanent";"Once";"True";"True";"Subiu de Nível de Alfaiataria";"Chegar ao nível 10 da habilidade de alfaiataria.";"10";"Invalid";"";"10";"";"WorkInProgress"
"permanent_level_skill_armorcrafting_20";"permanent";"Once";"True";"True";"Subiu de Nível de Alfaiataria";"Chegar ao nível 20 da habilidade de alfaiataria.";"20";"Invalid";"";"10";"";"WorkInProgress"
"permanent_level_skill_armorcrafting_30";"permanent";"Once";"True";"True";"Subiu de Nível de Alfaiataria";"Chegar ao nível 30 da habilidade de alfaiataria.";"30";"Invalid";"";"10";"";"WorkInProgress"
"permanent_level_skill_armorcrafting_40";"permanent";"Once";"True";"True";"Subiu de Nível de Alfaiataria";"Chegar ao nível 40 da habilidade de alfaiataria.";"40";"Invalid";"";"10";"";"WorkInProgress"
"permanent_level_skill_armorcrafting_50";"permanent";"Once";"True";"True";"Subiu de Nível de Alfaiataria";"Chegar ao nível 50 da habilidade de alfaiataria.";"50";"Invalid";"";"10";"";"WorkInProgress"
"permanent_level_skill_armorcrafting_60";"permanent";"Once";"True";"True";"Subiu de Nível de Alfaiataria";"Chegar ao nível 60 da habilidade de alfaiataria.";"60";"Invalid";"";"10";"";"WorkInProgress"
"permanent_level_skill_butchery_10";"permanent";"Once";"True";"True";"Subiu de Nível de Esquartejamento";"Chegar ao nível 10 da habilidade de esquartejamento.";"10";"Invalid";"";"5";"";"WorkInProgress"
"permanent_level_skill_butchery_20";"permanent";"Once";"True";"True";"Subiu de Nível de Esquartejamento";"Chegar ao nível 20 da habilidade de esquartejamento.";"20";"Invalid";"";"5";"";"WorkInProgress"
"permanent_level_skill_butchery_30";"permanent";"Once";"True";"True";"Subiu de Nível de Esquartejamento";"Chegar ao nível 30 da habilidade de esquartejamento.";"30";"Invalid";"";"5";"";"WorkInProgress"
"permanent_level_skill_butchery_40";"permanent";"Once";"True";"True";"Subiu de Nível de Esquartejamento";"Chegar ao nível 40 da habilidade de esquartejamento.";"40";"Invalid";"";"5";"";"WorkInProgress"
"permanent_level_skill_butchery_50";"permanent";"Once";"True";"True";"Subiu de Nível de Esquartejamento";"Chegar ao nível 50 da habilidade de esquartejamento.";"50";"Invalid";"";"5";"";"WorkInProgress"
"permanent_level_skill_butchery_60";"permanent";"Once";"True";"True";"Subiu de Nível de Esquartejamento";"Chegar ao nível 60 da habilidade de esquartejamento.";"60";"Invalid";"";"5";"";"WorkInProgress"
"permanent_level_skill_constructing_10";"permanent";"Once";"True";"True";"Subiu de Nível de Construir";"Chegar ao nível 10 da habilidade de construção.";"10";"Invalid";"";"12";"";"WorkInProgress"
"permanent_level_skill_constructing_20";"permanent";"Once";"True";"True";"Subiu de Nível de Construir";"Chegar ao nível 20 da habilidade de construção.";"20";"Invalid";"";"12";"";"WorkInProgress"
"permanent_level_skill_constructing_30";"permanent";"Once";"True";"True";"Subiu de Nível de Construir";"Chegar ao nível 30 da habilidade de construção.";"30";"Invalid";"";"12";"";"WorkInProgress"
"permanent_level_skill_constructing_40";"permanent";"Once";"True";"True";"Subiu de Nível de Construir";"Chegar ao nível 40 da habilidade de construção.";"40";"Invalid";"";"12";"";"WorkInProgress"
"permanent_level_skill_constructing_50";"permanent";"Once";"True";"True";"Subiu de Nível de Construir";"Chegar ao nível 50 da habilidade de construção.";"50";"Invalid";"";"12";"";"WorkInProgress"
"permanent_level_skill_constructing_60";"permanent";"Once";"True";"True";"Subiu de Nível de Construir";"Chegar ao nível 60 da habilidade de construção.";"60";"Invalid";"";"12";"";"WorkInProgress"
"permanent_level_skill_cooking_10";"permanent";"Once";"True";"True";"Subiu de Nível de Cozinhar";"Chegar ao nível 10 da habilidade de cozinhar.";"10";"Invalid";"";"8";"";"WorkInProgress"
"permanent_level_skill_cooking_20";"permanent";"Once";"True";"True";"Subiu de Nível de Cozinhar";"Chegar ao nível 20 da habilidade de cozinhar.";"20";"Invalid";"";"8";"";"WorkInProgress"
"permanent_level_skill_cooking_30";"permanent";"Once";"True";"True";"Subiu de Nível de Cozinhar";"Chegar ao nível 30 da habilidade de cozinhar.";"30";"Invalid";"";"8";"";"WorkInProgress"
"permanent_level_skill_cooking_40";"permanent";"Once";"True";"True";"Subiu de Nível de Cozinhar";"Chegar ao nível 40 da habilidade de cozinhar.";"40";"Invalid";"";"8";"";"WorkInProgress"
"permanent_level_skill_cooking_50";"permanent";"Once";"True";"True";"Subiu de Nível de Cozinhar";"Chegar ao nível 50 da habilidade de cozinhar.";"50";"Invalid";"";"8";"";"WorkInProgress"
"permanent_level_skill_cooking_60";"permanent";"Once";"True";"True";"Subiu de Nível de Cozinhar";"Chegar ao nível 60 da habilidade de cozinhar.";"60";"Invalid";"";"8";"";"WorkInProgress"
"permanent_level_skill_defense_10";"permanent";"Once";"True";"True";"Subiu de Nível de Defesa";"Chegar ao nível 10 da habilidade de defesa.";"10";"Invalid";"";"4";"";"WorkInProgress"
"permanent_level_skill_defense_20";"permanent";"Once";"True";"True";"Subiu de Nível de Defesa";"Chegar ao nível 20 da habilidade de defesa.";"20";"Invalid";"";"4";"";"WorkInProgress"
"permanent_level_skill_defense_30";"permanent";"Once";"True";"True";"Subiu de Nível de Defesa";"Chegar ao nível 30 da habilidade de defesa.";"30";"Invalid";"";"4";"";"WorkInProgress"
"permanent_level_skill_defense_40";"permanent";"Once";"True";"True";"Subiu de Nível de Defesa";"Chegar ao nível 40 da habilidade de defesa.";"40";"Invalid";"";"4";"";"WorkInProgress"
"permanent_level_skill_defense_50";"permanent";"Once";"True";"True";"Subiu de Nível de Defesa";"Chegar ao nível 50 da habilidade de defesa.";"50";"Invalid";"";"4";"";"WorkInProgress"
"permanent_level_skill_defense_60";"permanent";"Once";"True";"True";"Subiu de Nível de Defesa";"Chegar ao nível 60 da habilidade de defesa.";"60";"Invalid";"";"4";"";"WorkInProgress"
"permanent_level_skill_farming_10";"permanent";"Once";"True";"True";"Subiu de Nível de Cultivo";"Chegar ao nível 10 da habilidade de cultivo.";"10";"Invalid";"";"13";"";"WorkInProgress"
"permanent_level_skill_farming_20";"permanent";"Once";"True";"True";"Subiu de Nível de Cultivo";"Chegar ao nível 20 da habilidade de cultivo.";"20";"Invalid";"";"13";"";"WorkInProgress"
"permanent_level_skill_farming_30";"permanent";"Once";"True";"True";"Subiu de Nível de Cultivo";"Chegar ao nível 30 da habilidade de cultivo.";"30";"Invalid";"";"13";"";"WorkInProgress"
"permanent_level_skill_farming_40";"permanent";"Once";"True";"True";"Subiu de Nível de Cultivo";"Chegar ao nível 40 da habilidade de cultivo.";"40";"Invalid";"";"13";"";"WorkInProgress"
"permanent_level_skill_farming_50";"permanent";"Once";"True";"True";"Subiu de Nível de Cultivo";"Chegar ao nível 50 da habilidade de cultivo.";"50";"Invalid";"";"13";"";"WorkInProgress"
"permanent_level_skill_farming_60";"permanent";"Once";"True";"True";"Subiu de Nível de Cultivo";"Chegar ao nível 60 da habilidade de cultivo.";"60";"Invalid";"";"13";"";"WorkInProgress"
"permanent_level_skill_gathering_10";"permanent";"Once";"True";"True";"Subiu de Nível de Coleta";"Chegar ao nível 10 da habilidade de coleta.";"10";"Invalid";"";"7";"";"WorkInProgress"
"permanent_level_skill_gathering_20";"permanent";"Once";"True";"True";"Subiu de Nível de Coleta";"Chegar ao nível 20 da habilidade de coleta.";"20";"Invalid";"";"7";"";"WorkInProgress"
"permanent_level_skill_gathering_30";"permanent";"Once";"True";"True";"Subiu de Nível de Coleta";"Chegar ao nível 30 da habilidade de coleta.";"30";"Invalid";"";"7";"";"WorkInProgress"
"permanent_level_skill_gathering_40";"permanent";"Once";"True";"True";"Subiu de Nível de Coleta";"Chegar ao nível 40 da habilidade de coleta.";"40";"Invalid";"";"7";"";"WorkInProgress"
"permanent_level_skill_gathering_50";"permanent";"Once";"True";"True";"Subiu de Nível de Coleta";"Chegar ao nível 50 da habilidade de coleta.";"50";"Invalid";"";"7";"";"WorkInProgress"
"permanent_level_skill_gathering_60";"permanent";"Once";"True";"True";"Subiu de Nível de Coleta";"Chegar ao nível 60 da habilidade de coleta.";"60";"Invalid";"";"7";"";"WorkInProgress"
"permanent_level_skill_melee_combat_10";"permanent";"Once";"True";"True";"Subiu de Nível de Corpo a Corpo";"Chegar ao nível 10 da habilidade corpo a corpo.";"10";"Invalid";"";"2";"";"WorkInProgress"
"permanent_level_skill_melee_combat_20";"permanent";"Once";"True";"True";"Subiu de Nível de Corpo a Corpo";"Chegar ao nível 20 da habilidade corpo a corpo.";"20";"Invalid";"";"2";"";"WorkInProgress"
"permanent_level_skill_melee_combat_30";"permanent";"Once";"True";"True";"Subiu de Nível de Corpo a Corpo";"Chegar ao nível 30 da habilidade corpo a corpo.";"30";"Invalid";"";"2";"";"WorkInProgress"
"permanent_level_skill_melee_combat_40";"permanent";"Once";"True";"True";"Subiu de Nível de Corpo a Corpo";"Chegar ao nível 40 da habilidade corpo a corpo.";"40";"Invalid";"";"2";"";"WorkInProgress"
"permanent_level_skill_melee_combat_50";"permanent";"Once";"True";"True";"Subiu de Nível de Corpo a Corpo";"Chegar ao nível 50 da habilidade corpo a corpo.";"50";"Invalid";"";"2";"";"WorkInProgress"
"permanent_level_skill_melee_combat_60";"permanent";"Once";"True";"True";"Subiu de Nível de Corpo a Corpo";"Chegar ao nível 60 da habilidade corpo a corpo.";"60";"Invalid";"";"2";"";"WorkInProgress"
"permanent_level_skill_process_10";"permanent";"Once";"True";"True";"Subiu de Nível de Processamento";"Chegar ao nível 10 da habilidade de processamento.";"10";"Invalid";"";"14";"";"WorkInProgress"
"permanent_level_skill_process_20";"permanent";"Once";"True";"True";"Subiu de Nível de Processamento";"Chegar ao nível 20 da habilidade de processamento.";"20";"Invalid";"";"14";"";"WorkInProgress"
"permanent_level_skill_process_30";"permanent";"Once";"True";"True";"Subiu de Nível de Processamento";"Chegar ao nível 30 da habilidade de processamento.";"30";"Invalid";"";"14";"";"WorkInProgress"
"permanent_level_skill_process_40";"permanent";"Once";"True";"True";"Subiu de Nível de Processamento";"Chegar ao nível 40 da habilidade de processamento.";"40";"Invalid";"";"14";"";"WorkInProgress"
"permanent_level_skill_process_50";"permanent";"Once";"True";"True";"Subiu de Nível de Processamento";"Chegar ao nível 50 da habilidade de processamento.";"50";"Invalid";"";"14";"";"WorkInProgress"
"permanent_level_skill_process_60";"permanent";"Once";"True";"True";"Subiu de Nível de Processamento";"Chegar ao nível 60 da habilidade de processamento.";"60";"Invalid";"";"14";"";"WorkInProgress"
"permanent_level_skill_ranged_combat_10";"permanent";"Once";"True";"True";"Subiu de Nível de Arco e Flecha";"Chegar ao nível 10 da habilidade de arco e flecha.";"10";"Invalid";"";"3";"";"WorkInProgress"
"permanent_level_skill_ranged_combat_20";"permanent";"Once";"True";"True";"Subiu de Nível de Arco e Flecha";"Chegar ao nível 20 da habilidade de arco e flecha.";"20";"Invalid";"";"3";"";"WorkInProgress"
"permanent_level_skill_ranged_combat_30";"permanent";"Once";"True";"True";"Subiu de Nível de Arco e Flecha";"Chegar ao nível 30 da habilidade de arco e flecha.";"30";"Invalid";"";"3";"";"WorkInProgress"
"permanent_level_skill_ranged_combat_40";"permanent";"Once";"True";"True";"Subiu de Nível de Arco e Flecha";"Chegar ao nível 40 da habilidade de arco e flecha.";"40";"Invalid";"";"3";"";"WorkInProgress"
"permanent_level_skill_ranged_combat_50";"permanent";"Once";"True";"True";"Subiu de Nível de Arco e Flecha";"Chegar ao nível 50 da habilidade de arco e flecha.";"50";"Invalid";"";"3";"";"WorkInProgress"
"permanent_level_skill_ranged_combat_60";"permanent";"Once";"True";"True";"Subiu de Nível de Arco e Flecha";"Chegar ao nível 60 da habilidade de arco e flecha.";"60";"Invalid";"";"3";"";"WorkInProgress"
"permanent_level_skill_weaponcrafting_10";"permanent";"Once";"True";"True";"Subiu de Nível de Criação de Ferramentas/Armas";"Chegar ao nível 10 da habilidade de criação de ferramentas/armas.";"10";"Invalid";"";"9";"";"WorkInProgress"
"permanent_level_skill_weaponcrafting_20";"permanent";"Once";"True";"True";"Subiu de Nível de Criação de Ferramentas/Armas";"Chegar ao nível 20 da habilidade de criação de ferramentas/armas.";"20";"Invalid";"";"9";"";"WorkInProgress"
"permanent_level_skill_weaponcrafting_30";"permanent";"Once";"True";"True";"Subiu de Nível de Criação de Ferramentas/Armas";"Chegar ao nível 30 da habilidade de criação de ferramentas/armas.";"30";"Invalid";"";"9";"";"WorkInProgress"
"permanent_level_skill_weaponcrafting_40";"permanent";"Once";"True";"True";"Subiu de Nível de Criação de Ferramentas/Armas";"Chegar ao nível 40 da habilidade de criação de ferramentas/armas.";"40";"Invalid";"";"9";"";"WorkInProgress"
"permanent_level_skill_weaponcrafting_50";"permanent";"Once";"True";"True";"Subiu de Nível de Criação de Ferramentas/Armas";"Chegar ao nível 50 da habilidade de criação de ferramentas/armas.";"50";"Invalid";"";"9";"";"WorkInProgress"
"permanent_level_skill_weaponcrafting_60";"permanent";"Once";"True";"True";"Subiu de Nível de Criação de Ferramentas/Armas";"Chegar ao nível 60 da habilidade de criação de ferramentas/armas.";"60";"Invalid";"";"9";"";"WorkInProgress"
"permanent_process_volc_glass_01";"permanent";"Once";"False";"False";"Visão Perfeita I";"Crie óculos 1 vez.";"1";"Invalid";"";"-2";"Missão única fora da categoria diária; geralmente envolve conselheiros, níveis ou eventos, sem contador de eventos";"NotActivated"
"permanent_process_volc_glass_02";"permanent";"Once";"False";"False";"Visão Perfeita II";"Crie óculos 5 vezes.";"5";"Invalid";"";"-2";"Missão única fora da categoria diária; geralmente envolve conselheiros, níveis ou eventos, sem contador de eventos";"NotActivated"
"permanent_process_volc_glass_03";"permanent";"Once";"False";"False";"Visão Perfeita III";"Crie óculos 10 vezes.";"10";"Invalid";"";"-2";"Missão única fora da categoria diária; geralmente envolve conselheiros, níveis ou eventos, sem contador de eventos";"NotActivated"
"permanent_process_volc_glass_04";"permanent";"Once";"False";"False";"Visão Perfeita IV";"Crie óculos 25 vezes.";"25";"Invalid";"";"-2";"Missão única fora da categoria diária; geralmente envolve conselheiros, níveis ou eventos, sem contador de eventos";"NotActivated"
"permanent_process_volc_glass_05";"permanent";"Once";"False";"False";"Visão Perfeita V";"Crie óculos 100 vezes.";"100";"Invalid";"";"-2";"Missão única fora da categoria diária; geralmente envolve conselheiros, níveis ou eventos, sem contador de eventos";"NotActivated"
"permanent_process_volc_glassexploit_01";"permanent";"Once";"False";"False";"Não Desperdice I";"Desmanche óculos primorosos 1 vez.";"1";"Invalid";"";"-2";"Missão única fora da categoria diária; geralmente envolve conselheiros, níveis ou eventos, sem contador de eventos";"NotActivated"
"permanent_process_volc_glassexploit_02";"permanent";"Once";"False";"False";"Não Desperdice II";"Desmanche óculos primorosos 5 vezes.";"5";"Invalid";"";"-2";"Missão única fora da categoria diária; geralmente envolve conselheiros, níveis ou eventos, sem contador de eventos";"NotActivated"
"permanent_process_volc_glassexploit_03";"permanent";"Once";"False";"False";"Não Desperdice III";"Desmanche óculos primorosos 10 vezes.";"10";"Invalid";"";"-2";"Missão única fora da categoria diária; geralmente envolve conselheiros, níveis ou eventos, sem contador de eventos";"NotActivated"
"permanent_process_volc_glassexploit_04";"permanent";"Once";"False";"False";"Não Desperdice IV";"Desmanche óculos primorosos 25 vezes.";"25";"Invalid";"";"-2";"Missão única fora da categoria diária; geralmente envolve conselheiros, níveis ou eventos, sem contador de eventos";"NotActivated"
"permanent_process_volc_glassexploit_05";"permanent";"Once";"False";"False";"Não Desperdice V";"Desmanche óculos primorosos 100 vezes.";"100";"Invalid";"";"-2";"Missão única fora da categoria diária; geralmente envolve conselheiros, níveis ou eventos, sem contador de eventos";"NotActivated"
"permanent_process_volc_jewel_01";"permanent";"Once";"False";"False";"Segredos Cristalinos I";"Extraia uma gema 1 vez.";"1";"Invalid";"";"-2";"Missão única fora da categoria diária; geralmente envolve conselheiros, níveis ou eventos, sem contador de eventos";"NotActivated"
"permanent_process_volc_jewel_02";"permanent";"Once";"False";"False";"Segredos Cristalinos II";"Extraia uma gema 5 vezes.";"5";"Invalid";"";"-2";"Missão única fora da categoria diária; geralmente envolve conselheiros, níveis ou eventos, sem contador de eventos";"NotActivated"
"permanent_process_volc_jewel_03";"permanent";"Once";"False";"False";"Segredos Cristalinos III";"Extraia uma gema 10 vezes.";"10";"Invalid";"";"-2";"Missão única fora da categoria diária; geralmente envolve conselheiros, níveis ou eventos, sem contador de eventos";"NotActivated"
"permanent_process_volc_jewel_04";"permanent";"Once";"False";"False";"Segredos Cristalinos IV";"Extraia uma gema 25 vezes.";"25";"Invalid";"";"-2";"Missão única fora da categoria diária; geralmente envolve conselheiros, níveis ou eventos, sem contador de eventos";"NotActivated"
"permanent_process_volc_jewel_05";"permanent";"Once";"False";"False";"Segredos Cristalinos V";"Extraia uma gema 100 vezes.";"100";"Invalid";"";"-2";"Missão única fora da categoria diária; geralmente envolve conselheiros, níveis ou eventos, sem contador de eventos";"NotActivated"
"permanent_process_volc_jewelmodify1_01";"permanent";"Once";"False";"False";"Manuseie com Cuidado I";"Faça polimento suave de gema 1 vez.";"1";"Invalid";"";"-2";"Missão única fora da categoria diária; geralmente envolve conselheiros, níveis ou eventos, sem contador de eventos";"NotActivated"
"permanent_process_volc_jewelmodify1_02";"permanent";"Once";"False";"False";"Manuseie com Cuidado II";"Faça polimento suave de gema 5 vezes.";"5";"Invalid";"";"-2";"Missão única fora da categoria diária; geralmente envolve conselheiros, níveis ou eventos, sem contador de eventos";"NotActivated"
"permanent_process_volc_jewelmodify1_03";"permanent";"Once";"False";"False";"Manuseie com Cuidado III";"Faça polimento suave de gema 10 vezes.";"10";"Invalid";"";"-2";"Missão única fora da categoria diária; geralmente envolve conselheiros, níveis ou eventos, sem contador de eventos";"NotActivated"
"permanent_process_volc_jewelmodify1_04";"permanent";"Once";"False";"False";"Manuseie com Cuidado IV";"Faça polimento suave de gema 25 vezes.";"25";"Invalid";"";"-2";"Missão única fora da categoria diária; geralmente envolve conselheiros, níveis ou eventos, sem contador de eventos";"NotActivated"
"permanent_process_volc_jewelmodify1_05";"permanent";"Once";"False";"False";"Manuseie com Cuidado V";"Faça polimento suave de gema 100 vezes.";"100";"Invalid";"";"-2";"Missão única fora da categoria diária; geralmente envolve conselheiros, níveis ou eventos, sem contador de eventos";"NotActivated"
"permanent_process_volc_jewelmodify2_01";"permanent";"Once";"False";"False";"Diamante Bruto I";"Faça polimento pesado de gema 1 vez.";"1";"Invalid";"";"-2";"Missão única fora da categoria diária; geralmente envolve conselheiros, níveis ou eventos, sem contador de eventos";"NotActivated"
"permanent_process_volc_jewelmodify2_02";"permanent";"Once";"False";"False";"Diamante Bruto II";"Faça polimento pesado de gema 5 vezes.";"5";"Invalid";"";"-2";"Missão única fora da categoria diária; geralmente envolve conselheiros, níveis ou eventos, sem contador de eventos";"NotActivated"
"permanent_process_volc_jewelmodify2_03";"permanent";"Once";"False";"False";"Diamante Bruto III";"Faça polimento pesado de gema 10 vezes.";"10";"Invalid";"";"-2";"Missão única fora da categoria diária; geralmente envolve conselheiros, níveis ou eventos, sem contador de eventos";"NotActivated"
"permanent_process_volc_jewelmodify2_04";"permanent";"Once";"False";"False";"Diamante Bruto IV";"Faça polimento pesado de gema 25 vezes.";"25";"Invalid";"";"-2";"Missão única fora da categoria diária; geralmente envolve conselheiros, níveis ou eventos, sem contador de eventos";"NotActivated"
"permanent_process_volc_jewelmodify2_05";"permanent";"Once";"False";"False";"Diamante Bruto V";"Faça polimento pesado de gema 100 vezes.";"100";"Invalid";"";"-2";"Missão única fora da categoria diária; geralmente envolve conselheiros, níveis ou eventos, sem contador de eventos";"NotActivated"
"permanent_process_volc_lava_01";"permanent";"Once";"False";"False";"Destruidor de Lava de Cabeça Fria I";"Quebre lava endurecida 1 vez.";"1";"Invalid";"";"-2";"Missão única fora da categoria diária; geralmente envolve conselheiros, níveis ou eventos, sem contador de eventos";"NotActivated"
"permanent_process_volc_lava_02";"permanent";"Once";"False";"False";"Destruidor de Lava de Cabeça Fria II";"Quebre lava endurecida 5 vezes.";"5";"Invalid";"";"-2";"Missão única fora da categoria diária; geralmente envolve conselheiros, níveis ou eventos, sem contador de eventos";"NotActivated"
"permanent_process_volc_lava_03";"permanent";"Once";"False";"False";"Destruidor de Lava de Cabeça Fria III";"Quebre lava endurecida 10 vezes.";"10";"Invalid";"";"-2";"Missão única fora da categoria diária; geralmente envolve conselheiros, níveis ou eventos, sem contador de eventos";"NotActivated"
"permanent_process_volc_lava_04";"permanent";"Once";"False";"False";"Destruidor de Lava de Cabeça Fria IV";"Quebre lava endurecida 25 vezes.";"25";"Invalid";"";"-2";"Missão única fora da categoria diária; geralmente envolve conselheiros, níveis ou eventos, sem contador de eventos";"NotActivated"
"permanent_process_volc_lava_05";"permanent";"Once";"False";"False";"Destruidor de Lava de Cabeça Fria V";"Quebre lava endurecida 100 vezes.";"100";"Invalid";"";"-2";"Missão única fora da categoria diária; geralmente envolve conselheiros, níveis ou eventos, sem contador de eventos";"NotActivated"
"permanent_sun_resist_lvup_01";"permanent";"Once";"False";"False";"Evoluindo a Resistência Física ao Sol Escaldante";"Alcance o nível 5 de resistência física ao sol escaldante.";"5";"Invalid";"";"-2";"Missão única fora da categoria diária; geralmente envolve conselheiros, níveis ou eventos, sem contador de eventos";"NotActivated"
"permanent_sun_resist_lvup_02";"permanent";"Once";"False";"False";"Evoluindo a Resistência Física ao Sol Escaldante";"Alcance o nível 10 de resistência física ao sol escaldante.";"10";"Invalid";"";"-2";"Missão única fora da categoria diária; geralmente envolve conselheiros, níveis ou eventos, sem contador de eventos";"NotActivated"
"permanent_sun_resist_lvup_03";"permanent";"Once";"False";"False";"Evoluindo a Resistência Física ao Sol Escaldante";"Alcance o nível 20 de resistência física ao sol escaldante.";"20";"Invalid";"";"-2";"Missão única fora da categoria diária; geralmente envolve conselheiros, níveis ou eventos, sem contador de eventos";"NotActivated"
"permanent_sun_resist_lvup_04";"permanent";"Once";"False";"False";"Evoluindo a Resistência Física ao Sol Escaldante";"Alcance o nível 30 de resistência física ao sol escaldante.";"30";"Invalid";"";"-2";"Missão única fora da categoria diária; geralmente envolve conselheiros, níveis ou eventos, sem contador de eventos";"NotActivated"
"permanent_sun_resist_lvup_05";"permanent";"Once";"False";"False";"Evoluindo a Resistência Física ao Sol Escaldante";"Alcance o nível 40 de resistência física ao sol escaldante.";"40";"Invalid";"";"-2";"Missão única fora da categoria diária; geralmente envolve conselheiros, níveis ou eventos, sem contador de eventos";"NotActivated"
"permanent_sun_resist_lvup_06";"permanent";"Once";"False";"False";"Evoluindo a Resistência Física ao Sol Escaldante";"Alcance o nível 50 de resistência física ao sol escaldante.";"50";"Invalid";"";"-2";"Missão única fora da categoria diária; geralmente envolve conselheiros, níveis ou eventos, sem contador de eventos";"NotActivated"
"permanent_tech_support_01";"permanent";"Once";"False";"False";"Recebendo Suporte Técnico";"Receba Suporte Técnico da Sociedade para o seu equipamento.";"1";"Invalid";"";"-2";"Missão única fora da categoria diária; geralmente envolve conselheiros, níveis ou eventos, sem contador de eventos";"NotActivated"
"permanent_tech_support_02";"permanent";"Once";"False";"False";"Equipamento Valioso";"Receba 30 ou mais estimativas em uma peça de equipamento.";"30";"Invalid";"";"-2";"Missão única fora da categoria diária; geralmente envolve conselheiros, níveis ou eventos, sem contador de eventos";"NotActivated"
"permanent_volcanic_resist_lvup_01";"permanent";"Once";"False";"False";"Evoluindo a Resistência Física Térmica I";"Alcance nível 5 de resistência física térmica.";"5";"Invalid";"";"-2";"Missão única fora da categoria diária; geralmente envolve conselheiros, níveis ou eventos, sem contador de eventos";"NotActivated"
"permanent_volcanic_resist_lvup_02";"permanent";"Once";"False";"False";"Evoluindo a Resistência Física Térmica II";"Alcance nível 10 de resistência física térmica.";"10";"Invalid";"";"-2";"Missão única fora da categoria diária; geralmente envolve conselheiros, níveis ou eventos, sem contador de eventos";"NotActivated"
"permanent_volcanic_resist_lvup_03";"permanent";"Once";"False";"False";"Evoluindo a Resistência Física Térmica III";"Alcance nível 20 de resistência física térmica.";"20";"Invalid";"";"-2";"Missão única fora da categoria diária; geralmente envolve conselheiros, níveis ou eventos, sem contador de eventos";"NotActivated"
"permanent_volcanic_resist_lvup_04";"permanent";"Once";"False";"False";"Evoluindo a Resistência Física Térmica IV";"Alcance nível 30 de resistência física térmica.";"30";"Invalid";"";"-2";"Missão única fora da categoria diária; geralmente envolve conselheiros, níveis ou eventos, sem contador de eventos";"NotActivated"
"permanent_volcanic_resist_lvup_05";"permanent";"Once";"False";"False";"Evoluindo a Resistência Física Térmica V";"Alcance nível 40 de resistência física térmica.";"40";"Invalid";"";"-2";"Missão única fora da categoria diária; geralmente envolve conselheiros, níveis ou eventos, sem contador de eventos";"NotActivated"
"permanent_volcanic_resist_lvup_06";"permanent";"Once";"False";"False";"Evoluindo a Resistência Física Térmica VI";"Alcance nível 50 de resistência física térmica.";"50";"Invalid";"";"-2";"Missão única fora da categoria diária; geralmente envolve conselheiros, níveis ou eventos, sem contador de eventos";"NotActivated"
"permanent_weaponcrafting_any_01";"permanent";"Once";"True";"True";"Criação de Armas";"Criar 5 armas.";"5";"Crafted";"weapon";"-2";"";"WorkInProgress"
"permanent_weaponcrafting_any_02";"permanent";"Once";"True";"True";"Criação de Armas";"Criar 10 armas.";"10";"Crafted";"weapon";"-2";"";"WorkInProgress"
"permanent_weaponcrafting_any_03";"permanent";"Once";"True";"True";"Criação de Armas";"Criar 20 armas.";"20";"Crafted";"weapon";"-2";"";"WorkInProgress"
"permanent_weaponcrafting_any_04";"permanent";"Once";"True";"True";"Criação de Armas";"Criar 50 armas.";"50";"Crafted";"weapon";"-2";"";"WorkInProgress"
"permanent_weaponcrafting_any_05";"permanent";"Once";"True";"True";"Criação de Armas";"Criar 100 armas.";"100";"Crafted";"weapon";"-2";"";"WorkInProgress"
"permanent_weaponcrafting_any_06";"permanent";"Once";"True";"True";"Criação de Armas";"Criar 200 armas.";"200";"Crafted";"weapon";"-2";"";"WorkInProgress"
"permanent_weaponcrafting_bow_01";"permanent";"Once";"False";"False";"Criando o Arco";"Crie usando o molde de um Arco Padrão 1 vez.";"1";"Invalid";"";"-2";"Missão única fora da categoria diária; geralmente envolve conselheiros, níveis ou eventos, sem contador de eventos";"NotActivated"
"permanent_weaponcrafting_bow_02";"permanent";"Once";"False";"False";"Criando o Arco";"Crie usando o molde de um Arco Melhorado 1 vez.";"1";"Invalid";"";"-2";"Missão única fora da categoria diária; geralmente envolve conselheiros, níveis ou eventos, sem contador de eventos";"NotActivated"
"permanent_weaponcrafting_bow_03";"permanent";"Once";"False";"False";"Criando o Arco";"Crie usando o molde de um Arco da classe PRO 1 vez.";"1";"Invalid";"";"-2";"Missão única fora da categoria diária; geralmente envolve conselheiros, níveis ou eventos, sem contador de eventos";"NotActivated"
"permanent_weaponcrafting_crossbow_01";"permanent";"Once";"False";"False";"Criando a Besta";"Crie usando o molde de uma Besta Melhorada 1 vez.";"1";"Invalid";"";"-2";"Missão única fora da categoria diária; geralmente envolve conselheiros, níveis ou eventos, sem contador de eventos";"NotActivated"
"permanent_weaponcrafting_crossbow_02";"permanent";"Once";"False";"False";"Criando a Besta";"Crie usando o molde de uma Besta da classe PRO 1 vez.";"1";"Invalid";"";"-2";"Missão única fora da categoria diária; geralmente envolve conselheiros, níveis ou eventos, sem contador de eventos";"NotActivated"
"permanent_weaponcrafting_onehand_axe_01";"permanent";"Once";"False";"False";"Criando o Machado de Uma Mão";"Crie usando o molde de um Machado de Uma Mão Padrão 1 vez.";"1";"Invalid";"";"-2";"Missão única fora da categoria diária; geralmente envolve conselheiros, níveis ou eventos, sem contador de eventos";"NotActivated"
"permanent_weaponcrafting_onehand_axe_02";"permanent";"Once";"False";"False";"Criando o Machado de Uma Mão";"Crie usando o molde de um Machado de Uma Mão Melhorado 1 vez.";"1";"Invalid";"";"-2";"Missão única fora da categoria diária; geralmente envolve conselheiros, níveis ou eventos, sem contador de eventos";"NotActivated"
"permanent_weaponcrafting_onehand_axe_03";"permanent";"Once";"False";"False";"Criando o Machado de Uma Mão";"Crie usando o molde de um Machado de Uma Mão da classe PRO 1 vez.";"1";"Invalid";"";"-2";"Missão única fora da categoria diária; geralmente envolve conselheiros, níveis ou eventos, sem contador de eventos";"NotActivated"
"permanent_weaponcrafting_onehand_hammer_01";"permanent";"Once";"False";"False";"Criando o Martelo de Uma Mão";"Crie usando o molde de um Martelo de Uma Mão Padrão 1 vez.";"1";"Invalid";"";"-2";"Missão única fora da categoria diária; geralmente envolve conselheiros, níveis ou eventos, sem contador de eventos";"NotActivated"
"permanent_weaponcrafting_onehand_hammer_02";"permanent";"Once";"False";"False";"Criando o Martelo de Uma Mão";"Crie usando o molde de um Martelo de Uma Mão Melhorado 1 vez.";"1";"Invalid";"";"-2";"Missão única fora da categoria diária; geralmente envolve conselheiros, níveis ou eventos, sem contador de eventos";"NotActivated"
"permanent_weaponcrafting_onehand_hammer_03";"permanent";"Once";"False";"False";"Criando o Martelo de Uma Mão";"Crie usando o molde de um Martelo de Uma Mão da classe PRO 1 vez.";"1";"Invalid";"";"-2";"Missão única fora da categoria diária; geralmente envolve conselheiros, níveis ou eventos, sem contador de eventos";"NotActivated"
"permanent_weaponcrafting_onehand_sword_01";"permanent";"Once";"False";"False";"Criando a Faca de Uma Mão";"Crie usando o molde de uma Faca de Uma Mão Padrão 1 vez.";"1";"Invalid";"";"-2";"Missão única fora da categoria diária; geralmente envolve conselheiros, níveis ou eventos, sem contador de eventos";"NotActivated"
"permanent_weaponcrafting_onehand_sword_02";"permanent";"Once";"False";"False";"Criando a Faca de Uma Mão";"Crie usando o molde de uma Faca de Uma Mão Melhorada 1 vez.";"1";"Invalid";"";"-2";"Missão única fora da categoria diária; geralmente envolve conselheiros, níveis ou eventos, sem contador de eventos";"NotActivated"
"permanent_weaponcrafting_onehand_sword_03";"permanent";"Once";"False";"False";"Criando a Faca de Uma Mão";"Crie usando o molde de uma Faca de Uma Mão da classe PRO 1 vez.";"1";"Invalid";"";"-2";"Missão única fora da categoria diária; geralmente envolve conselheiros, níveis ou eventos, sem contador de eventos";"NotActivated"
"permanent_weaponcrafting_spear_01";"permanent";"Once";"False";"False";"Criando a Lança";"Crie usando o molde de uma Lança Padrão 1 vez.";"1";"Invalid";"";"-2";"Missão única fora da categoria diária; geralmente envolve conselheiros, níveis ou eventos, sem contador de eventos";"NotActivated"
"permanent_weaponcrafting_spear_02";"permanent";"Once";"False";"False";"Criando a Lança";"Crie usando o molde de uma Lança Melhorada 1 vez.";"1";"Invalid";"";"-2";"Missão única fora da categoria diária; geralmente envolve conselheiros, níveis ou eventos, sem contador de eventos";"NotActivated"
"permanent_weaponcrafting_spear_03";"permanent";"Once";"False";"False";"Criando a Lança";"Crie usando o molde de uma Lança da classe PRO 1 vez.";"1";"Invalid";"";"-2";"Missão única fora da categoria diária; geralmente envolve conselheiros, níveis ou eventos, sem contador de eventos";"NotActivated"
"permanent_weaponcrafting_twohand_axe_01";"permanent";"Once";"False";"False";"Criando o Machado de Duas Mãos";"Crie usando o molde de um Machado de Duas Mãos Padrão 1 vez.";"1";"Invalid";"";"-2";"Missão única fora da categoria diária; geralmente envolve conselheiros, níveis ou eventos, sem contador de eventos";"NotActivated"
"permanent_weaponcrafting_twohand_axe_02";"permanent";"Once";"False";"False";"Criando o Machado de Duas Mãos";"Crie usando o molde de um Machado de Duas Mãos Melhorado 1 vez.";"1";"Invalid";"";"-2";"Missão única fora da categoria diária; geralmente envolve conselheiros, níveis ou eventos, sem contador de eventos";"NotActivated"
"permanent_weaponcrafting_twohand_axe_03";"permanent";"Once";"False";"False";"Criando o Machado de Duas Mãos";"Crie usando o molde de um Machado de Duas Mãos da classe PRO 1 vez.";"1";"Invalid";"";"-2";"Missão única fora da categoria diária; geralmente envolve conselheiros, níveis ou eventos, sem contador de eventos";"NotActivated"
"permanent_weaponcrafting_twohand_hammer_01";"permanent";"Once";"False";"False";"Criando o Martelo de Duas Mãos";"Crie usando o molde de um Martelo de Duas Mãos Padrão 1 vez.";"1";"Invalid";"";"-2";"Missão única fora da categoria diária; geralmente envolve conselheiros, níveis ou eventos, sem contador de eventos";"NotActivated"
"permanent_weaponcrafting_twohand_hammer_02";"permanent";"Once";"False";"False";"Criando o Martelo de Duas Mãos";"Crie usando o molde de um Martelo de Duas Mãos Melhorado 1 vez.";"1";"Invalid";"";"-2";"Missão única fora da categoria diária; geralmente envolve conselheiros, níveis ou eventos, sem contador de eventos";"NotActivated"
"permanent_weaponcrafting_twohand_hammer_03";"permanent";"Once";"False";"False";"Criando o Martelo de Duas Mãos";"Crie usando o molde de um Martelo de Duas Mãos da classe PRO 1 vez.";"1";"Invalid";"";"-2";"Missão única fora da categoria diária; geralmente envolve conselheiros, níveis ou eventos, sem contador de eventos";"NotActivated"
"permanent_weaponcrafting_twohand_sword_01";"permanent";"Once";"False";"False";"Criando a Faca de Duas Mãos";"Crie usando o molde de uma Faca de Duas Mãos Padrão 1 vez.";"1";"Invalid";"";"-2";"Missão única fora da categoria diária; geralmente envolve conselheiros, níveis ou eventos, sem contador de eventos";"NotActivated"
"permanent_weaponcrafting_twohand_sword_02";"permanent";"Once";"False";"False";"Criando a Faca de Duas Mãos";"Crie usando o molde de uma Faca de Duas Mãos Melhorada 1 vez.";"1";"Invalid";"";"-2";"Missão única fora da categoria diária; geralmente envolve conselheiros, níveis ou eventos, sem contador de eventos";"NotActivated"
"permanent_weaponcrafting_twohand_sword_03";"permanent";"Once";"False";"False";"Criando a Faca de Duas Mãos";"Crie usando o molde de uma Faca de Duas Mãos da classe PRO 1 vez.";"1";"Invalid";"";"-2";"Missão única fora da categoria diária; geralmente envolve conselheiros, níveis ou eventos, sem contador de eventos";"NotActivated"
"pvp_island_01";"permanent";"Once";"False";"False";"Entre na Ilha da Luta";"Entre na Ilha da Luta.";"1";"Invalid";"";"-2";"Missão única fora da categoria diária; geralmente envolve conselheiros, níveis ou eventos, sem contador de eventos";"NotActivated"
"pvp_island_02";"permanent";"Once";"False";"False";"Entre na Ilha da Luta";"Entre na Ilha da Luta.";"1";"Invalid";"";"-2";"Missão única fora da categoria diária; geralmente envolve conselheiros, níveis ou eventos, sem contador de eventos";"NotActivated"
"pvp_island_03";"permanent";"Once";"False";"False";"Entre na Ilha da Luta";"Entre na Ilha da Luta.";"1";"Invalid";"";"-2";"Missão única fora da categoria diária; geralmente envolve conselheiros, níveis ou eventos, sem contador de eventos";"NotActivated"
"pvp_island_04";"permanent";"Once";"False";"False";"Entre na Ilha da Luta";"Entre na Ilha da Luta.";"1";"Invalid";"";"-2";"Missão única fora da categoria diária; geralmente envolve conselheiros, níveis ou eventos, sem contador de eventos";"NotActivated"
"pvp_island_05";"permanent";"Once";"False";"False";"Entre na Ilha da Luta";"Entre na Ilha da Luta.";"1";"Invalid";"";"-2";"Missão única fora da categoria diária; geralmente envolve conselheiros, níveis ou eventos, sem contador de eventos";"NotActivated"
"pvp_island_06";"permanent";"Once";"False";"False";"Entre na Ilha da Luta";"Entre na Ilha da Luta.";"1";"Invalid";"";"-2";"Missão única fora da categoria diária; geralmente envolve conselheiros, níveis ou eventos, sem contador de eventos";"NotActivated"
"pvp_island_07";"permanent";"Once";"False";"False";"Entre na Ilha da Luta";"Entre na Ilha da Luta.";"1";"Invalid";"";"-2";"Missão única fora da categoria diária; geralmente envolve conselheiros, níveis ou eventos, sem contador de eventos";"NotActivated"
"pvp_island_08";"permanent";"Once";"False";"False";"Entre na Ilha da Luta";"Entre na Ilha da Luta.";"1";"Invalid";"";"-2";"Missão única fora da categoria diária; geralmente envolve conselheiros, níveis ou eventos, sem contador de eventos";"NotActivated"
"pvp_island_09";"permanent";"Once";"False";"False";"Entre na Ilha da Luta";"Entre na Ilha da Luta.";"1";"Invalid";"";"-2";"Missão única fora da categoria diária; geralmente envolve conselheiros, níveis ou eventos, sem contador de eventos";"NotActivated"
"pvp_island_10";"permanent";"Once";"False";"False";"Entre na Ilha da Luta";"Entre na Ilha da Luta.";"1";"Invalid";"";"-2";"Missão única fora da categoria diária; geralmente envolve conselheiros, níveis ou eventos, sem contador de eventos";"NotActivated"
"pvp_island_11";"permanent";"Once";"False";"False";"Entre na Ilha da Luta";"Entre na Ilha da Luta.";"1";"Invalid";"";"-2";"Missão única fora da categoria diária; geralmente envolve conselheiros, níveis ou eventos, sem contador de eventos";"NotActivated"
"pvp_island_12";"permanent";"Once";"False";"False";"Entre na Ilha da Luta";"Entre na Ilha da Luta.";"1";"Invalid";"";"-2";"Missão única fora da categoria diária; geralmente envolve conselheiros, níveis ou eventos, sem contador de eventos";"NotActivated"
"pvp_island_13";"permanent";"Once";"False";"False";"Entre na Ilha da Luta";"Entre na Ilha da Luta.";"1";"Invalid";"";"-2";"Missão única fora da categoria diária; geralmente envolve conselheiros, níveis ou eventos, sem contador de eventos";"NotActivated"
"pvp_island_14";"permanent";"Once";"False";"False";"Entre na Ilha da Luta";"Entre na Ilha da Luta.";"1";"Invalid";"";"-2";"Missão única fora da categoria diária; geralmente envolve conselheiros, níveis ou eventos, sem contador de eventos";"NotActivated"
"pvp_island_win_01";"permanent";"Once";"False";"False";"Vença uma Luta";"Torne-se o último em pé na Ilha da Luta.";"1";"Invalid";"";"-2";"Missão única fora da categoria diária; geralmente envolve conselheiros, níveis ou eventos, sem contador de eventos";"NotActivated"
"pvp_island_win_02";"permanent";"Once";"False";"False";"Vença uma Luta";"Torne-se o último em pé na Ilha da Luta.";"1";"Invalid";"";"-2";"Missão única fora da categoria diária; geralmente envolve conselheiros, níveis ou eventos, sem contador de eventos";"NotActivated"
"pvp_island_win_03";"permanent";"Once";"False";"False";"Vença uma Luta";"Torne-se o último em pé na Ilha da Luta.";"1";"Invalid";"";"-2";"Missão única fora da categoria diária; geralmente envolve conselheiros, níveis ou eventos, sem contador de eventos";"NotActivated"
"pvp_island_win_04";"permanent";"Once";"False";"False";"Vença uma Luta";"Torne-se o último em pé na Ilha da Luta.";"1";"Invalid";"";"-2";"Missão única fora da categoria diária; geralmente envolve conselheiros, níveis ou eventos, sem contador de eventos";"NotActivated"
"pvp_island_win_05";"permanent";"Once";"False";"False";"Vença uma Luta";"Torne-se o último em pé na Ilha da Luta.";"1";"Invalid";"";"-2";"Missão única fora da categoria diária; geralmente envolve conselheiros, níveis ou eventos, sem contador de eventos";"NotActivated"
"pvp_island_win_06";"permanent";"Once";"False";"False";"Vença uma Luta";"Torne-se o último em pé na Ilha da Luta.";"1";"Invalid";"";"-2";"Missão única fora da categoria diária; geralmente envolve conselheiros, níveis ou eventos, sem contador de eventos";"NotActivated"
"pvp_island_win_07";"permanent";"Once";"False";"False";"Vença uma Luta";"Torne-se o último em pé na Ilha da Luta.";"1";"Invalid";"";"-2";"Missão única fora da categoria diária; geralmente envolve conselheiros, níveis ou eventos, sem contador de eventos";"NotActivated"
"pvp_island_win_08";"permanent";"Once";"False";"False";"Vença uma Luta";"Torne-se o último em pé na Ilha da Luta.";"1";"Invalid";"";"-2";"Missão única fora da categoria diária; geralmente envolve conselheiros, níveis ou eventos, sem contador de eventos";"NotActivated"
"pvp_island_win_09";"permanent";"Once";"False";"False";"Vença uma Luta";"Torne-se o último em pé na Ilha da Luta.";"1";"Invalid";"";"-2";"Missão única fora da categoria diária; geralmente envolve conselheiros, níveis ou eventos, sem contador de eventos";"NotActivated"
"pvp_island_win_10";"permanent";"Once";"False";"False";"Vença uma Luta";"Torne-se o último em pé na Ilha da Luta.";"1";"Invalid";"";"-2";"Missão única fora da categoria diária; geralmente envolve conselheiros, níveis ou eventos, sem contador de eventos";"NotActivated"
"pvp_island_win_11";"permanent";"Once";"False";"False";"Vença uma Luta";"Torne-se o último em pé na Ilha da Luta.";"1";"Invalid";"";"-2";"Missão única fora da categoria diária; geralmente envolve conselheiros, níveis ou eventos, sem contador de eventos";"NotActivated"
"pvp_island_win_12";"permanent";"Once";"False";"False";"Vença uma Luta";"Torne-se o último em pé na Ilha da Luta.";"1";"Invalid";"";"-2";"Missão única fora da categoria diária; geralmente envolve conselheiros, níveis ou eventos, sem contador de eventos";"NotActivated"
"pvp_island_win_13";"permanent";"Once";"False";"False";"Vença uma Luta";"Torne-se o último em pé na Ilha da Luta.";"1";"Invalid";"";"-2";"Missão única fora da categoria diária; geralmente envolve conselheiros, níveis ou eventos, sem contador de eventos";"NotActivated"
"pvp_island_win_14";"permanent";"Once";"False";"False";"Vença uma Luta";"Torne-se o último em pé na Ilha da Luta.";"1";"Invalid";"";"-2";"Missão única fora da categoria diária; geralmente envolve conselheiros, níveis ou eventos, sem contador de eventos";"NotActivated"
"pvp_island_win_15";"permanent";"Once";"False";"False";"Vença uma Luta";"Torne-se o último em pé na Ilha da Luta.";"1";"Invalid";"";"-2";"Missão única fora da categoria diária; geralmente envolve conselheiros, níveis ou eventos, sem contador de eventos";"NotActivated"
"pvp_island_win_16";"permanent";"Once";"False";"False";"Vença uma Luta";"Torne-se o último em pé na Ilha da Luta.";"1";"Invalid";"";"-2";"Missão única fora da categoria diária; geralmente envolve conselheiros, níveis ou eventos, sem contador de eventos";"NotActivated"
"taming_animal_zebra";"permanent";"Once";"True";"True";"Capture um Zebraceratops";"Capture um Zebraceratops.";"1";"AnimalTamed";"2027";"-2";"";"WorkInProgress"
"tyrano_01";"permanent";"Once";"False";"False";"Sem Tempo para Isso";"Cace 1 animal em uma ilha vulcânica.";"1";"Invalid";"";"-2";"Missão única fora da categoria diária; geralmente envolve conselheiros, níveis ou eventos, sem contador de eventos";"NotActivated"
"tyrano_02";"permanent";"Once";"False";"False";"Ferre um Cavalo, Mais um Estepe";"Cace 5 caranguejos-ferradura.";"5";"Invalid";"";"-2";"Missão única fora da categoria diária; geralmente envolve conselheiros, níveis ou eventos, sem contador de eventos";"NotActivated"
"tyrano_03";"permanent";"Once";"False";"False";"Predador Gigante";"Cace 5 Andrewsarchus.";"5";"Invalid";"";"-2";"Missão única fora da categoria diária; geralmente envolve conselheiros, níveis ou eventos, sem contador de eventos";"NotActivated"
"warp_acc_de_01";"permanent";"Once";"False";"False";"Acelerador de Portal de Deserto";"Verifique as recompensas de um Acelerador de Portal, em uma Ilha Instável de deserto, 5 vezes.";"5";"Invalid";"";"-2";"Missão única fora da categoria diária; geralmente envolve conselheiros, níveis ou eventos, sem contador de eventos";"NotActivated"
"warp_acc_de_02";"permanent";"Once";"False";"False";"Acelerador de Portal de Deserto";"Verifique as recompensas de um Acelerador de Portal, em uma Ilha Instável de deserto, 10 vezes.";"10";"Invalid";"";"-2";"Missão única fora da categoria diária; geralmente envolve conselheiros, níveis ou eventos, sem contador de eventos";"NotActivated"
"warp_acc_gr_01";"permanent";"Once";"False";"False";"Acelerador de Portal de Pradaria";"Verifique as recompensas de um Acelerador de Portal, em uma Ilha Instável de pradaria, 5 vezes.";"5";"Invalid";"";"-2";"Missão única fora da categoria diária; geralmente envolve conselheiros, níveis ou eventos, sem contador de eventos";"NotActivated"
"warp_acc_gr_02";"permanent";"Once";"False";"False";"Acelerador de Portal de Pradaria";"Verifique as recompensas de um Acelerador de Portal, em uma Ilha Instável de pradaria, 10 vezes.";"10";"Invalid";"";"-2";"Missão única fora da categoria diária; geralmente envolve conselheiros, níveis ou eventos, sem contador de eventos";"NotActivated"
"warp_acc_phase_01";"permanent";"Once";"False";"False";"Aceleração do Portal Nível 1";"Verifique as recompensas de um Acelerador de Portal Nível 1+ bem-sucedido.";"1";"Invalid";"";"-2";"Missão única fora da categoria diária; geralmente envolve conselheiros, níveis ou eventos, sem contador de eventos";"NotActivated"
"warp_acc_phase_03";"permanent";"Once";"False";"False";"Aceleração do Portal Nível 3";"Verifique as recompensas de um Acelerador de Portal Nível 3+ bem-sucedido.";"3";"Invalid";"";"-2";"Missão única fora da categoria diária; geralmente envolve conselheiros, níveis ou eventos, sem contador de eventos";"NotActivated"
"warp_acc_phase_06";"permanent";"Once";"False";"False";"Aceleração do Portal Nível 6";"Verifique as recompensas de um Acelerador de Portal Nível 6+ bem-sucedido.";"6";"Invalid";"";"-2";"Missão única fora da categoria diária; geralmente envolve conselheiros, níveis ou eventos, sem contador de eventos";"NotActivated"
"warp_acc_phase_10";"permanent";"Once";"False";"False";"Aceleração do Portal Nível 10";"Verifique as recompensas de um Acelerador de Portal Nível 10+ bem-sucedido.";"10";"Invalid";"";"-2";"Missão única fora da categoria diária; geralmente envolve conselheiros, níveis ou eventos, sem contador de eventos";"NotActivated"
"warp_acc_repeat_005";"permanent";"Once";"False";"False";"Atividade de Aceleração do Portal";"Verifique as recompensas de um Acelerador de Portal Nível 3+ bem-sucedido, em um arquipélago nível 60, 5 vezes.";"60";"Invalid";"";"-2";"Missão única fora da categoria diária; geralmente envolve conselheiros, níveis ou eventos, sem contador de eventos";"NotActivated"
"warp_acc_repeat_010";"permanent";"Once";"False";"False";"Atividade de Aceleração do Portal";"Verifique as recompensas de um Acelerador de Portal Nível 3+ bem-sucedido, em um arquipélago nível 60, 10 vezes.";"60";"Invalid";"";"-2";"Missão única fora da categoria diária; geralmente envolve conselheiros, níveis ou eventos, sem contador de eventos";"NotActivated"
"warp_acc_repeat_020";"permanent";"Once";"False";"False";"Atividade de Aceleração do Portal";"Verifique as recompensas de um Acelerador de Portal Nível 3+ bem-sucedido, em um arquipélago nível 60, 20 vezes.";"60";"Invalid";"";"-2";"Missão única fora da categoria diária; geralmente envolve conselheiros, níveis ou eventos, sem contador de eventos";"NotActivated"
"warp_acc_repeat_050";"permanent";"Once";"False";"False";"Atividade de Aceleração do Portal";"Verifique as recompensas de um Acelerador de Portal Nível 3+ bem-sucedido, em um arquipélago nível 60, 50 vezes.";"60";"Invalid";"";"-2";"Missão única fora da categoria diária; geralmente envolve conselheiros, níveis ou eventos, sem contador de eventos";"NotActivated"
"warp_acc_repeat_100";"permanent";"Once";"False";"False";"Atividade de Aceleração do Portal";"Verifique as recompensas de um Acelerador de Portal Nível 3+ bem-sucedido, em um arquipélago nível 60, 100 vezes.";"60";"Invalid";"";"-2";"Missão única fora da categoria diária; geralmente envolve conselheiros, níveis ou eventos, sem contador de eventos";"NotActivated"
"warp_acc_repeat_200";"permanent";"Once";"False";"False";"Atividade de Aceleração do Portal";"Verifique as recompensas de um Acelerador de Portal Nível 3+ bem-sucedido, em um arquipélago nível 60, 200 vezes.";"60";"Invalid";"";"-2";"Missão única fora da categoria diária; geralmente envolve conselheiros, níveis ou eventos, sem contador de eventos";"NotActivated"
"warp_acc_sn_01";"permanent";"Once";"False";"False";"Acelerador de Portal de Campo Nevado";"Verifique as recompensas de um Acelerador de Portal, em uma Ilha Instável nevada, 5 vezes.";"5";"Invalid";"";"-2";"Missão única fora da categoria diária; geralmente envolve conselheiros, níveis ou eventos, sem contador de eventos";"NotActivated"
"warp_acc_sn_02";"permanent";"Once";"False";"False";"Acelerador de Portal de Campo Nevado";"Verifique as recompensas de um Acelerador de Portal, em uma Ilha Instável nevada, 10 vezes.";"10";"Invalid";"";"-2";"Missão única fora da categoria diária; geralmente envolve conselheiros, níveis ou eventos, sem contador de eventos";"NotActivated"
"warp_acc_sw_01";"permanent";"Once";"False";"False";"Acelerador de Portal de Pântano";"Verifique as recompensas de um Acelerador de Portal, em uma Ilha Instável de pântano, 5 vezes.";"5";"Invalid";"";"-2";"Missão única fora da categoria diária; geralmente envolve conselheiros, níveis ou eventos, sem contador de eventos";"NotActivated"
"warp_acc_sw_02";"permanent";"Once";"False";"False";"Acelerador de Portal de Pântano";"Verifique as recompensas de um Acelerador de Portal, em uma Ilha Instável de pântano, 10 vezes.";"10";"Invalid";"";"-2";"Missão única fora da categoria diária; geralmente envolve conselheiros, níveis ou eventos, sem contador de eventos";"NotActivated"
"warp_acc_te_01";"permanent";"Once";"False";"False";"Acelerador de Portal Temperado";"Verifique as recompensas de um Acelerador de Portal, em uma Ilha Instável de temperado, 5 vezes.";"5";"Invalid";"";"-2";"Missão única fora da categoria diária; geralmente envolve conselheiros, níveis ou eventos, sem contador de eventos";"NotActivated"
"warp_acc_te_02";"permanent";"Once";"False";"False";"Acelerador de Portal Temperado";"Verifique as recompensas de um Acelerador de Portal, em uma Ilha Instável de temperado, 10 vezes.";"10";"Invalid";"";"-2";"Missão única fora da categoria diária; geralmente envolve conselheiros, níveis ou eventos, sem contador de eventos";"NotActivated"
"warp_acc_tr_01";"permanent";"Once";"False";"False";"Acelerador de Portal Tropical";"Verifique as recompensas de um Acelerador de Portal, em uma Ilha Instável tropical, 5 vezes.";"5";"Invalid";"";"-2";"Missão única fora da categoria diária; geralmente envolve conselheiros, níveis ou eventos, sem contador de eventos";"NotActivated"
"warp_acc_tr_02";"permanent";"Once";"False";"False";"Acelerador de Portal Tropical";"Verifique as recompensas de um Acelerador de Portal, em uma Ilha Instável tropical, 10 vezes.";"10";"Invalid";"";"-2";"Missão única fora da categoria diária; geralmente envolve conselheiros, níveis ou eventos, sem contador de eventos";"NotActivated"
"warp_acc_tu_01";"permanent";"Once";"False";"False";"Acelerador de Portal de Tundra";"Verifique as recompensas de um Acelerador de Portal, em uma Ilha Instável de tundra, 5 vezes.";"5";"Invalid";"";"-2";"Missão única fora da categoria diária; geralmente envolve conselheiros, níveis ou eventos, sem contador de eventos";"NotActivated"
"warp_acc_tu_02";"permanent";"Once";"False";"False";"Acelerador de Portal de Tundra";"Verifique as recompensas de um Acelerador de Portal, em uma Ilha Instável de tundra, 10 vezes.";"10";"Invalid";"";"-2";"Missão única fora da categoria diária; geralmente envolve conselheiros, níveis ou eventos, sem contador de eventos";"NotActivated"
"warp_acc_vo_01";"permanent";"Once";"False";"False";"Acelerador de Portal Vulcânico";"Verifique as recompensas de um Acelerador de Portal, em uma Ilha Instável vulcânica, 5 vezes.";"5";"Invalid";"";"-2";"Missão única fora da categoria diária; geralmente envolve conselheiros, níveis ou eventos, sem contador de eventos";"NotActivated"
"warp_acc_vo_02";"permanent";"Once";"False";"False";"Acelerador de Portal Vulcânico";"Verifique as recompensas de um Acelerador de Portal, em uma Ilha Instável vulcânica, 10 vezes.";"10";"Invalid";"";"-2";"Missão única fora da categoria diária; geralmente envolve conselheiros, níveis ou eventos, sem contador de eventos";"NotActivated"
"animal_belonging_lv60_01";"pet_renewal";"Once";"False";"False";"Primeiro Amigo";"Forme um Vínculo com um animal Nv. 60";"60";"Invalid";"";"-2";"Missão única fora da categoria diária; geralmente envolve conselheiros, níveis ou eventos, sem contador de eventos";"NotActivated"
"animal_belonging_lv60_02";"pet_renewal";"Once";"False";"False";"Uma Bela Dupla";"Forme um Vínculo com dois animais Nv. 60";"60";"Invalid";"";"-2";"Missão única fora da categoria diária; geralmente envolve conselheiros, níveis ou eventos, sem contador de eventos";"NotActivated"
"animal_belonging_lv60_03";"pet_renewal";"Once";"False";"False";"Três de Cada";"Forme um Vínculo com três animais Nv. 60";"60";"Invalid";"";"-2";"Missão única fora da categoria diária; geralmente envolve conselheiros, níveis ou eventos, sem contador de eventos";"NotActivated"
"animal_belonging_lv60_04";"pet_renewal";"Once";"False";"False";"É Hora de Animalizar!";"Forme um Vínculo com cinco animais Nv. 60";"60";"Invalid";"";"-2";"Missão única fora da categoria diária; geralmente envolve conselheiros, níveis ou eventos, sem contador de eventos";"NotActivated"
"animal_domestication_success_01";"pet_renewal";"Once";"False";"False";"Vamos nos Unir!";"Dome 2 animais.";"2";"Invalid";"";"-2";"Missão única fora da categoria diária; geralmente envolve conselheiros, níveis ou eventos, sem contador de eventos";"NotActivated"
"animal_domestication_success_02";"pet_renewal";"Once";"False";"False";"Não Fuja, Por Favooooooor!";"Dome 5 animais.";"5";"Invalid";"";"-2";"Missão única fora da categoria diária; geralmente envolve conselheiros, níveis ou eventos, sem contador de eventos";"NotActivated"
"animal_domestication_success_03";"pet_renewal";"Once";"False";"False";"Acho Que Eles Gostam de Mim";"Dome 10 animais.";"10";"Invalid";"";"-2";"Missão única fora da categoria diária; geralmente envolve conselheiros, níveis ou eventos, sem contador de eventos";"NotActivated"
"animal_domestication_success_04";"pet_renewal";"Once";"False";"False";"Encantador de Animais";"Dome 25 animais.";"25";"Invalid";"";"-2";"Missão única fora da categoria diária; geralmente envolve conselheiros, níveis ou eventos, sem contador de eventos";"NotActivated"
"animal_domestication_success_05";"pet_renewal";"Once";"False";"False";"Primeiro Tratador de Durango";"Dome 50 animais.";"50";"Invalid";"";"-2";"Missão única fora da categoria diária; geralmente envolve conselheiros, níveis ou eventos, sem contador de eventos";"NotActivated"
"animal_domestication_success_06";"pet_renewal";"Once";"False";"False";"Arca do Pioneiro";"Dome 100 animais.";"100";"Invalid";"";"-2";"Missão única fora da categoria diária; geralmente envolve conselheiros, níveis ou eventos, sem contador de eventos";"NotActivated"
"animal_renewal_educating_01";"pet_renewal";"Once";"False";"False";"Os Animais de Durango Mudaram";"Aprenda a fazer amigos animais.";"1";"Invalid";"";"-2";"Missão única fora da categoria diária; geralmente envolve conselheiros, níveis ou eventos, sem contador de eventos";"NotActivated"
"animal_renewal_educating_02";"pet_renewal";"Once";"False";"False";"Tirando os Selvagens da Selva.";"Aprenda a domar um animal.";"1";"Invalid";"";"-2";"Missão única fora da categoria diária; geralmente envolve conselheiros, níveis ou eventos, sem contador de eventos";"NotActivated"
"animal_renewal_educating_03";"pet_renewal";"Once";"False";"False";"O Melhor Amigo do Pioneiro";"Forme um vínculo com o animal domado.";"1";"Invalid";"";"-2";"Missão única fora da categoria diária; geralmente envolve conselheiros, níveis ou eventos, sem contador de eventos";"NotActivated"
"taming_animal_01";"pet_renewal";"Once";"False";"False";"Vou Morrer Com Tanta Fofura";"Capture um Phenacodus Noel.";"1";"Invalid";"";"-2";"Missão única fora da categoria diária; geralmente envolve conselheiros, níveis ou eventos, sem contador de eventos";"NotActivated"
"taming_animal_02";"pet_renewal";"Once";"False";"False";"Apenas Pegue a Coisinha!";"Capture um Oviraptor.";"1";"Invalid";"";"-2";"Missão única fora da categoria diária; geralmente envolve conselheiros, níveis ou eventos, sem contador de eventos";"NotActivated"
"taming_animal_03";"pet_renewal";"Once";"False";"False";"Amei Essas Penas";"Capture um Deinonico.";"1";"Invalid";"";"-2";"Missão única fora da categoria diária; geralmente envolve conselheiros, níveis ou eventos, sem contador de eventos";"NotActivated"
"taming_animal_04";"pet_renewal";"Once";"False";"False";"Pequeno, mas Forte";"Capture um Celófise.";"1";"Invalid";"";"-2";"Missão única fora da categoria diária; geralmente envolve conselheiros, níveis ou eventos, sem contador de eventos";"NotActivated"
"taming_animal_05";"pet_renewal";"Once";"False";"False";"Não Me Chame de ""Triceratops""";"Capture um Estiracossauro.";"1";"Invalid";"";"-2";"Missão única fora da categoria diária; geralmente envolve conselheiros, níveis ou eventos, sem contador de eventos";"NotActivated"
"taming_animal_06";"pet_renewal";"Once";"False";"False";"Tem que Arriscar pra Arrasar";"Capture um Dente-de-sabre";"1";"Invalid";"";"-2";"Missão única fora da categoria diária; geralmente envolve conselheiros, níveis ou eventos, sem contador de eventos";"NotActivated"
"taming_animal_count_01";"pet_renewal";"Once";"False";"False";"Sorte de Principiante";"Capture 1 animal.";"1";"Invalid";"";"-2";"Missão única fora da categoria diária; geralmente envolve conselheiros, níveis ou eventos, sem contador de eventos";"NotActivated"
"taming_animal_count_02";"pet_renewal";"Once";"False";"False";"Aprendendo o Básico";"Capture 5 animais.";"5";"Invalid";"";"-2";"Missão única fora da categoria diária; geralmente envolve conselheiros, níveis ou eventos, sem contador de eventos";"NotActivated"
"taming_animal_count_03";"pet_renewal";"Once";"False";"False";"Sem Necessidade para Armadilhas";"Capture 10 animais.";"10";"Invalid";"";"-2";"Missão única fora da categoria diária; geralmente envolve conselheiros, níveis ou eventos, sem contador de eventos";"NotActivated"
"taming_animal_count_04";"pet_renewal";"Once";"False";"False";"Ninguém Escapará";"Capture 25 animais.";"25";"Invalid";"";"-2";"Missão única fora da categoria diária; geralmente envolve conselheiros, níveis ou eventos, sem contador de eventos";"NotActivated"
"taming_animal_count_05";"pet_renewal";"Once";"False";"False";"Rei da Captura";"Capture 50 animais.";"50";"Invalid";"";"-2";"Missão única fora da categoria diária; geralmente envolve conselheiros, níveis ou eventos, sem contador de eventos";"NotActivated"
"taming_animal_count_06";"pet_renewal";"Once";"False";"False";"Temos que Capturar";"Capture 100 animais.";"100";"Invalid";"";"-2";"Missão única fora da categoria diária; geralmente envolve conselheiros, níveis ou eventos, sem contador de eventos";"NotActivated"
"returner_butchery_bone_leg";"returner";"Returner";"False";"False";"Coletando Materiais de Processamento";"Colete 10 ossos de perna.";"1";"Invalid";"";"-2";"Fora da categoria diária (eventos, Natal, cidades etc.); indisponível nesta fase";"NotActivated"
"returner_butchery_bone_tooth";"returner";"Returner";"False";"False";"Coletando Materiais de Processamento";"Colete dentes.";"1";"Invalid";"";"-2";"Fora da categoria diária (eventos, Natal, cidades etc.); indisponível nesta fase";"NotActivated"
"returner_butchery_leather";"returner";"Returner";"False";"False";"Coletando Materiais de Processamento";"Coletar couro 5 vezes.";"5";"Invalid";"";"-2";"Fora da categoria diária (eventos, Natal, cidades etc.); indisponível nesta fase";"NotActivated"
"returner_constructing_basket";"returner";"Returner";"False";"False";"Construindo Móveis";"Construa uma cesta.";"1";"Invalid";"";"-2";"Fora da categoria diária (eventos, Natal, cidades etc.); indisponível nesta fase";"NotActivated"
"returner_constructing_chair_01_wood_02";"returner";"Returner";"False";"False";"Construindo Móveis";"Construa uma cadeira de parque de madeira.";"1";"Invalid";"";"-2";"Fora da categoria diária (eventos, Natal, cidades etc.); indisponível nesta fase";"NotActivated"
"returner_constructing_chair_01_wood_03";"returner";"Returner";"False";"False";"Construindo Móveis";"Construa uma cadeira redonda de madeira.";"1";"Invalid";"";"-2";"Fora da categoria diária (eventos, Natal, cidades etc.); indisponível nesta fase";"NotActivated"
"returner_constructing_chair_01_wood_04";"returner";"Returner";"False";"False";"Construindo Móveis";"Construa uma cadeira quadrada de madeira.";"1";"Invalid";"";"-2";"Fora da categoria diária (eventos, Natal, cidades etc.); indisponível nesta fase";"NotActivated"
"returner_constructing_chair_bark_02";"returner";"Returner";"False";"False";"Construindo Móveis";"Construa uma cadeira de tronco longo.";"1";"Invalid";"";"-2";"Fora da categoria diária (eventos, Natal, cidades etc.); indisponível nesta fase";"NotActivated"
"returner_constructing_farm_tile_01";"returner";"Returner";"False";"False";"Construindo Campos";"Construa um campo pequeno.";"1";"Invalid";"";"-2";"Fora da categoria diária (eventos, Natal, cidades etc.); indisponível nesta fase";"NotActivated"
"returner_constructing_farm_tile_02";"returner";"Returner";"False";"False";"Construindo Campos";"Construa um campo grande.";"1";"Invalid";"";"-2";"Fora da categoria diária (eventos, Natal, cidades etc.); indisponível nesta fase";"NotActivated"
"returner_constructing_fur_box_01";"returner";"Returner";"False";"False";"Construindo Móveis";"Construa uma caixa pequena.";"1";"Invalid";"";"-2";"Fora da categoria diária (eventos, Natal, cidades etc.); indisponível nesta fase";"NotActivated"
"returner_constructing_fur_box_02";"returner";"Returner";"False";"False";"Construindo Móveis";"Construa uma caixa grande.";"1";"Invalid";"";"-2";"Fora da categoria diária (eventos, Natal, cidades etc.); indisponível nesta fase";"NotActivated"
"returner_constructing_road1";"returner";"Returner";"False";"False";"Construindo Estradas";"Construa uma estrada de terra 2 vezes.";"2";"Invalid";"";"-2";"Fora da categoria diária (eventos, Natal, cidades etc.); indisponível nesta fase";"NotActivated"
"returner_constructing_road2";"returner";"Returner";"False";"False";"Construindo Estradas";"Construa uma estrada de pedra 2 vezes.";"2";"Invalid";"";"-2";"Fora da categoria diária (eventos, Natal, cidades etc.); indisponível nesta fase";"NotActivated"
"returner_constructing_torch_stand_0";"returner";"Returner";"False";"False";"Construindo Postes de Luz";"Construa um poste de luz de vela.";"1";"Invalid";"";"-2";"Fora da categoria diária (eventos, Natal, cidades etc.); indisponível nesta fase";"NotActivated"
"returner_constructing_torch_stand_01";"returner";"Returner";"False";"False";"Construindo Postes de Luz";"Construa um poste de luz de tocha.";"1";"Invalid";"";"-2";"Fora da categoria diária (eventos, Natal, cidades etc.); indisponível nesta fase";"NotActivated"
"returner_cooking_bread_01";"returner";"Returner";"False";"False";"A Arte de Assar";"Asse 6 fatias de pão usando a receita de pão.";"6";"Invalid";"";"-2";"Fora da categoria diária (eventos, Natal, cidades etc.); indisponível nesta fase";"NotActivated"
"returner_cooking_butter";"returner";"Returner";"False";"False";"A Arte de Cozinhar";"Faça manteiga.";"1";"Invalid";"";"-2";"Fora da categoria diária (eventos, Natal, cidades etc.); indisponível nesta fase";"NotActivated"
"returner_cooking_rice_cake";"returner";"Returner";"False";"False";"A Arte de Cozinhar";"Faça bolinhos de arroz.";"1";"Invalid";"";"-2";"Fora da categoria diária (eventos, Natal, cidades etc.); indisponível nesta fase";"NotActivated"
"returner_cooking_rice_steamed";"returner";"Returner";"False";"False";"A Arte de Cozinhar";"Faça arroz cozido 3 vezes.";"3";"Invalid";"";"-2";"Fora da categoria diária (eventos, Natal, cidades etc.); indisponível nesta fase";"NotActivated"
"returner_cooking_skewer";"returner";"Returner";"False";"False";"Cozinhando na Grelha";"Grelhe 3 espetos.";"3";"Invalid";"";"-2";"Fora da categoria diária (eventos, Natal, cidades etc.); indisponível nesta fase";"NotActivated"
"returner_estate_declare";"returner";"Returner";"False";"False";"Domínio";"Declare um Domínio.";"1";"Invalid";"";"-2";"Fora da categoria diária (eventos, Natal, cidades etc.); indisponível nesta fase";"NotActivated"
"returner_estate_expand_01";"returner";"Returner";"False";"False";"Ampliar Domínio";"Aumente seu Domínio para 2 seções.";"2";"Invalid";"";"-2";"Fora da categoria diária (eventos, Natal, cidades etc.); indisponível nesta fase";"NotActivated"
"returner_estate_expand_02";"returner";"Returner";"False";"False";"Ampliar Domínio";"Aumente seu Domínio para 3 seções.";"3";"Invalid";"";"-2";"Fora da categoria diária (eventos, Natal, cidades etc.); indisponível nesta fase";"NotActivated"
"returner_estate_expand_03";"returner";"Returner";"False";"False";"Ampliar Domínio";"Aumente seu Domínio para 4 seções.";"4";"Invalid";"";"-2";"Fora da categoria diária (eventos, Natal, cidades etc.); indisponível nesta fase";"NotActivated"
"returner_farming_any";"returner";"Returner";"False";"False";"Cultivo";"Cultivar 5 vezes.";"5";"Invalid";"";"-2";"Fora da categoria diária (eventos, Natal, cidades etc.); indisponível nesta fase";"NotActivated"
"returner_gathering_metal";"returner";"Returner";"False";"False";"Coletando Materiais de Processamento";"Colete metal 5 vezes.";"5";"Invalid";"";"-2";"Fora da categoria diária (eventos, Natal, cidades etc.); indisponível nesta fase";"NotActivated"
"returner_level_character_15";"returner";"Returner";"False";"False";"Subir Nível do Personagem";"Chegar ao nível de personagem 15.";"15";"Invalid";"";"-2";"Fora da categoria diária (eventos, Natal, cidades etc.); indisponível nesta fase";"NotActivated"
"returner_level_character_20";"returner";"Returner";"False";"False";"Subir Nível do Personagem";"Chegar ao nível de personagem 20.";"20";"Invalid";"";"-2";"Fora da categoria diária (eventos, Natal, cidades etc.); indisponível nesta fase";"NotActivated"
"returner_level_character_30";"returner";"Returner";"False";"False";"Subir Nível do Personagem";"Chegar ao nível de personagem 30.";"30";"Invalid";"";"-2";"Fora da categoria diária (eventos, Natal, cidades etc.); indisponível nesta fase";"NotActivated"
"returner_level_character_40";"returner";"Returner";"False";"False";"Subir Nível do Personagem";"Chegar ao nível de personagem 40.";"40";"Invalid";"";"-2";"Fora da categoria diária (eventos, Natal, cidades etc.); indisponível nesta fase";"NotActivated"
"returner_level_character_50";"returner";"Returner";"False";"False";"Subir Nível do Personagem";"Chegar ao nível de personagem 50.";"50";"Invalid";"";"-2";"Fora da categoria diária (eventos, Natal, cidades etc.); indisponível nesta fase";"NotActivated"
"returner_level_character_60";"returner";"Returner";"False";"False";"Subir Nível do Personagem";"Chegar ao nível de personagem 60.";"60";"Invalid";"";"-2";"Fora da categoria diária (eventos, Natal, cidades etc.); indisponível nesta fase";"NotActivated"
"returner_level_skill_armorcrafting_20";"returner";"Returner";"False";"False";"Subiu de Nível de Alfaiataria";"Chegar ao nível 20 da habilidade de alfaiataria.";"20";"Invalid";"";"-2";"Fora da categoria diária (eventos, Natal, cidades etc.); indisponível nesta fase";"NotActivated"
"returner_level_skill_armorcrafting_40";"returner";"Returner";"False";"False";"Subiu de Nível de Alfaiataria";"Chegar ao nível 40 da habilidade de alfaiataria.";"40";"Invalid";"";"-2";"Fora da categoria diária (eventos, Natal, cidades etc.); indisponível nesta fase";"NotActivated"
"returner_level_skill_armorcrafting_60";"returner";"Returner";"False";"False";"Subiu de Nível de Alfaiataria";"Chegar ao nível 60 da habilidade de alfaiataria.";"60";"Invalid";"";"-2";"Fora da categoria diária (eventos, Natal, cidades etc.); indisponível nesta fase";"NotActivated"
"returner_level_skill_constructing_20";"returner";"Returner";"False";"False";"Subiu de Nível de Construir";"Chegar ao nível 20 da habilidade de construção.";"20";"Invalid";"";"-2";"Fora da categoria diária (eventos, Natal, cidades etc.); indisponível nesta fase";"NotActivated"
"returner_level_skill_constructing_40";"returner";"Returner";"False";"False";"Subiu de Nível de Construir";"Chegar ao nível 40 da habilidade de construção.";"40";"Invalid";"";"-2";"Fora da categoria diária (eventos, Natal, cidades etc.); indisponível nesta fase";"NotActivated"
"returner_level_skill_constructing_60";"returner";"Returner";"False";"False";"Subiu de Nível de Construir";"Chegar ao nível 60 da habilidade de construção.";"60";"Invalid";"";"-2";"Fora da categoria diária (eventos, Natal, cidades etc.); indisponível nesta fase";"NotActivated"
"returner_level_skill_cooking_20";"returner";"Returner";"False";"False";"Subiu de Nível de Cozinhar";"Chegar ao nível 20 da habilidade de cozinhar.";"20";"Invalid";"";"-2";"Fora da categoria diária (eventos, Natal, cidades etc.); indisponível nesta fase";"NotActivated"
"returner_level_skill_cooking_40";"returner";"Returner";"False";"False";"Subiu de Nível de Cozinhar";"Chegar ao nível 40 da habilidade de cozinhar.";"40";"Invalid";"";"-2";"Fora da categoria diária (eventos, Natal, cidades etc.); indisponível nesta fase";"NotActivated"
"returner_level_skill_cooking_60";"returner";"Returner";"False";"False";"Subiu de Nível de Cozinhar";"Chegar ao nível 60 da habilidade de cozinhar.";"60";"Invalid";"";"-2";"Fora da categoria diária (eventos, Natal, cidades etc.); indisponível nesta fase";"NotActivated"
"returner_level_skill_melee_combat_20";"returner";"Returner";"False";"False";"Subiu de Nível de Corpo a Corpo";"Chegar ao nível 20 da habilidade corpo a corpo.";"20";"Invalid";"";"-2";"Fora da categoria diária (eventos, Natal, cidades etc.); indisponível nesta fase";"NotActivated"
"returner_level_skill_ranged_combat_20";"returner";"Returner";"False";"False";"Subiu de Nível de Arco e Flecha";"Chegar ao nível 20 da habilidade de arco e flecha.";"20";"Invalid";"";"-2";"Fora da categoria diária (eventos, Natal, cidades etc.); indisponível nesta fase";"NotActivated"
"returner_level_skill_ranged_combat_40";"returner";"Returner";"False";"False";"Subiu de Nível de Arco e Flecha";"Chegar ao nível 40 da habilidade de arco e flecha.";"40";"Invalid";"";"-2";"Fora da categoria diária (eventos, Natal, cidades etc.); indisponível nesta fase";"NotActivated"
"returner_level_skill_weaponcrafting_20";"returner";"Returner";"False";"False";"Subiu de Nível de Criação de Ferramentas/Armas";"Chegar ao nível 20 da habilidade de criação de ferramentas/armas.";"20";"Invalid";"";"-2";"Fora da categoria diária (eventos, Natal, cidades etc.); indisponível nesta fase";"NotActivated"
"returner_level_skill_weaponcrafting_40";"returner";"Returner";"False";"False";"Subiu de Nível de Criação de Ferramentas/Armas";"Chegar ao nível 40 da habilidade de criação de ferramentas/armas.";"40";"Invalid";"";"-2";"Fora da categoria diária (eventos, Natal, cidades etc.); indisponível nesta fase";"NotActivated"
"returner_level_skill_weaponcrafting_60";"returner";"Returner";"False";"False";"Subiu de Nível de Criação de Ferramentas/Armas";"Chegar ao nível 60 da habilidade de criação de ferramentas/armas.";"60";"Invalid";"";"-2";"Fora da categoria diária (eventos, Natal, cidades etc.); indisponível nesta fase";"NotActivated"
"returner_process_metal_stick";"returner";"Returner";"False";"False";"Coletando Materiais de Processamento";"Crie 3 bastões de metal.";"3";"Invalid";"";"-2";"Fora da categoria diária (eventos, Natal, cidades etc.); indisponível nesta fase";"NotActivated"
"returner_process_nail_metal";"returner";"Returner";"False";"False";"Coletando Materiais de Processamento";"Crie 4 pregos de metal.";"4";"Invalid";"";"-2";"Fora da categoria diária (eventos, Natal, cidades etc.); indisponível nesta fase";"NotActivated"
"s01_35_01";"s01_red_phenaco";"Once";"False";"False";"Fornecendo Muletas";"Use o método de criação de muleta para criar <em>1 muleta</em>.";"1";"Invalid";"";"-2";"Missão única fora da categoria diária; geralmente envolve conselheiros, níveis ou eventos, sem contador de eventos";"NotActivated"
"s01_35_02";"s01_red_phenaco";"Once";"False";"False";"Primeira Missão";"Complete uma missão de tundra nível 35, 1 vez.";"35";"Invalid";"";"-2";"Missão única fora da categoria diária; geralmente envolve conselheiros, níveis ou eventos, sem contador de eventos";"NotActivated"
"s01_35_03";"s01_red_phenaco";"Once";"False";"False";"Resgatar Entrega de Item";"Complete missões para acumular 500 pontos de Confiança com a Lifeline.";"500";"Invalid";"";"-2";"Missão única fora da categoria diária; geralmente envolve conselheiros, níveis ou eventos, sem contador de eventos";"NotActivated"
"s01_35_04";"s01_red_phenaco";"Once";"False";"False";"Sobreviventes";"Velejar para os trópicos de nível 45.";"45";"Invalid";"";"-2";"Missão única fora da categoria diária; geralmente envolve conselheiros, níveis ou eventos, sem contador de eventos";"NotActivated"
"s01_45_01";"s01_red_phenaco";"Once";"False";"False";"Resgate";"Resgate 4<em>sobreviventes exaustos</em>pela ilha.";"4";"Invalid";"";"-2";"Missão única fora da categoria diária; geralmente envolve conselheiros, níveis ou eventos, sem contador de eventos";"NotActivated"
"s01_45_02";"s01_red_phenaco";"Once";"False";"False";"Procedimentos de Verificação";"Identifique 5 <em>corpos sem vida</em> espalhados pela ilha.";"5";"Invalid";"";"-2";"Missão única fora da categoria diária; geralmente envolve conselheiros, níveis ou eventos, sem contador de eventos";"NotActivated"
"s01_45_03";"s01_red_phenaco";"Once";"False";"False";"Outro Resgate";"Resgate 6<em>sobreviventes exaustos</em>pela ilha.";"6";"Invalid";"";"-2";"Missão única fora da categoria diária; geralmente envolve conselheiros, níveis ou eventos, sem contador de eventos";"NotActivated"
"s01_45_04";"s01_red_phenaco";"Once";"False";"False";"Negócio Inacabado";"Complete missões para acumular 600 pontos de Confiança com a Lifeline.";"600";"Invalid";"";"-2";"Missão única fora da categoria diária; geralmente envolve conselheiros, níveis ou eventos, sem contador de eventos";"NotActivated"
"s01_45_05";"s01_red_phenaco";"Once";"False";"False";"Para a Ilha dos Recrutadores";"Velejar para os campos nevados de nível 55.";"55";"Invalid";"";"-2";"Missão única fora da categoria diária; geralmente envolve conselheiros, níveis ou eventos, sem contador de eventos";"NotActivated"
"s01_55_01";"s01_red_phenaco";"Once";"False";"False";"Pesquisa de Ilha";"Complete uma missão de campos nevados nível 55, 1 vez.";"55";"Invalid";"";"-2";"Missão única fora da categoria diária; geralmente envolve conselheiros, níveis ou eventos, sem contador de eventos";"NotActivated"
"s01_55_02";"s01_red_phenaco";"Once";"False";"False";"O Jeito Que as Coisas São";"Complete missões para acumular 420 pontos de Confiança com a Lifeline.";"420";"Invalid";"";"-2";"Missão única fora da categoria diária; geralmente envolve conselheiros, níveis ou eventos, sem contador de eventos";"NotActivated"
"s01_55_03";"s01_red_phenaco";"Once";"False";"False";"Pequenos Conflitos";"Complete missões para acumular 820 pontos de Confiança com a Lifeline.";"820";"Invalid";"";"-2";"Missão única fora da categoria diária; geralmente envolve conselheiros, níveis ou eventos, sem contador de eventos";"NotActivated"
"s01_55_04";"s01_red_phenaco";"Once";"False";"False";"Um Homem Honrado";"Complete missões para acumular 1220 pontos de Confiança com a Lifeline.";"1220";"Invalid";"";"-2";"Missão única fora da categoria diária; geralmente envolve conselheiros, níveis ou eventos, sem contador de eventos";"NotActivated"
"s01_55_05";"s01_red_phenaco";"Once";"False";"False";"O Que Deve Ser Feito";"Complete missões para acumular 1520 pontos de Confiança com a Lifeline.";"1520";"Invalid";"";"-2";"Missão única fora da categoria diária; geralmente envolve conselheiros, níveis ou eventos, sem contador de eventos";"NotActivated"
"s01_55_06";"s01_red_phenaco";"Once";"False";"False";"Para a Ilha dos Alossauros";"Velejar para o deserto de nível 60.";"60";"Invalid";"";"-2";"Missão única fora da categoria diária; geralmente envolve conselheiros, níveis ou eventos, sem contador de eventos";"NotActivated"
"s01_60_01";"s01_red_phenaco";"Once";"False";"False";"A Batalha Final";"Elimine o <em>Alossauro</em>.";"1";"Invalid";"";"-2";"Missão única fora da categoria diária; geralmente envolve conselheiros, níveis ou eventos, sem contador de eventos";"NotActivated"
"s01_60_02";"s01_red_phenaco";"Once";"False";"False";"Voltar para o Domínio";"Voltar para o Domínio";"1";"Invalid";"";"-2";"Missão única fora da categoria diária; geralmente envolve conselheiros, níveis ou eventos, sem contador de eventos";"NotActivated"
"s01_start_01";"s01_red_phenaco";"Once";"False";"False";"Recrutando Membros do Resgate";"Chegar ao nível de personagem 31.";"31";"Invalid";"";"-2";"Missão única fora da categoria diária; geralmente envolve conselheiros, níveis ou eventos, sem contador de eventos";"NotActivated"
"s01_start_02";"s01_red_phenaco";"Once";"False";"False";"Junte-se à Lifeline";"Velejar para o nível tundra 35.";"35";"Invalid";"";"-2";"Missão única fora da categoria diária; geralmente envolve conselheiros, níveis ou eventos, sem contador de eventos";"NotActivated"
"season_01_cooking_ration_survival_01";"s01_red_phenaco";"Once";"False";"False";"[Conquista] Chef de Emergência";"Crie 5 comidas de sobrevivência.";"5";"Invalid";"";"-2";"Missão única fora da categoria diária; geralmente envolve conselheiros, níveis ou eventos, sem contador de eventos";"NotActivated"
"season_01_cooking_ration_survival_02";"s01_red_phenaco";"Once";"False";"False";"[Conquista] Cozinheiro da Crise";"Crie 20 comidas de sobrevivência.";"20";"Invalid";"";"-2";"Missão única fora da categoria diária; geralmente envolve conselheiros, níveis ou eventos, sem contador de eventos";"NotActivated"
"season_01_cooking_ration_survival_03";"s01_red_phenaco";"Once";"False";"False";"[Conquista] Resgate do Especialista em Culinária";"Crie 50 comidas de sobrevivência.";"50";"Invalid";"";"-2";"Missão única fora da categoria diária; geralmente envolve conselheiros, níveis ou eventos, sem contador de eventos";"NotActivated"
"season_01_cooking_ration_survival_04";"s01_red_phenaco";"Once";"False";"False";"[Conquista] Diretor de Provisões";"Crie 100 comidas de sobrevivência.";"100";"Invalid";"";"-2";"Missão única fora da categoria diária; geralmente envolve conselheiros, níveis ou eventos, sem contador de eventos";"NotActivated"
"season_01_gathering_clay_ice_01";"s01_red_phenaco";"Once";"False";"False";"[Conquista] Artesão de Gelo";"Colete 20 unidades de Lama Congelada.";"20";"Invalid";"";"-2";"Missão única fora da categoria diária; geralmente envolve conselheiros, níveis ou eventos, sem contador de eventos";"NotActivated"
"season_01_gathering_clay_ice_02";"s01_red_phenaco";"Once";"False";"False";"[Conquista] Homem de Gelo Proverbial";"Colete 50 unidades de Lama Congelada.";"50";"Invalid";"";"-2";"Missão única fora da categoria diária; geralmente envolve conselheiros, níveis ou eventos, sem contador de eventos";"NotActivated"
"season_01_gathering_clay_ice_03";"s01_red_phenaco";"Once";"False";"False";"[Conquista] Coletor Congelado";"Colete 100 unidades de Lama Congelada.";"100";"Invalid";"";"-2";"Missão única fora da categoria diária; geralmente envolve conselheiros, níveis ou eventos, sem contador de eventos";"NotActivated"
"season_01_gathering_clay_ice_04";"s01_red_phenaco";"Once";"False";"False";"[Conquista] Estrela da Idade do Gelo";"Colete 200 unidades de Lama Congelada.";"200";"Invalid";"";"-2";"Missão única fora da categoria diária; geralmente envolve conselheiros, níveis ou eventos, sem contador de eventos";"NotActivated"
"season_01_gathering_clay_ice_05";"s01_red_phenaco";"Once";"False";"False";"[Conquista] Duque da Geleira";"Colete 500 unidades de Lama Congelada.";"500";"Invalid";"";"-2";"Missão única fora da categoria diária; geralmente envolve conselheiros, níveis ou eventos, sem contador de eventos";"NotActivated"
"season_01_gathering_clay_ice_06";"s01_red_phenaco";"Once";"False";"False";"[Conquista] O Senhor Glacial";"Colete 1000 unidades de Lama Congelada.";"1000";"Invalid";"";"-2";"Missão única fora da categoria diária; geralmente envolve conselheiros, níveis ou eventos, sem contador de eventos";"NotActivated"
"season_01_hunt_direwolf_snow_01";"s01_red_phenaco";"Once";"False";"False";"[Conquista] O Pastor Escrupuloso";"Cace 20 Lobos Pré-históricos Brancos.";"20";"Invalid";"";"-2";"Missão única fora da categoria diária; geralmente envolve conselheiros, níveis ou eventos, sem contador de eventos";"NotActivated"
"season_01_hunt_direwolf_snow_02";"s01_red_phenaco";"Once";"False";"False";"[Conquista] Caçador de Bandos";"Cace 50 Lobos Pré-históricos Brancos.";"50";"Invalid";"";"-2";"Missão única fora da categoria diária; geralmente envolve conselheiros, níveis ou eventos, sem contador de eventos";"NotActivated"
"season_01_hunt_direwolf_snow_03";"s01_red_phenaco";"Once";"False";"False";"[Conquista] Assassino Alfa";"Cace 100 Lobos Pré-históricos Brancos.";"100";"Invalid";"";"-2";"Missão única fora da categoria diária; geralmente envolve conselheiros, níveis ou eventos, sem contador de eventos";"NotActivated"
"season_01_hunt_direwolf_snow_04";"s01_red_phenaco";"Once";"False";"False";"[Conquista] A Desgraça dos Lobos";"Cace 200 Lobos Pré-históricos Brancos.";"200";"Invalid";"";"-2";"Missão única fora da categoria diária; geralmente envolve conselheiros, níveis ou eventos, sem contador de eventos";"NotActivated"
"season_01_hunt_direwolf_snow_05";"s01_red_phenaco";"Once";"False";"False";"[Conquista] Predador do Campo Nevado ";"Cace 500 Lobos Pré-históricos Brancos.";"500";"Invalid";"";"-2";"Missão única fora da categoria diária; geralmente envolve conselheiros, níveis ou eventos, sem contador de eventos";"NotActivated"
"season_01_hunt_recruiter_common_01";"s01_red_phenaco";"Once";"False";"False";"[Conquista] Caçador de Recrutadores";"Elimine 5 recrutadores.";"5";"Invalid";"";"-2";"Missão única fora da categoria diária; geralmente envolve conselheiros, níveis ou eventos, sem contador de eventos";"NotActivated"
"season_01_hunt_recruiter_common_02";"s01_red_phenaco";"Once";"False";"False";"[Conquista] Libertador";"Elimine 20 recrutadores.";"20";"Invalid";"";"-2";"Missão única fora da categoria diária; geralmente envolve conselheiros, níveis ou eventos, sem contador de eventos";"NotActivated"
"season_01_hunt_recruiter_common_03";"s01_red_phenaco";"Once";"False";"False";"[Conquista] Terror das Viúvas";"Elimine 50 recrutadores.";"50";"Invalid";"";"-2";"Missão única fora da categoria diária; geralmente envolve conselheiros, níveis ou eventos, sem contador de eventos";"NotActivated"
"season_01_hunt_recruiter_common_04";"s01_red_phenaco";"Once";"False";"False";"[Conquista] Arauto da Morte";"Elimine 100 recrutadores.";"100";"Invalid";"";"-2";"Missão única fora da categoria diária; geralmente envolve conselheiros, níveis ou eventos, sem contador de eventos";"NotActivated"
"season_01_hunt_recruiter_common_05";"s01_red_phenaco";"Once";"False";"False";"[Conquista] Justiceiro Cruel";"Elimine 200 recrutadores.";"200";"Invalid";"";"-2";"Missão única fora da categoria diária; geralmente envolve conselheiros, níveis ou eventos, sem contador de eventos";"NotActivated"
"season_01_hunt_recruiter_common_06";"s01_red_phenaco";"Once";"False";"False";"[Conquista] Matador Cármico";"Elimine 500 recrutadores.";"500";"Invalid";"";"-2";"Missão única fora da categoria diária; geralmente envolve conselheiros, níveis ou eventos, sem contador de eventos";"NotActivated"
"season_01_hunt_recruiter_lead_01";"s01_red_phenaco";"Once";"False";"False";"[Conquista] Fugitivo da Convocação";"Elimine 1 recrutador chefe.";"1";"Invalid";"";"-2";"Missão única fora da categoria diária; geralmente envolve conselheiros, níveis ou eventos, sem contador de eventos";"NotActivated"
"season_01_hunt_recruiter_lead_02";"s01_red_phenaco";"Once";"False";"False";"[Conquista] Resistente Estoico";"Elimine 5 recrutadores chefes.";"5";"Invalid";"";"-2";"Missão única fora da categoria diária; geralmente envolve conselheiros, níveis ou eventos, sem contador de eventos";"NotActivated"
"season_01_hunt_recruiter_lead_03";"s01_red_phenaco";"Once";"False";"False";"[Conquista] Rompedor de Grilhões";"Elimine 10 recrutadores chefes.";"10";"Invalid";"";"-2";"Missão única fora da categoria diária; geralmente envolve conselheiros, níveis ou eventos, sem contador de eventos";"NotActivated"
"season_01_hunt_recruiter_lead_04";"s01_red_phenaco";"Once";"False";"False";"[Conquista] Caçador de Cabeças";"Elimine 50 recrutadores chefes.";"50";"Invalid";"";"-2";"Missão única fora da categoria diária; geralmente envolve conselheiros, níveis ou eventos, sem contador de eventos";"NotActivated"
"season_01_hunt_recruiter_lead_05";"s01_red_phenaco";"Once";"False";"False";"[Conquista] Mão da Vingança";"Elimine 100 recrutadores chefes.";"100";"Invalid";"";"-2";"Missão única fora da categoria diária; geralmente envolve conselheiros, níveis ou eventos, sem contador de eventos";"NotActivated"
"season_01_hunt_recruiter_lead_06";"s01_red_phenaco";"Once";"False";"False";"[Conquista] Justiça Encarnada";"Elimine 200 recrutadores chefes.";"200";"Invalid";"";"-2";"Missão única fora da categoria diária; geralmente envolve conselheiros, níveis ou eventos, sem contador de eventos";"NotActivated"
"season_01_hunt_sabertooth_snow_01";"s01_red_phenaco";"Once";"False";"False";"[Conquista] Assassino de Smilodons";"Cace 1 Dente-de-sabre Branco.";"1";"Invalid";"";"-2";"Missão única fora da categoria diária; geralmente envolve conselheiros, níveis ou eventos, sem contador de eventos";"NotActivated"
"season_01_hunt_sabertooth_snow_02";"s01_red_phenaco";"Once";"False";"False";"[Conquista] Espreitador de Dentes-de-sabre";"Cace 5 Dentes-de-sabre Brancos.";"5";"Invalid";"";"-2";"Missão única fora da categoria diária; geralmente envolve conselheiros, níveis ou eventos, sem contador de eventos";"NotActivated"
"season_01_hunt_sabertooth_snow_03";"s01_red_phenaco";"Once";"False";"False";"[Conquista] Ladrão de Presas";"Cace 10 Dentes-de-sabre Brancos.";"10";"Invalid";"";"-2";"Missão única fora da categoria diária; geralmente envolve conselheiros, níveis ou eventos, sem contador de eventos";"NotActivated"
"season_01_hunt_sabertooth_snow_04";"s01_red_phenaco";"Once";"False";"False";"[Conquista] Matador do Campo Nevado";"Cace 50 Dentes-de-sabre Brancos.";"50";"Invalid";"";"-2";"Missão única fora da categoria diária; geralmente envolve conselheiros, níveis ou eventos, sem contador de eventos";"NotActivated"
"season_01_hunt_sabertooth_snow_05";"s01_red_phenaco";"Once";"False";"False";"[Conquista] Evento de Extinção";"Cace 100 Dentes-de-sabre Brancos.";"100";"Invalid";"";"-2";"Missão única fora da categoria diária; geralmente envolve conselheiros, níveis ou eventos, sem contador de eventos";"NotActivated"
"season_01_rescue_01";"s01_red_phenaco";"Once";"False";"False";"[Conquista] Primeiro a responder";"Complete 5 missões de resgate.";"5";"Invalid";"";"-2";"Missão única fora da categoria diária; geralmente envolve conselheiros, níveis ou eventos, sem contador de eventos";"NotActivated"
"season_01_rescue_02";"s01_red_phenaco";"Once";"False";"False";"[Conquista] Especialista em Emergência";"Complete 20 missões de resgate.";"20";"Invalid";"";"-2";"Missão única fora da categoria diária; geralmente envolve conselheiros, níveis ou eventos, sem contador de eventos";"NotActivated"
"season_01_rescue_03";"s01_red_phenaco";"Once";"False";"False";"[Conquista] Resgate do Cinzento";"Complete 50 missões de resgate.";"50";"Invalid";"";"-2";"Missão única fora da categoria diária; geralmente envolve conselheiros, níveis ou eventos, sem contador de eventos";"NotActivated"
"season_01_rescue_04";"s01_red_phenaco";"Once";"False";"False";"[Conquista] Salvador Centurião";"Complete 100 missões de resgate.";"100";"Invalid";"";"-2";"Missão única fora da categoria diária; geralmente envolve conselheiros, níveis ou eventos, sem contador de eventos";"NotActivated"
"season_01_rescue_05";"s01_red_phenaco";"Once";"False";"False";"[Conquista] Anjo da Guarda";"Complete 200 missões de resgate.";"200";"Invalid";"";"-2";"Missão única fora da categoria diária; geralmente envolve conselheiros, níveis ou eventos, sem contador de eventos";"NotActivated"
"season_02_level_skill_01";"s02_warp_rush";"Once";"False";"False";"Nada tema";"Atinja o nível 5 com uma habilidade de sobrevivência em uma Ilha de Óleo Tóxico.";"5";"Invalid";"";"-2";"Missão única fora da categoria diária; geralmente envolve conselheiros, níveis ou eventos, sem contador de eventos";"NotActivated"
"season_02_level_skill_02";"s02_warp_rush";"Once";"False";"False";"Você está pegando o jeito";"Atinja o nível 10 com uma habilidade de sobrevivência em uma Ilha de Óleo Tóxico.";"10";"Invalid";"";"-2";"Missão única fora da categoria diária; geralmente envolve conselheiros, níveis ou eventos, sem contador de eventos";"NotActivated"
"season_02_level_skill_03";"s02_warp_rush";"Once";"False";"False";"Você tentou tanto...";"Atinja o nível 20 com uma habilidade de sobrevivência em uma Ilha de Óleo Tóxico.";"20";"Invalid";"";"-2";"Missão única fora da categoria diária; geralmente envolve conselheiros, níveis ou eventos, sem contador de eventos";"NotActivated"
"season_02_level_skill_04";"s02_warp_rush";"Once";"False";"False";"E você chegou tão longe";"Atinja o nível 30 com uma habilidade de sobrevivência em uma Ilha de Óleo Tóxico.";"30";"Invalid";"";"-2";"Missão única fora da categoria diária; geralmente envolve conselheiros, níveis ou eventos, sem contador de eventos";"NotActivated"
"season_02_level_skill_05";"s02_warp_rush";"Once";"False";"False";"Você percorreu um longo caminho";"Atinja o nível 40 com uma habilidade de sobrevivência em uma Ilha de Óleo Tóxico.";"40";"Invalid";"";"-2";"Missão única fora da categoria diária; geralmente envolve conselheiros, níveis ou eventos, sem contador de eventos";"NotActivated"
"season_02_level_skill_06";"s02_warp_rush";"Once";"False";"False";"Eu e eu mesmo";"Atinja o nível 50 com uma habilidade de sobrevivência em uma Ilha de Óleo Tóxico.";"50";"Invalid";"";"-2";"Missão única fora da categoria diária; geralmente envolve conselheiros, níveis ou eventos, sem contador de eventos";"NotActivated"
"season_02_level_skill_07";"s02_warp_rush";"Once";"False";"False";"Seria você um super-humano?";"Atinja o nível 60 com uma habilidade de sobrevivência em uma Ilha de Óleo Tóxico.";"60";"Invalid";"";"-2";"Missão única fora da categoria diária; geralmente envolve conselheiros, níveis ou eventos, sem contador de eventos";"NotActivated"
"season_02_survival_01";"s02_warp_rush";"Once";"False";"False";"Dia 1";"Sobreviva a seu primeiro dia em uma Ilha de Óleo Tóxico.";"1";"Invalid";"";"-2";"Missão única fora da categoria diária; geralmente envolve conselheiros, níveis ou eventos, sem contador de eventos";"NotActivated"
"season_02_survival_02";"s02_warp_rush";"Once";"False";"False";"Dia 2";"Sobreviva a seu segundo dia em uma Ilha de Óleo Tóxico.";"2";"Invalid";"";"-2";"Missão única fora da categoria diária; geralmente envolve conselheiros, níveis ou eventos, sem contador de eventos";"NotActivated"
"season_02_survival_03";"s02_warp_rush";"Once";"False";"False";"Dia 3";"Sobreviva a seu terceiro dia em uma Ilha de Óleo Tóxico.";"3";"Invalid";"";"-2";"Missão única fora da categoria diária; geralmente envolve conselheiros, níveis ou eventos, sem contador de eventos";"NotActivated"
"season_02_survival_04";"s02_warp_rush";"Once";"False";"False";"Dia 4";"Sobreviva a seu quarto dia em uma Ilha de Óleo Tóxico.";"4";"Invalid";"";"-2";"Missão única fora da categoria diária; geralmente envolve conselheiros, níveis ou eventos, sem contador de eventos";"NotActivated"
"season_02_survival_05";"s02_warp_rush";"Once";"False";"False";"Dia 5";"Sobreviva a seu quinto dia em uma Ilha de Óleo Tóxico.";"5";"Invalid";"";"-2";"Missão única fora da categoria diária; geralmente envolve conselheiros, níveis ou eventos, sem contador de eventos";"NotActivated"
"season_02_survival_06";"s02_warp_rush";"Once";"False";"False";"Dia 6";"Sobreviva a seu sexto dia em uma Ilha de Óleo Tóxico.";"6";"Invalid";"";"-2";"Missão única fora da categoria diária; geralmente envolve conselheiros, níveis ou eventos, sem contador de eventos";"NotActivated"
"season02_clothing_doll_01";"s02_warp_rush";"Once";"False";"False";"Mini Eu";"Crie 1 escultura de compsognato.";"1";"Invalid";"";"-2";"Missão única fora da categoria diária; geralmente envolve conselheiros, níveis ou eventos, sem contador de eventos";"NotActivated"
"season02_clothing_plastic_01";"s02_warp_rush";"Once";"False";"False";"O lixo de um homem";"Crie 1 traje de trabalho reciclado.";"1";"Invalid";"";"-2";"Missão única fora da categoria diária; geralmente envolve conselheiros, níveis ou eventos, sem contador de eventos";"NotActivated"
"season02_clothing_plastic_02";"s02_warp_rush";"Once";"False";"False";"Mais plástico, por favor";"Crie 5 trajes de trabalho reciclados.";"5";"Invalid";"";"-2";"Missão única fora da categoria diária; geralmente envolve conselheiros, níveis ou eventos, sem contador de eventos";"NotActivated"
"season02_clothing_plastic_03";"s02_warp_rush";"Once";"False";"False";"Fazendo sua parte";"Crie 10 trajes de trabalho reciclados.";"10";"Invalid";"";"-2";"Missão única fora da categoria diária; geralmente envolve conselheiros, níveis ou eventos, sem contador de eventos";"NotActivated"
"season02_clothing_plastic_04";"s02_warp_rush";"Once";"False";"False";"Valendo o peso em ouro";"Crie 30 trajes de trabalho reciclados.";"30";"Invalid";"";"-2";"Missão única fora da categoria diária; geralmente envolve conselheiros, níveis ou eventos, sem contador de eventos";"NotActivated"
"season02_clothing_rope_01";"s02_warp_rush";"Once";"False";"False";"Todos começam de algum lugar";"Crie 1 traje de trabalho de videira";"1";"Invalid";"";"-2";"Missão única fora da categoria diária; geralmente envolve conselheiros, níveis ou eventos, sem contador de eventos";"NotActivated"
"season02_clothing_rope_02";"s02_warp_rush";"Once";"False";"False";"Videira chocante";"Crie 5 trajes de trabalho de videira.";"5";"Invalid";"";"-2";"Missão única fora da categoria diária; geralmente envolve conselheiros, níveis ou eventos, sem contador de eventos";"NotActivated"
"season02_clothing_rope_03";"s02_warp_rush";"Once";"False";"False";"Veneno é meu sobrenome";"Crie 10 trajes de trabalho de videira.";"10";"Invalid";"";"-2";"Missão única fora da categoria diária; geralmente envolve conselheiros, níveis ou eventos, sem contador de eventos";"NotActivated"
"season02_clothing_rope_04";"s02_warp_rush";"Once";"False";"False";"O encantador de videiras";"Crie 30 trajes de trabalho de videira.";"30";"Invalid";"";"-2";"Missão única fora da categoria diária; geralmente envolve conselheiros, níveis ou eventos, sem contador de eventos";"NotActivated"
"season02_clothing_rubber_01";"s02_warp_rush";"Once";"False";"False";"Dando uma Arrumadinha";"Crie 1 traje de trabalho de borracha.";"1";"Invalid";"";"-2";"Missão única fora da categoria diária; geralmente envolve conselheiros, níveis ou eventos, sem contador de eventos";"NotActivated"
"season02_clothing_seal_01";"s02_warp_rush";"Once";"False";"False";"Totens tradicionais";"Crie 1 amuleto esculpido.";"1";"Invalid";"";"-2";"Missão única fora da categoria diária; geralmente envolve conselheiros, níveis ou eventos, sem contador de eventos";"NotActivated"
"season02_clothing_stick_01";"s02_warp_rush";"Once";"False";"False";"Apoie-se em mim";"Crie 1 cajado de pioneiro.";"1";"Invalid";"";"-2";"Missão única fora da categoria diária; geralmente envolve conselheiros, níveis ou eventos, sem contador de eventos";"NotActivated"
"season02_clothing_suitable_01";"s02_warp_rush";"Once";"False";"False";"Quem determina o que é apropriado ou não?";"Crie 1 traje especial forrado com um material apropriado.";"1";"Invalid";"";"-2";"Missão única fora da categoria diária; geralmente envolve conselheiros, níveis ou eventos, sem contador de eventos";"NotActivated"
"season02_clothing_warp_ruduce_01";"s02_warp_rush";"Once";"False";"False";"Oferta relâmpago!";"Crie 1 traje especial com uma Redução do Preço do Portal.";"1";"Invalid";"";"-2";"Missão única fora da categoria diária; geralmente envolve conselheiros, níveis ou eventos, sem contador de eventos";"NotActivated"
"season02_collect_liver_any_01";"s02_warp_rush";"Once";"False";"False";"Carne misteriosa";"Esquarteje 1 fígado cru.";"1";"Invalid";"";"-2";"Missão única fora da categoria diária; geralmente envolve conselheiros, níveis ou eventos, sem contador de eventos";"NotActivated"
"season02_collect_liver_any_02";"s02_warp_rush";"Once";"False";"False";"Fígaro, fígado";"Esquarteje 10 fígados crus.";"10";"Invalid";"";"-2";"Missão única fora da categoria diária; geralmente envolve conselheiros, níveis ou eventos, sem contador de eventos";"NotActivated"
"season02_collect_liver_any_03";"s02_warp_rush";"Once";"False";"False";"Devorador de fígados";"Esquarteje 30 fígados crus.";"30";"Invalid";"";"-2";"Missão única fora da categoria diária; geralmente envolve conselheiros, níveis ou eventos, sem contador de eventos";"NotActivated"
"season02_collect_liver_any_04";"s02_warp_rush";"Once";"False";"False";"Doador de órgãos";"Esquarteje 50 fígados crus.";"50";"Invalid";"";"-2";"Missão única fora da categoria diária; geralmente envolve conselheiros, níveis ou eventos, sem contador de eventos";"NotActivated"
"season02_collect_liver_coelo_01";"s02_warp_rush";"Once";"False";"False";"Obrigado, celófise!";"Esquarteje 1 fígado cru de Celófise Ferido.";"1";"Invalid";"";"-2";"Missão única fora da categoria diária; geralmente envolve conselheiros, níveis ou eventos, sem contador de eventos";"NotActivated"
"season02_collect_liver_coelo_02";"s02_warp_rush";"Once";"False";"False";"Um nobre sacrifício";"Esquarteje 5 fígados crus de Celófises Feridos.";"5";"Invalid";"";"-2";"Missão única fora da categoria diária; geralmente envolve conselheiros, níveis ou eventos, sem contador de eventos";"NotActivated"
"season02_collect_liver_coelo_03";"s02_warp_rush";"Once";"False";"False";"Te vejo do outro lado";"Esquarteje 10 fígados crus de Celófises Feridos.";"10";"Invalid";"";"-2";"Missão única fora da categoria diária; geralmente envolve conselheiros, níveis ou eventos, sem contador de eventos";"NotActivated"
"season02_collect_liver_coelo_04";"s02_warp_rush";"Once";"False";"False";"Sem desperdício";"Esquarteje 20 fígados crus de Celófises Feridos.";"20";"Invalid";"";"-2";"Missão única fora da categoria diária; geralmente envolve conselheiros, níveis ou eventos, sem contador de eventos";"NotActivated"
"season02_collect_liver_coelo_05";"s02_warp_rush";"Once";"False";"False";"Nada de paladar exigente";"Esquarteje 50 fígados crus de Celófises Feridos.";"50";"Invalid";"";"-2";"Missão única fora da categoria diária; geralmente envolve conselheiros, níveis ou eventos, sem contador de eventos";"NotActivated"
"season02_collect_liver_rat_01";"s02_warp_rush";"Once";"False";"False";"Isso era um espinho?";"Esquarteje 1 fígado cru de Rato Gigante Enfermo.";"1";"Invalid";"";"-2";"Missão única fora da categoria diária; geralmente envolve conselheiros, níveis ou eventos, sem contador de eventos";"NotActivated"
"season02_collect_liver_rat_02";"s02_warp_rush";"Once";"False";"False";"Não acompanha tartarugas guerreiras";"Esquarteje 5 fígados crus de Ratos Gigantes Enfermos.";"5";"Invalid";"";"-2";"Missão única fora da categoria diária; geralmente envolve conselheiros, níveis ou eventos, sem contador de eventos";"NotActivated"
"season02_collect_liver_rat_03";"s02_warp_rush";"Once";"False";"False";"Algazarra de ratos";"Esquarteje 10 fígados crus de Ratos Gigantes Enfermos.";"10";"Invalid";"";"-2";"Missão única fora da categoria diária; geralmente envolve conselheiros, níveis ou eventos, sem contador de eventos";"NotActivated"
"season02_collect_liver_rat_04";"s02_warp_rush";"Once";"False";"False";"Passe a salada";"Esquarteje 20 fígados crus de Ratos Gigantes Enfermos.";"20";"Invalid";"";"-2";"Missão única fora da categoria diária; geralmente envolve conselheiros, níveis ou eventos, sem contador de eventos";"NotActivated"
"season02_collect_liver_rat_05";"s02_warp_rush";"Once";"False";"False";"Nada de paladar exigente";"Esquarteje 50 fígados crus de Ratos Gigantes Enfermos.";"50";"Invalid";"";"-2";"Missão única fora da categoria diária; geralmente envolve conselheiros, níveis ou eventos, sem contador de eventos";"NotActivated"
"season02_collect_liver_skunkodus_01";"s02_warp_rush";"Once";"False";"False";"Dádivas excruciantes";"Esquarteje 1 fígado cru de Skunkodus Intoxicados.";"1";"Invalid";"";"-2";"Missão única fora da categoria diária; geralmente envolve conselheiros, níveis ou eventos, sem contador de eventos";"NotActivated"
"season02_collect_liver_skunkodus_02";"s02_warp_rush";"Once";"False";"False";"Skunkodus altruísta";"Esquarteje 5 fígados crus de Skunkodus Intoxicados.";"5";"Invalid";"";"-2";"Missão única fora da categoria diária; geralmente envolve conselheiros, níveis ou eventos, sem contador de eventos";"NotActivated"
"season02_collect_liver_skunkodus_03";"s02_warp_rush";"Once";"False";"False";"Descanse em paz, Skunkodus";"Esquarteje 10 fígados crus de Skunkodus Intoxicados.";"10";"Invalid";"";"-2";"Missão única fora da categoria diária; geralmente envolve conselheiros, níveis ou eventos, sem contador de eventos";"NotActivated"
"season02_collect_liver_skunkodus_04";"s02_warp_rush";"Once";"False";"False";"Agradecemos seu sacrifício";"Esquarteje 20 fígados crus de Skunkodus Intoxicados.";"20";"Invalid";"";"-2";"Missão única fora da categoria diária; geralmente envolve conselheiros, níveis ou eventos, sem contador de eventos";"NotActivated"
"season02_collect_liver_skunkodus_05";"s02_warp_rush";"Once";"False";"False";"Nada de paladar exigente";"Esquarteje 50 fígados crus de Skunkodus Intoxicados.";"50";"Invalid";"";"-2";"Missão única fora da categoria diária; geralmente envolve conselheiros, níveis ou eventos, sem contador de eventos";"NotActivated"
"season02_collect_liver_tricera_01";"s02_warp_rush";"Once";"False";"False";"Fígado de ferro...";"Esquarteje 1 fígado cru de Triceratops.";"1";"Invalid";"";"-2";"Missão única fora da categoria diária; geralmente envolve conselheiros, níveis ou eventos, sem contador de eventos";"NotActivated"
"season02_collect_liver_tricera_02";"s02_warp_rush";"Once";"False";"False";"Sorte e habilidade";"Esquarteje 3 fígados crus de Triceratops.";"3";"Invalid";"";"-2";"Missão única fora da categoria diária; geralmente envolve conselheiros, níveis ou eventos, sem contador de eventos";"NotActivated"
"season02_collect_liver_tricera_03";"s02_warp_rush";"Once";"False";"False";"Coma e tenha a força";"Esquarteje 5 fígados crus de Triceratops.";"5";"Invalid";"";"-2";"Missão única fora da categoria diária; geralmente envolve conselheiros, níveis ou eventos, sem contador de eventos";"NotActivated"
"season02_collect_liver_tricera_04";"s02_warp_rush";"Once";"False";"False";"Era uma vez um fígado";"Esquarteje 10 fígados crus de Triceratops.";"10";"Invalid";"";"-2";"Missão única fora da categoria diária; geralmente envolve conselheiros, níveis ou eventos, sem contador de eventos";"NotActivated"
"season02_collect_liver_tricera_05";"s02_warp_rush";"Once";"False";"False";"Desopilando o fígado";"Esquarteje 20 fígados crus de Triceratops.";"20";"Invalid";"";"-2";"Missão única fora da categoria diária; geralmente envolve conselheiros, níveis ou eventos, sem contador de eventos";"NotActivated"
"season02_constructing_shelter_01_01";"s02_warp_rush";"Once";"False";"False";"Minimalista";"Construa 1 abrigo de névoa.";"1";"Invalid";"";"-2";"Missão única fora da categoria diária; geralmente envolve conselheiros, níveis ou eventos, sem contador de eventos";"NotActivated"
"season02_constructing_shelter_01_02";"s02_warp_rush";"Once";"False";"False";"Vida estável";"Construa 5 abrigos de névoa.";"5";"Invalid";"";"-2";"Missão única fora da categoria diária; geralmente envolve conselheiros, níveis ou eventos, sem contador de eventos";"NotActivated"
"season02_constructing_shelter_01_03";"s02_warp_rush";"Once";"False";"False";"Cabana de férias";"Construa 10 abrigos de névoa.";"10";"Invalid";"";"-2";"Missão única fora da categoria diária; geralmente envolve conselheiros, níveis ou eventos, sem contador de eventos";"NotActivated"
"season02_constructing_shelter_01_04";"s02_warp_rush";"Once";"False";"False";"Engenharia avançada";"Construa 20 abrigos de névoa.";"20";"Invalid";"";"-2";"Missão única fora da categoria diária; geralmente envolve conselheiros, níveis ou eventos, sem contador de eventos";"NotActivated"
"season02_constructing_shelter_02_01";"s02_warp_rush";"Once";"False";"False";"Entre quatro paredes";"Construa 1 abrigo de névoa com chaminé.";"1";"Invalid";"";"-2";"Missão única fora da categoria diária; geralmente envolve conselheiros, níveis ou eventos, sem contador de eventos";"NotActivated"
"season02_constructing_temp_01";"s02_warp_rush";"Once";"False";"False";"Musgoterapia";"Construa 1 cabana de musgo.";"1";"Invalid";"";"-2";"Missão única fora da categoria diária; geralmente envolve conselheiros, níveis ou eventos, sem contador de eventos";"NotActivated"
"season02_constructing_temp_02";"s02_warp_rush";"Once";"False";"False";"Não posso ficar para sempre";"Construa 5 cabanas de musgo.";"5";"Invalid";"";"-2";"Missão única fora da categoria diária; geralmente envolve conselheiros, níveis ou eventos, sem contador de eventos";"NotActivated"
"season02_constructing_temp_03";"s02_warp_rush";"Once";"False";"False";"Achei que era temporário";"Construa 10 cabanas de musgo.";"10";"Invalid";"";"-2";"Missão única fora da categoria diária; geralmente envolve conselheiros, níveis ou eventos, sem contador de eventos";"NotActivated"
"season02_constructing_temp_04";"s02_warp_rush";"Once";"False";"False";"Simplicidade é o que importa";"Construa 20 cabanas de musgo.";"20";"Invalid";"";"-2";"Missão única fora da categoria diária; geralmente envolve conselheiros, níveis ou eventos, sem contador de eventos";"NotActivated"
"season02_constructing_thurible_01";"s02_warp_rush";"Once";"False";"False";"Mantenha a distância";"Construa 1 incenso contra mosquitos.";"1";"Invalid";"";"-2";"Missão única fora da categoria diária; geralmente envolve conselheiros, níveis ou eventos, sem contador de eventos";"NotActivated"
"season02_constructing_washbowl_01";"s02_warp_rush";"Once";"False";"False";"Cadê o detergente?";"Construa 1 vasilha.";"1";"Invalid";"";"-2";"Missão única fora da categoria diária; geralmente envolve conselheiros, níveis ou eventos, sem contador de eventos";"NotActivated"
"season02_cooking_harmonious_01";"s02_warp_rush";"Once";"False";"False";"É isso que chamo de saboroso";"Crie 1 alimento especial com ingredientes equilibrados.";"1";"Invalid";"";"-2";"Missão única fora da categoria diária; geralmente envolve conselheiros, níveis ou eventos, sem contador de eventos";"NotActivated"
"season02_cooking_leather_stew_01";"s02_warp_rush";"Once";"False";"False";"É impossível comer apenas um";"Faça um alimento revestido em couro especial.";"1";"Invalid";"";"-2";"Missão única fora da categoria diária; geralmente envolve conselheiros, níveis ou eventos, sem contador de eventos";"NotActivated"
"season02_cooking_medicine_01";"s02_warp_rush";"Once";"False";"False";"Eu vi a luz!";"Faça 1 imunizador de óleo tóxico.";"1";"Invalid";"";"-2";"Missão única fora da categoria diária; geralmente envolve conselheiros, níveis ou eventos, sem contador de eventos";"NotActivated"
"season02_cooking_worm_stew_01";"s02_warp_rush";"Once";"False";"False";"Experimente de tudo pelo menos uma vez";"Cozinhar um mingau de inseto 1 vez.";"1";"Invalid";"";"-2";"Missão única fora da categoria diária; geralmente envolve conselheiros, níveis ou eventos, sem contador de eventos";"NotActivated"
"season02_cooking_worm_stew_02";"s02_warp_rush";"Once";"False";"False";"Experimente de tudo pelo menos cinco vezes";"Cozinhar um mingau de inseto 5 vezes.";"5";"Invalid";"";"-2";"Missão única fora da categoria diária; geralmente envolve conselheiros, níveis ou eventos, sem contador de eventos";"NotActivated"
"season02_cooking_worm_stew_03";"s02_warp_rush";"Once";"False";"False";"Gosto adquirido";"Cozinhar um mingau de inseto 10 vezes.";"10";"Invalid";"";"-2";"Missão única fora da categoria diária; geralmente envolve conselheiros, níveis ou eventos, sem contador de eventos";"NotActivated"
"season02_cooking_worm_stew_04";"s02_warp_rush";"Once";"False";"False";"Iguaria saborosa";"Cozinhar um mingau de inseto 30 vezes.";"30";"Invalid";"";"-2";"Missão única fora da categoria diária; geralmente envolve conselheiros, níveis ou eventos, sem contador de eventos";"NotActivated"
"season02_hunt_coelophysis_01";"s02_warp_rush";"Once";"False";"False";"Peso-leve";"Cace 1 Celófise Ferido em uma Ilha de Óleo Tóxico.";"1";"Invalid";"";"-2";"Missão única fora da categoria diária; geralmente envolve conselheiros, níveis ou eventos, sem contador de eventos";"NotActivated"
"season02_hunt_coelophysis_02";"s02_warp_rush";"Once";"False";"False";"Mais do que ferido";"Cace 5 Celófises Feridos em uma Ilha de Óleo Tóxico.";"5";"Invalid";"";"-2";"Missão única fora da categoria diária; geralmente envolve conselheiros, níveis ou eventos, sem contador de eventos";"NotActivated"
"season02_hunt_coelophysis_03";"s02_warp_rush";"Once";"False";"False";"Acabando com o sofrimento";"Cace 10 Celófises Feridos em uma Ilha de Óleo Tóxico.";"10";"Invalid";"";"-2";"Missão única fora da categoria diária; geralmente envolve conselheiros, níveis ou eventos, sem contador de eventos";"NotActivated"
"season02_hunt_coelophysis_04";"s02_warp_rush";"Once";"False";"False";"Há mais de onde esse aí veio";"Cace 20 Celófises Feridos em uma Ilha de Óleo Tóxico.";"20";"Invalid";"";"-2";"Missão única fora da categoria diária; geralmente envolve conselheiros, níveis ou eventos, sem contador de eventos";"NotActivated"
"season02_hunt_coelophysis_05";"s02_warp_rush";"Once";"False";"False";"Tudo que vem fácil, vai fácil";"Cace 50 Celófises Feridos em uma Ilha de Óleo Tóxico.";"50";"Invalid";"";"-2";"Missão única fora da categoria diária; geralmente envolve conselheiros, níveis ou eventos, sem contador de eventos";"NotActivated"
"season02_hunt_rat_01";"s02_warp_rush";"Once";"False";"False";"Peso-leve";"Cace 1 Rato Gigante Enfermo em uma Ilha de Óleo Tóxico.";"1";"Invalid";"";"-2";"Missão única fora da categoria diária; geralmente envolve conselheiros, níveis ou eventos, sem contador de eventos";"NotActivated"
"season02_hunt_rat_02";"s02_warp_rush";"Once";"False";"False";"Roedores de enfermidades incomuns";"Cace 5 Ratos Gigantes Enfermos em uma Ilha de Óleo Tóxico.";"5";"Invalid";"";"-2";"Missão única fora da categoria diária; geralmente envolve conselheiros, níveis ou eventos, sem contador de eventos";"NotActivated"
"season02_hunt_rat_03";"s02_warp_rush";"Once";"False";"False";"Controle de pestes";"Cace 10 Ratos Gigantes Enfermos em uma Ilha de Óleo Tóxico.";"10";"Invalid";"";"-2";"Missão única fora da categoria diária; geralmente envolve conselheiros, níveis ou eventos, sem contador de eventos";"NotActivated"
"season02_hunt_rat_04";"s02_warp_rush";"Once";"False";"False";"Sem possibilidade de recuperação";"Cace 20 Ratos Gigantes Enfermos em uma Ilha de Óleo Tóxico.";"20";"Invalid";"";"-2";"Missão única fora da categoria diária; geralmente envolve conselheiros, níveis ou eventos, sem contador de eventos";"NotActivated"
"season02_hunt_rat_05";"s02_warp_rush";"Once";"False";"False";"Alguém chamou o exterminador?";"Cace 50 Ratos Gigantes Enfermos em uma Ilha de Óleo Tóxico.";"50";"Invalid";"";"-2";"Missão única fora da categoria diária; geralmente envolve conselheiros, níveis ou eventos, sem contador de eventos";"NotActivated"
"season02_hunt_skunkodus_01";"s02_warp_rush";"Once";"False";"False";"Peso-leve";"Cace 1 Skunkodus Bêbado em uma Ilha de Óleo Tóxico.";"1";"Invalid";"";"-2";"Missão única fora da categoria diária; geralmente envolve conselheiros, níveis ou eventos, sem contador de eventos";"NotActivated"
"season02_hunt_skunkodus_02";"s02_warp_rush";"Once";"False";"False";"Bêbado como um Skunkodus";"Cace 5 Skunkodus Bêbados em uma Ilha de Óleo Tóxico.";"5";"Invalid";"";"-2";"Missão única fora da categoria diária; geralmente envolve conselheiros, níveis ou eventos, sem contador de eventos";"NotActivated"
"season02_hunt_skunkodus_03";"s02_warp_rush";"Once";"False";"False";"Eles pediram por isso";"Cace 10 Skunkodus Bêbados em uma Ilha de Óleo Tóxico.";"10";"Invalid";"";"-2";"Missão única fora da categoria diária; geralmente envolve conselheiros, níveis ou eventos, sem contador de eventos";"NotActivated"
"season02_hunt_skunkodus_04";"s02_warp_rush";"Once";"False";"False";"Skunkodus em toda parte";"Cace 20 Skunkodus Bêbados em uma Ilha de Óleo Tóxico.";"20";"Invalid";"";"-2";"Missão única fora da categoria diária; geralmente envolve conselheiros, níveis ou eventos, sem contador de eventos";"NotActivated"
"season02_hunt_skunkodus_05";"s02_warp_rush";"Once";"False";"False";"Truque de mágica";"Cace 50 Skunkodus Bêbados em uma Ilha de Óleo Tóxico.";"50";"Invalid";"";"-2";"Missão única fora da categoria diária; geralmente envolve conselheiros, níveis ou eventos, sem contador de eventos";"NotActivated"
"season02_hunt_triceratops_01_01";"s02_warp_rush";"Once";"False";"False";"Aqui vamos nós!";"Cace 1 Triceratops Envenenado em uma Ilha de Óleo Tóxico.";"1";"Invalid";"";"-2";"Missão única fora da categoria diária; geralmente envolve conselheiros, níveis ou eventos, sem contador de eventos";"NotActivated"
"season02_hunt_triceratops_01_02";"s02_warp_rush";"Once";"False";"False";"Cabeça com três chifres";"Cace 2 Triceratops Envenenados em uma Ilha de Óleo Tóxico.";"2";"Invalid";"";"-2";"Missão única fora da categoria diária; geralmente envolve conselheiros, níveis ou eventos, sem contador de eventos";"NotActivated"
"season02_hunt_triceratops_01_03";"s02_warp_rush";"Once";"False";"False";"Não tenho medo de dinossauros";"Cace 5 Triceratops Envenenados em uma Ilha de Óleo Tóxico.";"5";"Invalid";"";"-2";"Missão única fora da categoria diária; geralmente envolve conselheiros, níveis ou eventos, sem contador de eventos";"NotActivated"
"season02_hunt_triceratops_01_04";"s02_warp_rush";"Once";"False";"False";"Caçador profissional de triceratops";"Cace 10 Triceratops Envenenados em uma Ilha de Óleo Tóxico.";"10";"Invalid";"";"-2";"Missão única fora da categoria diária; geralmente envolve conselheiros, níveis ou eventos, sem contador de eventos";"NotActivated"
"season02_hunt_triceratops_01_05";"s02_warp_rush";"Once";"False";"False";"Triceratops sem sorte";"Cace 30 Triceratops Envenenados em uma Ilha de Óleo Tóxico.";"30";"Invalid";"";"-2";"Missão única fora da categoria diária; geralmente envolve conselheiros, níveis ou eventos, sem contador de eventos";"NotActivated"
"season02_hunt_triceratops_02_01";"s02_warp_rush";"Once";"False";"False";"Aqui vamos nós!";"Cace 1 Triceratops Nervosos em uma Ilha de Óleo Tóxico.";"1";"Invalid";"";"-2";"Missão única fora da categoria diária; geralmente envolve conselheiros, níveis ou eventos, sem contador de eventos";"NotActivated"
"season02_hunt_triceratops_02_02";"s02_warp_rush";"Once";"False";"False";"Cabeça com três chifres";"Cace 2 Triceratops Nervosos em uma Ilha de Óleo Tóxico.";"2";"Invalid";"";"-2";"Missão única fora da categoria diária; geralmente envolve conselheiros, níveis ou eventos, sem contador de eventos";"NotActivated"
"season02_hunt_triceratops_02_03";"s02_warp_rush";"Once";"False";"False";"Não tenho medo de dinossauros";"Cace 5 Triceratops Nervosos em uma Ilha de Óleo Tóxico.";"5";"Invalid";"";"-2";"Missão única fora da categoria diária; geralmente envolve conselheiros, níveis ou eventos, sem contador de eventos";"NotActivated"
"season02_hunt_triceratops_02_04";"s02_warp_rush";"Once";"False";"False";"Caçador profissional de triceratops";"Cace 10 Triceratops Nervosos em uma Ilha de Óleo Tóxico.";"10";"Invalid";"";"-2";"Missão única fora da categoria diária; geralmente envolve conselheiros, níveis ou eventos, sem contador de eventos";"NotActivated"
"season02_hunt_triceratops_02_05";"s02_warp_rush";"Once";"False";"False";"Triceratops sem sorte";"Cace 30 Triceratops Nervosos em uma Ilha de Óleo Tóxico.";"30";"Invalid";"";"-2";"Missão única fora da categoria diária; geralmente envolve conselheiros, níveis ou eventos, sem contador de eventos";"NotActivated"
"story_custom_event_meet_k";"story";"Once";"False";"False";"O Curioso Caso de K";"Encontre-se com a K na praia mais ao norte.";"1";"Invalid";"";"-2";"Missão única fora da categoria diária; geralmente envolve conselheiros, níveis ou eventos, sem contador de eventos";"NotActivated"
"story_enter_outpost";"story";"Once";"False";"False";"Explorando Ilha Domada";"Entre em uma Ilha Instável de nível 60 e concorra com outros pioneiros para obter recursos valiosos.";"60";"Invalid";"";"-2";"Missão única fora da categoria diária; geralmente envolve conselheiros, níveis ou eventos, sem contador de eventos";"NotActivated"
"story_enter_personal";"story";"Once";"False";"False";"Um Pequeno Passo";"Acostume-se com o mundo de Durango completando as missões que a K lhe der.";"1";"Invalid";"";"-2";"Missão única fora da categoria diária; geralmente envolve conselheiros, níveis ou eventos, sem contador de eventos";"NotActivated"
"story_enter_risky";"story";"Once";"False";"False";"Pioneiro Novato";"Declare o seu Domínio pessoal e parta para uma Ilha Instável.";"1";"Invalid";"";"-2";"Missão única fora da categoria diária; geralmente envolve conselheiros, níveis ou eventos, sem contador de eventos";"NotActivated"
"story_enter_safehouse";"story";"Once";"False";"False";"Recruta Novo";"Você precisa escapar de Ancora. Construa uma jangada.";"1";"Invalid";"";"-2";"Missão única fora da categoria diária; geralmente envolve conselheiros, níveis ou eventos, sem contador de eventos";"NotActivated"
"story_enter_urban";"story";"Once";"False";"False";"A Cidade Grande!";"Vá para uma Ilha Civilizada para reingressar na civilização.";"1";"Invalid";"";"-2";"Missão única fora da categoria diária; geralmente envolve conselheiros, níveis ou eventos, sem contador de eventos";"NotActivated"
"story_level_16";"story";"Once";"False";"False";"Explorador Novato";"Alcance o nível 16 e construa confiança com as organizações.";"16";"Invalid";"";"-2";"Missão única fora da categoria diária; geralmente envolve conselheiros, níveis ou eventos, sem contador de eventos";"NotActivated"
"story_level_21";"story";"Once";"False";"False";"Calouro da Rádio Universidade";"Alcance o nível 21 e complete um curso do Guia de Carreiras.";"21";"Invalid";"";"-2";"Missão única fora da categoria diária; geralmente envolve conselheiros, níveis ou eventos, sem contador de eventos";"NotActivated"
"story_level_26";"story";"Once";"False";"False";"Pioneiro Avançado";"Alcance o nível 26 e desenvolva mais o seu Domínio.";"26";"Invalid";"";"-2";"Missão única fora da categoria diária; geralmente envolve conselheiros, níveis ou eventos, sem contador de eventos";"NotActivated"
"story_level_31";"story";"Once";"False";"False";"Explorador Avançado";"Alcance o nível 31 e aprenda como adaptar-se a ambientes mais duros.";"31";"Invalid";"";"-2";"Missão única fora da categoria diária; geralmente envolve conselheiros, níveis ou eventos, sem contador de eventos";"NotActivated"
"story_level_36";"story";"Once";"False";"False";"Pioneiro Passional";"Alcance o nível 36 e viaje para Ilhas Instáveis para descobrir a alegria do pioneirismo.";"36";"Invalid";"";"-2";"Missão única fora da categoria diária; geralmente envolve conselheiros, níveis ou eventos, sem contador de eventos";"NotActivated"
"story_level_56";"story";"Once";"False";"False";"Pioneiro de Durango";"Alcance o nível 56 e viaje livremente pelo mundo de Durango para escrever sua própria história.";"56";"Invalid";"";"-2";"Missão única fora da categoria diária; geralmente envolve conselheiros, níveis ou eventos, sem contador de eventos";"NotActivated"
"story_level_60";"story";"Once";"False";"False";"Chamado do Zelador";"Continue a subir de nível enquanto espera por notícias do Zelador.";"1";"Invalid";"";"-2";"Missão única fora da categoria diária; geralmente envolve conselheiros, níveis ou eventos, sem contador de eventos";"NotActivated"
"story_pioneer_grade_03";"story";"Once";"False";"False";"Crescente Onda de Energia de Portal";"Alcance o nível de pioneiro 3. Mais Arquipélagos desafiadores e instáveis aguardam você.";"3";"Invalid";"";"-2";"Missão única fora da categoria diária; geralmente envolve conselheiros, níveis ou eventos, sem contador de eventos";"NotActivated"
"story_try_tech_support";"story";"Once";"False";"False";"O Incrível Poder da Tecnologia";"Adquira Fragmentos de Código. O zelador entrará em contato.";"1";"Invalid";"";"-2";"Missão única fora da categoria diária; geralmente envolve conselheiros, níveis ou eventos, sem contador de eventos";"NotActivated"
"storyquest_01";"story";"Once";"False";"False";"33 de Agosto";"Vá para sua Ilha Domada e ouça as pistas sobre 33 de Agosto.";"8";"Invalid";"";"-2";"Missão única fora da categoria diária; geralmente envolve conselheiros, níveis ou eventos, sem contador de eventos";"NotActivated"
"storyquest_02";"story";"Once";"False";"False";"De Sobrevivente a Pioneiro";"Vá para uma Ilha Instável de nível 15 e ouça a transmissão de K.";"15";"Invalid";"";"-2";"Missão única fora da categoria diária; geralmente envolve conselheiros, níveis ou eventos, sem contador de eventos";"NotActivated"
"storyquest_03";"story";"Once";"False";"False";"Fazendo Contato";"Vá para uma Ilha Instável de nível 20 e ouça as informações das várias organizações.";"20";"Invalid";"";"-2";"Missão única fora da categoria diária; geralmente envolve conselheiros, níveis ou eventos, sem contador de eventos";"NotActivated"
"storyquest_04";"story";"Once";"False";"False";"Rede";"Chegue numa Ilha Instável de nível 30 e obtenha informação da rede.";"30";"Invalid";"";"-2";"Missão única fora da categoria diária; geralmente envolve conselheiros, níveis ou eventos, sem contador de eventos";"NotActivated"
"storyquest_05";"story";"Once";"False";"False";"A Civilização Aguarda";"Vá para uma Ilha Civilizada de nível 40 e obtenha informações úteis.";"40";"Invalid";"";"-2";"Missão única fora da categoria diária; geralmente envolve conselheiros, níveis ou eventos, sem contador de eventos";"NotActivated"
"storyquest_06";"story";"Once";"False";"False";"Quem é você...?";"Vá para uma Ilha Instável de nível 15 e ouça a transmissão misteriosa.";"50";"Invalid";"";"-2";"Missão única fora da categoria diária; geralmente envolve conselheiros, níveis ou eventos, sem contador de eventos";"NotActivated"
"storyquest_07";"story";"Once";"False";"False";"Ossário";"Vá para uma Ilha Instável de nível 55 e encontre provas.";"55";"Invalid";"";"-2";"Missão única fora da categoria diária; geralmente envolve conselheiros, níveis ou eventos, sem contador de eventos";"NotActivated"
"storyquest_08";"story";"Once";"False";"False";"Você precisa sobreviver, Ancora";"Vá para uma Ilha Instável de nível 60 e entre em contato com K.";"60";"Invalid";"";"-2";"Missão única fora da categoria diária; geralmente envolve conselheiros, níveis ou eventos, sem contador de eventos";"NotActivated"
"summerclub_daily_01";"summerclub_event";"Daily";"False";"False";"[Diário] Criação de Mojito Refrescante!";"Alcance nível 16 de culinária e prepare um mojito refrescante.";"16";"Invalid";"";"-2";"Fora da categoria diária (eventos, Natal, cidades etc.); indisponível nesta fase";"NotActivated"
"summerclub_daily_02";"summerclub_event";"Daily";"False";"False";"[Diário] Criação de Coquetel Teleportado!";"Alcance nível 16 de culinária e prepare um coquetel teleportado.";"16";"Invalid";"";"-2";"Fora da categoria diária (eventos, Natal, cidades etc.); indisponível nesta fase";"NotActivated"
"summerclub_daily_03";"summerclub_event";"Daily";"False";"False";"[Diário] Dança na Ilha Clube Heatwave!";"Dance a noite toda na frente de um pano de fundo, na Ilha Clube Heatwave!";"1";"Invalid";"";"-2";"Fora da categoria diária (eventos, Natal, cidades etc.); indisponível nesta fase";"NotActivated"
"summerclub_event_01";"summerclub_event";"Once";"False";"False";"Visite a Ilha Clube Heatwave";"Navegue até a Ilha Clube Heatwave pelo mar tropical de nível 20.";"20";"Invalid";"";"-2";"Missão única fora da categoria diária; geralmente envolve conselheiros, níveis ou eventos, sem contador de eventos";"NotActivated"
"summerclub_event_02";"summerclub_event";"Once";"False";"False";"Iniciante de Dança 1";"Atinja uma pontuação de 1.000 em Dance!";"1000";"Invalid";"";"-2";"Missão única fora da categoria diária; geralmente envolve conselheiros, níveis ou eventos, sem contador de eventos";"NotActivated"
"summerclub_event_03";"summerclub_event";"Once";"False";"False";"Iniciante de Dança 2";"Atinja uma pontuação de 1.000 em Dance!";"1000";"Invalid";"";"-2";"Missão única fora da categoria diária; geralmente envolve conselheiros, níveis ou eventos, sem contador de eventos";"NotActivated"
"summerclub_event_04";"summerclub_event";"Once";"False";"False";"Iniciante de Dança 3";"Atinja uma pontuação de 1.000 em Dance!";"1000";"Invalid";"";"-2";"Missão única fora da categoria diária; geralmente envolve conselheiros, níveis ou eventos, sem contador de eventos";"NotActivated"
"summerclub_event_05";"summerclub_event";"Once";"False";"False";"Especialista de Dança 1";"Atinja uma pontuação de 5.000 em Dance!";"5000";"Invalid";"";"-2";"Missão única fora da categoria diária; geralmente envolve conselheiros, níveis ou eventos, sem contador de eventos";"NotActivated"
"summerclub_event_06";"summerclub_event";"Once";"False";"False";"Especialista de Dança 2";"Atinja uma pontuação de 8.000 em Dance!";"8000";"Invalid";"";"-2";"Missão única fora da categoria diária; geralmente envolve conselheiros, níveis ou eventos, sem contador de eventos";"NotActivated"
"summerclub_event_07";"summerclub_event";"Once";"False";"False";"Mestre de Dança 1";"Atinja uma pontuação de 10.000 em Dance!";"10000";"Invalid";"";"-2";"Missão única fora da categoria diária; geralmente envolve conselheiros, níveis ou eventos, sem contador de eventos";"NotActivated"
"summerclub_event_08";"summerclub_event";"Once";"False";"False";"Mestre de Dança 2";"Atinja uma pontuação de 10.000 em Dance!";"10000";"Invalid";"";"-2";"Missão única fora da categoria diária; geralmente envolve conselheiros, níveis ou eventos, sem contador de eventos";"NotActivated"
"summerclub_event_09";"summerclub_event";"Once";"False";"False";"Deus da Dança 1";"Atinja uma pontuação de 12.000 em Dance!";"12000";"Invalid";"";"-2";"Missão única fora da categoria diária; geralmente envolve conselheiros, níveis ou eventos, sem contador de eventos";"NotActivated"
"summerclub_event_10";"summerclub_event";"Once";"False";"False";"Deus da Dança 2";"Atinja uma pontuação de 12.000 em Dance!";"12000";"Invalid";"";"-2";"Missão única fora da categoria diária; geralmente envolve conselheiros, níveis ou eventos, sem contador de eventos";"NotActivated"
"mainstory_chapter1_1";"sunset";"Epic";"False";"False";"Visite a Ilha Domada de K";"Fale com K em sua Ilha Domada.";"1";"Invalid";"";"-2";"Fora da categoria diária (eventos, Natal, cidades etc.); indisponível nesta fase";"Finished"
"mainstory_chapter1_2";"sunset";"Epic";"False";"False";"Visite um Mar Instável Tropical de Nível 18";"Vá para um Mar Instável Tropical de nível 18.";"18";"Invalid";"";"-2";"Fora da categoria diária (eventos, Natal, cidades etc.); indisponível nesta fase";"Finished"
"mainstory_chapter1_3";"sunset";"Epic";"False";"False";"Explorando a Ilha";"Encontre os dentes-de-sabre.";"1";"Invalid";"";"-2";"Fora da categoria diária (eventos, Natal, cidades etc.); indisponível nesta fase";"Finished"
"mainstory_chapter1_4";"sunset";"Epic";"False";"False";"Cace x10 Dentes-de-sabre Brancos";"Mate a quantidade indicada de dentes-de-sabre.";"1";"Invalid";"";"-2";"Fora da categoria diária (eventos, Natal, cidades etc.); indisponível nesta fase";"Finished"
"mainstory_chapter1_5";"sunset";"Epic";"False";"False";"Salve os Caídos";"Resgate os sobreviventes desmaiados.";"1";"Invalid";"";"-2";"Fora da categoria diária (eventos, Natal, cidades etc.); indisponível nesta fase";"Finished"
"mainstory_chapter1_6";"sunset";"Epic";"False";"False";"Os Pertences dos Sobreviventes";"Procure os pertences dos sobreviventes nos arbustos próximos.";"1";"Invalid";"";"-2";"Fora da categoria diária (eventos, Natal, cidades etc.); indisponível nesta fase";"Finished"
"mainstory_chapter2_1";"sunset";"Epic";"False";"False";"Visite a Ilha Domada";"Vá para uma Ilha Domada.";"1";"Invalid";"";"-2";"Fora da categoria diária (eventos, Natal, cidades etc.); indisponível nesta fase";"Finished"
"mainstory_chapter2_10";"sunset";"Epic";"False";"False";"Coleção de Memorando III";"Colete os memorandos das <em>""Memórias de um Intermediário""</em> restantes.";"1";"Invalid";"";"-2";"Fora da categoria diária (eventos, Natal, cidades etc.); indisponível nesta fase";"Finished"
"mainstory_chapter2_11";"sunset";"Epic";"False";"False";"Pesquisa de Acelerador de Portal de Deserto";"Verifique as recompensas de um Acelerador de Portal em um <em>clima de deserto</em>.";"1";"Invalid";"";"-2";"Fora da categoria diária (eventos, Natal, cidades etc.); indisponível nesta fase";"Finished"
"mainstory_chapter2_12";"sunset";"Epic";"False";"False";"Pesquisa de Acelerador de Portal de Tundra";"Verifique as recompensas de um Acelerador de Portal em um <em>clima de tundra</em>.";"1";"Invalid";"";"-2";"Fora da categoria diária (eventos, Natal, cidades etc.); indisponível nesta fase";"Finished"
"mainstory_chapter2_13";"sunset";"Epic";"False";"False";"Pesquisa de Acelerador de Portal Tropical";"Verifique as recompensas de um Acelerador de Portal em um <em>clima tropical</em>.";"1";"Invalid";"";"-2";"Fora da categoria diária (eventos, Natal, cidades etc.); indisponível nesta fase";"Finished"
"mainstory_chapter2_14";"sunset";"Epic";"False";"False";"Pesquisa de Acelerador de Portal de Campo Nevado";"Verifique as recompensas de um Acelerador de Portal em um <em>clima de campo nevado</em>.";"1";"Invalid";"";"-2";"Fora da categoria diária (eventos, Natal, cidades etc.); indisponível nesta fase";"Finished"
"mainstory_chapter2_15";"sunset";"Epic";"False";"False";"Pesquisa de Acelerador de Portal de Pântano";"Verifique as recompensas de um Acelerador de Portal em um <em>clima de pântano</em>.";"1";"Invalid";"";"-2";"Fora da categoria diária (eventos, Natal, cidades etc.); indisponível nesta fase";"Finished"
"mainstory_chapter2_16";"sunset";"Epic";"False";"False";"Pesquisa de Acelerador de Portal Vulcânico";"Verifique as recompensas de um Acelerador de Portal em um <em>clima vulcânico</em>.";"1";"Invalid";"";"-2";"Fora da categoria diária (eventos, Natal, cidades etc.); indisponível nesta fase";"Finished"
"mainstory_chapter2_17";"sunset";"Epic";"False";"False";"Pesquisa de Pedra de Indução de Recursos";"Consiga recursos com a <em>Pedra de Indução de Recursos</em>.";"1";"Invalid";"";"-2";"Fora da categoria diária (eventos, Natal, cidades etc.); indisponível nesta fase";"Finished"
"mainstory_chapter2_18";"sunset";"Epic";"False";"False";"Visite a Ilha Domada";"Vá para uma Ilha Domada.";"1";"Invalid";"";"-2";"Fora da categoria diária (eventos, Natal, cidades etc.); indisponível nesta fase";"Finished"
"mainstory_chapter2_2";"sunset";"Epic";"False";"False";"Fale com K";"Fale com K.";"1";"Invalid";"";"-2";"Fora da categoria diária (eventos, Natal, cidades etc.); indisponível nesta fase";"Finished"
"mainstory_chapter2_3";"sunset";"Epic";"False";"False";"A Confiança de K";"Fale com K.";"1";"Invalid";"";"-2";"Fora da categoria diária (eventos, Natal, cidades etc.); indisponível nesta fase";"Finished"
"mainstory_chapter2_4";"sunset";"Epic";"False";"False";"Visite uma Ilha Instável Tropical de Nível 20";"Vá para uma Ilha Instável Tropical de Nível 20.";"20";"Invalid";"";"-2";"Fora da categoria diária (eventos, Natal, cidades etc.); indisponível nesta fase";"Finished"
"mainstory_chapter2_5";"sunset";"Epic";"False";"False";"O Primeiro Memorando";"Colete 1 memorando do <em>""Diário do Avestruz""</em>. Encontrado aleatoriamente ao coletar materiais em <em>Ilhas Tropicais Instáveis</em>.";"1";"Invalid";"";"-2";"Fora da categoria diária (eventos, Natal, cidades etc.); indisponível nesta fase";"Finished"
"mainstory_chapter2_6";"sunset";"Epic";"False";"False";"Coleção de Memorando I";"Colete todos os memorandos do <em>""Diário do Avestruz</em>.";"1";"Invalid";"";"-2";"Fora da categoria diária (eventos, Natal, cidades etc.); indisponível nesta fase";"Finished"
"mainstory_chapter2_7";"sunset";"Epic";"False";"False";"Visite uma Ilha Instável de Deserto";"Vá para uma Ilha Instável de Deserto.";"1";"Invalid";"";"-2";"Fora da categoria diária (eventos, Natal, cidades etc.); indisponível nesta fase";"Finished"
"mainstory_chapter2_8";"sunset";"Epic";"False";"False";"O Segundo Memorando";"Colete 1 memorando das <em>""Memórias de um Intermediário""</em>. Encontrado aleatoriamente ao coletar materiais em <em>Ilhas Desertas Instáveis</em>.";"1";"Invalid";"";"-2";"Fora da categoria diária (eventos, Natal, cidades etc.); indisponível nesta fase";"Finished"
"mainstory_chapter2_9";"sunset";"Epic";"False";"False";"Coleção de Memorando II";"Continue coletando memorandos das <em>""Memórias de um Intermediário""</em>.";"1";"Invalid";"";"-2";"Fora da categoria diária (eventos, Natal, cidades etc.); indisponível nesta fase";"Finished"
"mainstory_chapter3_1";"sunset";"Epic";"False";"False";"Entrega Especial para K";"Fale com K em sua Ilha Domada.";"1";"Invalid";"";"-2";"Fora da categoria diária (eventos, Natal, cidades etc.); indisponível nesta fase";"Finished"
"mainstory_chapter3_10";"sunset";"Epic";"False";"False";"Criar Criptograma 5-1";"Verifique a descrição do Criptograma para encontrar o <em>Criptograma - 2ª Metade</em>, então use a habilidade <ref>ui://Recipe/Crafting/recipe_decode_code_c19, Decodificando Criptogramas</ref> para criar o próximo Criptograma.";"19";"Invalid";"";"-2";"Fora da categoria diária (eventos, Natal, cidades etc.); indisponível nesta fase";"Finished"
"mainstory_chapter3_11";"sunset";"Epic";"False";"False";"Adquira o Criptograma Decodificado";"Verifique a descrição do Criptograma para encontrar o <em>Criptograma - 2ª Metade</em>, então use a habilidade <ref>ui://Recipe/Crafting/recipe_decode_code_c19, Decodificando Criptogramas</ref> para criar o último Criptograma.";"19";"Invalid";"";"-2";"Fora da categoria diária (eventos, Natal, cidades etc.); indisponível nesta fase";"Finished"
"mainstory_chapter3_12";"sunset";"Epic";"False";"False";"Mapa do Criptograma Decodificado";"Vá até a <em>primeira ilha do arquipélago 3</em> no Mar Instável Tropical de nível 18.";"18";"Invalid";"";"-2";"Fora da categoria diária (eventos, Natal, cidades etc.); indisponível nesta fase";"Finished"
"mainstory_chapter3_13";"sunset";"Epic";"False";"False";"Explorando a Ilha";"Encontre a Cratera da Sala de Consulta Teleportada. ";"1";"Invalid";"";"-2";"Fora da categoria diária (eventos, Natal, cidades etc.); indisponível nesta fase";"Finished"
"mainstory_chapter3_14";"sunset";"Epic";"False";"False";"Descoberta de Documento Secreto";"Adquira o <em>documento secreto</em> usando o <em>criptograma decodificado</em> na <em>Estátua Suspeita</em>.";"1";"Invalid";"";"-2";"Fora da categoria diária (eventos, Natal, cidades etc.); indisponível nesta fase";"Finished"
"mainstory_chapter3_15";"sunset";"Epic";"False";"False";"Fale com K em uma Ilha Domada";"Fale com K em sua Ilha Domada.";"1";"Invalid";"";"-2";"Fora da categoria diária (eventos, Natal, cidades etc.); indisponível nesta fase";"Finished"
"mainstory_chapter3_2";"sunset";"Epic";"False";"False";"A Origem do Livro Azul";"Vá até a <em>primeira ilha do arquipélago 2</em> no Mar Instável Tropical de nível 18.";"18";"Invalid";"";"-2";"Fora da categoria diária (eventos, Natal, cidades etc.); indisponível nesta fase";"Finished"
"mainstory_chapter3_3";"sunset";"Epic";"False";"False";"Descoberta de Construção Teleportada";"Encontre a Cratera da Construção Teleportada. ";"1";"Invalid";"";"-2";"Fora da categoria diária (eventos, Natal, cidades etc.); indisponível nesta fase";"Finished"
"mainstory_chapter3_4";"sunset";"Epic";"False";"False";"Coletando Criptogramas";"Adquira o <em>criptograma 1-1</em> procurando na mesa do escritório.";"1";"Invalid";"";"-2";"Fora da categoria diária (eventos, Natal, cidades etc.); indisponível nesta fase";"Finished"
"mainstory_chapter3_5";"sunset";"Epic";"False";"False";"Mestre Criptógrafo";"Aprenda uma habilidade de <em>Decodificação de Criptogramas</em> usando o livro que K lhe deu.";"1";"Invalid";"";"-2";"Fora da categoria diária (eventos, Natal, cidades etc.); indisponível nesta fase";"Finished"
"mainstory_chapter3_6";"sunset";"Epic";"False";"False";"Adquira o Criptograma 1-2";"Encontre o <em>Criptograma 1-2</em> lendo as dicas na descrição dele.";"1";"Invalid";"";"-2";"Fora da categoria diária (eventos, Natal, cidades etc.); indisponível nesta fase";"Finished"
"mainstory_chapter3_7";"sunset";"Epic";"False";"False";"Criar Criptograma 2-1";"Use a habilidade <ref>ui://Recipe/Crafting/recipe_decode_code_c19, Decodificando Criptogramas</ref> para criar o próximo criptograma.";"19";"Invalid";"";"-2";"Fora da categoria diária (eventos, Natal, cidades etc.); indisponível nesta fase";"Finished"
"mainstory_chapter3_8";"sunset";"Epic";"False";"False";"Criar Criptograma 3-1";"Verifique a descrição do Criptograma para encontrar o <em>Criptograma - 2ª Metade</em>, então use a habilidade <ref>ui://Recipe/Crafting/recipe_decode_code_c19, Decodificando Criptogramas</ref> para criar o próximo Criptograma.";"19";"Invalid";"";"-2";"Fora da categoria diária (eventos, Natal, cidades etc.); indisponível nesta fase";"Finished"
"mainstory_chapter3_9";"sunset";"Epic";"False";"False";"Criar Criptograma 4-1";"Verifique a descrição do Criptograma para encontrar o <em>Criptograma - 2ª Metade</em>, então use a habilidade <ref>ui://Recipe/Crafting/recipe_decode_code_c19, Decodificando Criptogramas</ref> para criar o próximo Criptograma.";"19";"Invalid";"";"-2";"Fora da categoria diária (eventos, Natal, cidades etc.); indisponível nesta fase";"Finished"
"mainstory_chapter4_1";"sunset";"Epic";"False";"False";"A Ira de K";"Fale com K.";"1";"Invalid";"";"-2";"Fora da categoria diária (eventos, Natal, cidades etc.); indisponível nesta fase";"Finished"
"mainstory_chapter4_10";"sunset";"Epic";"False";"False";"Vá até a ilha onde o documento secreto foi encontrado.";"Vá até a <em>primeira ilha do arquipélago 3</em> no Mar Instável de nível 18.";"18";"Invalid";"";"-2";"Fora da categoria diária (eventos, Natal, cidades etc.); indisponível nesta fase";"Finished"
"mainstory_chapter4_11";"sunset";"Epic";"False";"False";"Evidência Incontestável I";"Consiga os <em>registros de escaneamento facial</em> procurando por recursos naturais na parte mais ao sul da ilha.";"1";"Invalid";"";"-2";"Fora da categoria diária (eventos, Natal, cidades etc.); indisponível nesta fase";"Finished"
"mainstory_chapter4_12";"sunset";"Epic";"False";"False";"Evidência Incontestável II";"Junte-se a K.";"1";"Invalid";"";"-2";"Fora da categoria diária (eventos, Natal, cidades etc.); indisponível nesta fase";"Finished"
"mainstory_chapter4_13";"sunset";"Epic";"False";"False";"Aguarde em sua Ilha Domada";"Vá para uma Ilha Domada.";"1";"Invalid";"";"-2";"Fora da categoria diária (eventos, Natal, cidades etc.); indisponível nesta fase";"Finished"
"mainstory_chapter4_14";"sunset";"Epic";"False";"False";"Prepare-se para os Convidados I";"Colete <em>ervas</em> para fazer chá aos visitantes que vêm para a sua Ilha Domada.";"1";"Invalid";"";"-2";"Fora da categoria diária (eventos, Natal, cidades etc.); indisponível nesta fase";"Finished"
"mainstory_chapter4_15";"sunset";"Epic";"False";"False";"Prepare-se para os Convidados II";"Crie <em>chá de ervas</em> para oferecer aos convidados que chegarão à sua Ilha Domada.";"1";"Invalid";"";"-2";"Fora da categoria diária (eventos, Natal, cidades etc.); indisponível nesta fase";"Finished"
"mainstory_chapter4_16";"sunset";"Epic";"False";"False";"Prioridades";"Dê o <em>chá de ervas</em> para K.";"1";"Invalid";"";"-2";"Fora da categoria diária (eventos, Natal, cidades etc.); indisponível nesta fase";"Finished"
"mainstory_chapter4_17";"sunset";"Epic";"False";"False";"Simpatia Compartilhada";"Está na hora de conversar.";"1";"Invalid";"";"-2";"Fora da categoria diária (eventos, Natal, cidades etc.); indisponível nesta fase";"Finished"
"mainstory_chapter4_2";"sunset";"Epic";"False";"False";"Espalhe a verdade.";"Fale com K.";"1";"Invalid";"";"-2";"Fora da categoria diária (eventos, Natal, cidades etc.); indisponível nesta fase";"Finished"
"mainstory_chapter4_3";"sunset";"Epic";"False";"False";"Visite um Mar Instável Tropical de Nível 18";"Vá até a <em>primeira ilha do arquipélago 4</em> no Mar Instável Tropical de nível 18.";"18";"Invalid";"";"-2";"Fora da categoria diária (eventos, Natal, cidades etc.); indisponível nesta fase";"Finished"
"mainstory_chapter4_4";"sunset";"Epic";"False";"False";"Contato da Coalizão da Fronteira";"Contate <em>Novak</em> pelo <em>Centro de Comunicações Temp. da Coalizão da Fronteira</em>. ";"1";"Invalid";"";"-2";"Fora da categoria diária (eventos, Natal, cidades etc.); indisponível nesta fase";"Finished"
"mainstory_chapter4_5";"sunset";"Epic";"False";"False";"Contato do Fórum da Clorofila";"Contate <em>Liu</em> pelo <em>Centro de Comunicações Temp. do Fórum da Clorofila</em>. ";"1";"Invalid";"";"-2";"Fora da categoria diária (eventos, Natal, cidades etc.); indisponível nesta fase";"Finished"
"mainstory_chapter4_6";"sunset";"Epic";"False";"False";"Reparo do Ponto de Entrega Abandonado";"Colete <em>10 unidades de Madeira Aparada</em> para reparar o Ponto de Entrega Abandonado.";"10";"Invalid";"";"-2";"Fora da categoria diária (eventos, Natal, cidades etc.); indisponível nesta fase";"Finished"
"mainstory_chapter4_7";"sunset";"Epic";"False";"False";"Entregue o Documento Secreto";"Entregue o <em>documento secreto</em> pelo Ponto de Entrega Abandonado.";"1";"Invalid";"";"-2";"Fora da categoria diária (eventos, Natal, cidades etc.); indisponível nesta fase";"Finished"
"mainstory_chapter4_8";"sunset";"Epic";"False";"False";"Confirmar Entrega de Documento I";"Contate <em>Novak</em> pelo <em>Centro de Comunicações Temp. da Coalizão da Fronteira</em>. ";"1";"Invalid";"";"-2";"Fora da categoria diária (eventos, Natal, cidades etc.); indisponível nesta fase";"Finished"
"mainstory_chapter4_9";"sunset";"Epic";"False";"False";"Confirmar Entrega de Documento II";"Contate <em>Liu</em> pelo <em>Centro de Comunicações Temp. do Fórum da Clorofila</em>. ";"1";"Invalid";"";"-2";"Fora da categoria diária (eventos, Natal, cidades etc.); indisponível nesta fase";"Finished"
"mainstory_chapter5_1";"sunset";"Epic";"False";"False";"Espalhando a Verdade";"Fale com K em sua Ilha Domada.";"1";"Invalid";"";"-2";"Fora da categoria diária (eventos, Natal, cidades etc.); indisponível nesta fase";"Finished"
"mainstory_chapter5_10";"sunset";"Epic";"False";"False";"Centro de Comunicações Enorme V";"Colete <em>5 ossos</em> e <em>10 pedaços de couro</em> dos <em>animais não identificados</em> nas Ilhas Civilizadas.";"5";"Invalid";"";"-2";"Fora da categoria diária (eventos, Natal, cidades etc.); indisponível nesta fase";"Finished"
"mainstory_chapter5_11";"sunset";"Epic";"False";"False";"Centro de Comunicações Enorme VI";"Vá até a <em>terceira ilha do arquipélago 5</em> no Mar Instável de nível 18.";"18";"Invalid";"";"-2";"Fora da categoria diária (eventos, Natal, cidades etc.); indisponível nesta fase";"Finished"
"mainstory_chapter5_12";"sunset";"Epic";"False";"False";"Centro de Comunicações Enorme VII";"Obtenha os <em>3 fios</em>, <em>4 ligas metálicas</em> e <em>3 mostradores</em> para construir a <em>Central de Comunicação Gigante</em> no <em>banco teleportado</em> no centro da ilha.";"3";"Invalid";"";"-2";"Fora da categoria diária (eventos, Natal, cidades etc.); indisponível nesta fase";"Finished"
"mainstory_chapter5_2";"sunset";"Epic";"False";"False";"Encontrando Lamar";"Vá até a <em>primeira ilha do arquipélago 5</em> no Mar Instável Tropical de nível 18.";"18";"Invalid";"";"-2";"Fora da categoria diária (eventos, Natal, cidades etc.); indisponível nesta fase";"Finished"
"mainstory_chapter5_3";"sunset";"Epic";"False";"False";"Explorando a Ilha";"Verifique o <em>farol</em> próximo ao porto.";"1";"Invalid";"";"-2";"Fora da categoria diária (eventos, Natal, cidades etc.); indisponível nesta fase";"Finished"
"mainstory_chapter5_4";"sunset";"Epic";"False";"False";"Mentira Inocente I";"Fale com K em sua Ilha Domada.";"1";"Invalid";"";"-2";"Fora da categoria diária (eventos, Natal, cidades etc.); indisponível nesta fase";"Finished"
"mainstory_chapter5_5";"sunset";"Epic";"False";"False";"Mentira Inocente II";"Fale com K em sua Ilha Domada.";"1";"Invalid";"";"-2";"Fora da categoria diária (eventos, Natal, cidades etc.); indisponível nesta fase";"Finished"
"mainstory_chapter5_6";"sunset";"Epic";"False";"False";"Centro de Comunicações Enorme I";"Examine o <em>farol</em> e fale com <em>Lamar</em>.";"1";"Invalid";"";"-2";"Fora da categoria diária (eventos, Natal, cidades etc.); indisponível nesta fase";"Finished"
"mainstory_chapter5_7";"sunset";"Epic";"False";"False";"Centro de Comunicações Enorme II";"Vá até a <em>segunda ilha do arquipélago 5</em> no Mar Instável Tropical de nível 18.";"18";"Invalid";"";"-2";"Fora da categoria diária (eventos, Natal, cidades etc.); indisponível nesta fase";"Finished"
"mainstory_chapter5_8";"sunset";"Epic";"False";"False";"Centro de Comunicações Enorme III";"Obtenha os <em>3 canos pequenos</em>, <em>5 óleos de lamparina</em> e <em>4 pedaços de alumínio</em> para construir a <em>Central de Comunicação Gigante</em> no <em>posto de gasolina teleportado</em> no centro da ilha.";"3";"Invalid";"";"-2";"Fora da categoria diária (eventos, Natal, cidades etc.); indisponível nesta fase";"Finished"
"mainstory_chapter5_9";"sunset";"Epic";"False";"False";"Centro de Comunicações Enorme IV";"Vá para uma <em>Ilha Civilizada</em> de nível 40.";"40";"Invalid";"";"-2";"Fora da categoria diária (eventos, Natal, cidades etc.); indisponível nesta fase";"Finished"
"mainstory_chapter6_1";"sunset";"Epic";"False";"False";"Situação";"Fale com K em sua Ilha Domada.";"1";"Invalid";"";"-2";"Fora da categoria diária (eventos, Natal, cidades etc.); indisponível nesta fase";"Finished"
"mainstory_chapter6_10";"sunset";"Epic";"False";"False";"Aquisição de Documento";"Investigue as <em>mesas de trabalho do Comitê</em> perto das evidências do experimento de teleporte e recolha os <em>criptogramas do Comitê</em> que encontrar.";"1";"Invalid";"";"-2";"Fora da categoria diária (eventos, Natal, cidades etc.); indisponível nesta fase";"Finished"
"mainstory_chapter6_11";"sunset";"Epic";"False";"False";"Decidindo as Contramedidas";"Fale com K em sua Ilha Domada.";"1";"Invalid";"";"-2";"Fora da categoria diária (eventos, Natal, cidades etc.); indisponível nesta fase";"Finished"
"mainstory_chapter6_12";"sunset";"Epic";"False";"False";"Criação de Armadilha";"<em>Crie</em> uma <em>armadilha de perna</em> em sua Ilha Domada.";"1";"Invalid";"";"-2";"Fora da categoria diária (eventos, Natal, cidades etc.); indisponível nesta fase";"Finished"
"mainstory_chapter6_13";"sunset";"Epic";"False";"False";"Entrando em Contato com o Comitê I";"Aceite uma <em>tarefa do Comitê</em> no acampamento da Ilha Instável.";"1";"Invalid";"";"-2";"Fora da categoria diária (eventos, Natal, cidades etc.); indisponível nesta fase";"Finished"
"mainstory_chapter6_14";"sunset";"Epic";"False";"False";"Entrando em Contato com o Comitê II";"Fale com K em sua Ilha Domada.";"1";"Invalid";"";"-2";"Fora da categoria diária (eventos, Natal, cidades etc.); indisponível nesta fase";"Finished"
"mainstory_chapter6_15";"sunset";"Epic";"False";"False";"Pedido de Decodificação I";"Fale com o <em>agente do Comitê D383</em> sobre decifrar o documento em sua Ilha Domada.";"383";"Invalid";"";"-2";"Fora da categoria diária (eventos, Natal, cidades etc.); indisponível nesta fase";"Finished"
"mainstory_chapter6_16";"sunset";"Epic";"False";"False";"Pedido de Decodificação II";"Entregue o <em>criptograma do Comitê</em> ao <em>agente D383</em> na sua Ilha Domada.";"383";"Invalid";"";"-2";"Fora da categoria diária (eventos, Natal, cidades etc.); indisponível nesta fase";"Finished"
"mainstory_chapter6_17";"sunset";"Epic";"False";"False";"Um Convidado Inesperado";"<em>Verifique</em> a <em>armadilha de perna</em> que você colocou em sua Ilha Domada.";"1";"Invalid";"";"-2";"Fora da categoria diária (eventos, Natal, cidades etc.); indisponível nesta fase";"Finished"
"mainstory_chapter6_18";"sunset";"Epic";"False";"False";"Ilha da Luta";"Entre na <em>Ilha de Combate</em>.";"1";"Invalid";"";"-2";"Fora da categoria diária (eventos, Natal, cidades etc.); indisponível nesta fase";"Finished"
"mainstory_chapter6_19";"sunset";"Epic";"False";"False";"Pedido de Decodificação III";"Fale com o <em>agente do Comitê D383</em> em sua Ilha Domada.";"383";"Invalid";"";"-2";"Fora da categoria diária (eventos, Natal, cidades etc.); indisponível nesta fase";"Finished"
"mainstory_chapter6_2";"sunset";"Epic";"False";"False";"Segredos do Zelador I";"Receba <em>Suporte Técnico</em> do Centro de Comunicações Pessoal da sua Ilha Domada 1 vez.";"1";"Invalid";"";"-2";"Fora da categoria diária (eventos, Natal, cidades etc.); indisponível nesta fase";"Finished"
"mainstory_chapter6_3";"sunset";"Epic";"False";"False";"Segredos do Zelador II";"Vá até a <em>primeira ilha do arquipélago 6</em> no Mar Instável Tropical de nível 18 e siga o Zelador.";"18";"Invalid";"";"-2";"Fora da categoria diária (eventos, Natal, cidades etc.); indisponível nesta fase";"Finished"
"mainstory_chapter6_4";"sunset";"Epic";"False";"False";"Siga o Zelador I";"Busque a <em>Cratera</em> na <em>primeira ilha do arquipélago 6</em>.";"6";"Invalid";"";"-2";"Fora da categoria diária (eventos, Natal, cidades etc.); indisponível nesta fase";"Finished"
"mainstory_chapter6_5";"sunset";"Epic";"False";"False";"Siga o Zelador II";"<em>Mate 10</em> animais <em>ao redor da Cratera</em>.";"10";"Invalid";"";"-2";"Fora da categoria diária (eventos, Natal, cidades etc.); indisponível nesta fase";"Finished"
"mainstory_chapter6_6";"sunset";"Epic";"False";"False";"Siga o Zelador III";"Vá até a <em>segunda ilha do arquipélago 6</em> no Mar Instável Tropical de nível 18.";"18";"Invalid";"";"-2";"Fora da categoria diária (eventos, Natal, cidades etc.); indisponível nesta fase";"Finished"
"mainstory_chapter6_7";"sunset";"Epic";"False";"False";"Mina Terrestre de Carne";"Colete <em>2 porções de água termal</em>, <em>1 porção de café moído</em>, <em>4 bulbos de tulipa roxa</em> e <em>3 blocos de lava endurecida</em> para fabricar o <em>desodorante</em>.";"2";"Invalid";"";"-2";"Fora da categoria diária (eventos, Natal, cidades etc.); indisponível nesta fase";"Finished"
"mainstory_chapter6_8";"sunset";"Epic";"False";"False";"Use o Desodorante";"<em>Use</em> o <em>desodorante</em> que você acabou de fazer.";"1";"Invalid";"";"-2";"Fora da categoria diária (eventos, Natal, cidades etc.); indisponível nesta fase";"Finished"
"mainstory_chapter6_9";"sunset";"Epic";"False";"False";"Evidência do Experimento de Portal";"Encontre uma <em>evidência do experimento de Portal</em> no centro da ilha.";"1";"Invalid";"";"-2";"Fora da categoria diária (eventos, Natal, cidades etc.); indisponível nesta fase";"Finished"
"mainstory_chapter7_1";"sunset";"Epic";"False";"False";"Verifique o Documento";"Fale com K em sua Ilha Domada.";"1";"Invalid";"";"-2";"Fora da categoria diária (eventos, Natal, cidades etc.); indisponível nesta fase";"Finished"
"mainstory_chapter7_10";"sunset";"Epic";"False";"False";"A Batalha Final I";"Prenda uma <em>bomba</em> ao <em>silo do Portal de Teleporte</em>.";"1";"Invalid";"";"-2";"Fora da categoria diária (eventos, Natal, cidades etc.); indisponível nesta fase";"Finished"
"mainstory_chapter7_2";"sunset";"Epic";"False";"False";"As Reais Intenções de X";"Use a <em>linha de rádio comunicador de X</em>.";"1";"Invalid";"";"-2";"Fora da categoria diária (eventos, Natal, cidades etc.); indisponível nesta fase";"Finished"
"mainstory_chapter7_3";"sunset";"Epic";"False";"False";"Fugindo do Silo";"Use a <em>linha de rádio comunicador de X</em>.";"1";"Invalid";"";"-2";"Fora da categoria diária (eventos, Natal, cidades etc.); indisponível nesta fase";"Finished"
"mainstory_chapter7_4";"sunset";"Epic";"False";"False";"Colete o Material Explosivo I";"Obtenha 5 pedaços de <em>carvão</em>.";"5";"Invalid";"";"-2";"Fora da categoria diária (eventos, Natal, cidades etc.); indisponível nesta fase";"Finished"
"mainstory_chapter7_5";"sunset";"Epic";"False";"False";"Colete o Material Explosivo II";"Obtenha <em>5 porções de lava</em> e <em>5 porções de enxofre</em> nas ilhas vulcânicas.";"5";"Invalid";"";"-2";"Fora da categoria diária (eventos, Natal, cidades etc.); indisponível nesta fase";"Finished"
"mainstory_chapter7_6";"sunset";"Epic";"False";"False";"Colete o Material Explosivo III";"Use o <em>extrator de salitre</em> para obter <em>5 porções de salitre</em> no <em>poço de lama da cratera</em>.";"5";"Invalid";"";"-2";"Fora da categoria diária (eventos, Natal, cidades etc.); indisponível nesta fase";"Finished"
"mainstory_chapter7_7";"sunset";"Epic";"False";"False";"Centro de Comunicações Enorme Concluído";"Examine o <em>farol</em> e fale com <em>Lamar</em>.";"1";"Invalid";"";"-2";"Fora da categoria diária (eventos, Natal, cidades etc.); indisponível nesta fase";"Finished"
"mainstory_chapter7_8";"sunset";"Epic";"False";"False";"Declaração de Guerra";"<em>Ilumine</em> o <em>farol</em>.";"1";"Invalid";"";"-2";"Fora da categoria diária (eventos, Natal, cidades etc.); indisponível nesta fase";"Finished"
"mainstory_chapter7_9";"sunset";"Epic";"False";"False";"Para Dentro da Abertura";"Vá até a <em>segunda ilha do arquipélago 6</em> no Mar Instável Tropical de nível 18, onde existe um <em>silo de Portal</em>.";"18";"Invalid";"";"-2";"Fora da categoria diária (eventos, Natal, cidades etc.); indisponível nesta fase";"Finished"
"mainstory_chapter8_1";"sunset";"Epic";"False";"False";"A Batalha Final II";"Vá para a <em>primeira ilha do arquipélago 5</em>, no mar instável tropical de nível 18, onde fica a <em>Central de Comunicação Gigante</em>.";"18";"Invalid";"";"-2";"Fora da categoria diária (eventos, Natal, cidades etc.); indisponível nesta fase";"Finished"
"mainstory_chapter8_2";"sunset";"Epic";"False";"False";"A Batalha Final III";"Verifique o <em>Centro de Comunicações Enorme</em>.";"1";"Invalid";"";"-2";"Fora da categoria diária (eventos, Natal, cidades etc.); indisponível nesta fase";"Finished"
"mainstory_chapter8_3";"sunset";"Epic";"False";"False";"Última Parada: A Garota do Trem";"Vá para uma Ilha Domada.";"1";"Invalid";"";"-2";"Fora da categoria diária (eventos, Natal, cidades etc.); indisponível nesta fase";"Finished"
"mainstory_start";"sunset";"Epic";"False";"False";"Chegue ao nível 20";"Chegue ao nível de personagem 20.";"20";"Invalid";"";"-2";"Fora da categoria diária (eventos, Natal, cidades etc.); indisponível nesta fase";"Finished"
"sub_01_a";"sunset_sub";"Once";"False";"False";"Conversa Fiada da K";"Termine <em>todo</em> o <em>Capítulo 4</em> em seu <ref>ui://Story, Registro Diário</ref>.";"4";"Invalid";"";"-2";"Missão única fora da categoria diária; geralmente envolve conselheiros, níveis ou eventos, sem contador de eventos";"NotActivated"
"sub_01_b";"sunset_sub";"Once";"False";"False";"Perguntas e Colegas";"Ganhe <em>pelo menos 100 de Confiança da Coalizão da Fronteira</em> ao completar <em>as missões da Coalizão da Fronteira</em> que você recebe nas <em>Ilhas Instáveis</em>.";"100";"Invalid";"";"-2";"Missão única fora da categoria diária; geralmente envolve conselheiros, níveis ou eventos, sem contador de eventos";"NotActivated"
"sub_01_c";"sunset_sub";"Once";"False";"False";"Um Passado Compartilhado";"Crie <ref>ui://Recipe/Crafting/sub_compi, Esculturas de madeira do Compsognato</ref> para dar à criança.";"1";"Invalid";"";"-2";"Missão única fora da categoria diária; geralmente envolve conselheiros, níveis ou eventos, sem contador de eventos";"NotActivated"
"sub_02_a";"sunset_sub";"Once";"False";"False";"Carta de X";"Termine <em>Entrando em Contato com o Comitê I</em> no <em>Capítulo 6</em> em seu <ref>ui://Story, Registro Diário</ref>.";"6";"Invalid";"";"-2";"Missão única fora da categoria diária; geralmente envolve conselheiros, níveis ou eventos, sem contador de eventos";"NotActivated"
"sub_03_a";"sunset_sub";"Once";"False";"False";"A Verdade Sobre o Trem";"Termine <em>Pedido de Decodificação III</em> no <em>Capítulo 6</em> em seu <ref>ui://Story, Registro Diário</ref>.";"6";"Invalid";"";"-2";"Missão única fora da categoria diária; geralmente envolve conselheiros, níveis ou eventos, sem contador de eventos";"NotActivated"
"urban_cook_event_01";"urban_cook_event";"Once";"False";"False";"Evento de Culinária da Ilha Civilizada";"Alcance o nível de personagem 30 e participe no Evento de Culinária da Ilha Civilizada.";"30";"Invalid";"";"-2";"Missão única fora da categoria diária; geralmente envolve conselheiros, níveis ou eventos, sem contador de eventos";"NotActivated"
"urban_cook_event_02";"urban_cook_event";"Once";"False";"False";"Preparação de Cozinha";"<em>Entre em uma Ilha Civilizada</em> e instale a <em>Cozinha de Ilha Civilizada</em>.";"1";"Invalid";"";"-2";"Missão única fora da categoria diária; geralmente envolve conselheiros, níveis ou eventos, sem contador de eventos";"NotActivated"
"urban_cook_event_03";"urban_cook_event";"Once";"False";"False";"Ovo Frito";"Cozinhe ovos fritos de dinossauro 5 vezes.";"5";"Invalid";"";"-2";"Missão única fora da categoria diária; geralmente envolve conselheiros, níveis ou eventos, sem contador de eventos";"NotActivated"
"urban_cook_event_04";"urban_cook_event";"Once";"False";"False";"Fazendo Bacon";"Cozinhe bacon 5 vezes.";"5";"Invalid";"";"-2";"Missão única fora da categoria diária; geralmente envolve conselheiros, níveis ou eventos, sem contador de eventos";"NotActivated"
"urban_cook_event_05";"urban_cook_event";"Once";"False";"False";"Salada de Milho Caipira";"Faça salada de milho 5 vezes.";"5";"Invalid";"";"-2";"Missão única fora da categoria diária; geralmente envolve conselheiros, níveis ou eventos, sem contador de eventos";"NotActivated"
"urban_cook_event_06";"urban_cook_event";"Once";"False";"False";"Criação de agente antissangramento";"Tente criar após comer <em>bacon</em>. Ele aumenta sua <em>habilidade culinária</em>, e você receberá um Padrão de Agente Antissangramento.";"1";"Invalid";"";"-2";"Missão única fora da categoria diária; geralmente envolve conselheiros, níveis ou eventos, sem contador de eventos";"NotActivated"
"urban_cook_event_07";"urban_cook_event";"Once";"False";"False";"Construir uma Caixa de Folhas Grande";"Consiga um <em>Projeto de Caixa de Folhas Grande</em>. Construa ela após comer <em>bacon</em>, que aumenta sua habilidade de confecção de móveis.";"1";"Invalid";"";"-2";"Missão única fora da categoria diária; geralmente envolve conselheiros, níveis ou eventos, sem contador de eventos";"NotActivated"
"urban_dye_event_01";"urban_dye_event";"Once";"False";"False";"Preparando-se para o Evento de Tintura da Ilha Civilizada";"Alcance o nível de personagem 30 e participe no Evento de Tintura da Ilha Civilizada.";"30";"Invalid";"";"-2";"Missão única fora da categoria diária; geralmente envolve conselheiros, níveis ou eventos, sem contador de eventos";"NotActivated"
"urban_dye_event_02";"urban_dye_event";"Once";"False";"False";"Prepare-se para tingir 1";"<em>Entre em uma Ilha Civilizada</em>, depois instale uma <em>mesa de trabalho de ilha civilizada</em> e uma <em>mesa de tintura</em>.";"1";"Invalid";"";"-2";"Missão única fora da categoria diária; geralmente envolve conselheiros, níveis ou eventos, sem contador de eventos";"NotActivated"
"urban_dye_event_03";"urban_dye_event";"Once";"False";"False";"Prepare-se para tingir 2";"<em>Alveje</em> <em>área 1</em> de um pedaço de roupa usando o alvejante na <em>mesa de tingimento</em>. Alvejar um item reduz suas <em>Chances de Processamento</em>.";"1";"Invalid";"";"-2";"Missão única fora da categoria diária; geralmente envolve conselheiros, níveis ou eventos, sem contador de eventos";"NotActivated"
"urban_dye_event_04";"urban_dye_event";"Once";"False";"False";"Prepare-se para tingir 3";"<em>Alveje</em> novamente <em>área 1</em> de um pedaço de roupa usando o alvejante na <em>mesa de tingimento</em>. Alvejar um item reduz suas <em>Chances de Processamento</em>.";"1";"Invalid";"";"-2";"Missão única fora da categoria diária; geralmente envolve conselheiros, níveis ou eventos, sem contador de eventos";"NotActivated"
"urban_dye_event_05";"urban_dye_event";"Once";"False";"False";"Fazer tinta de cera";"Solicitar matéria-prima de tintura da <em>Solicitação de Suporte do Comitê Nível 1</em> e faça <em>tintura de cera</em> para <em>cozinhar</em> com a <em>mesa de trabalho de tintura de Ilha Civilizada</em>.";"1";"Invalid";"";"-2";"Missão única fora da categoria diária; geralmente envolve conselheiros, níveis ou eventos, sem contador de eventos";"NotActivated"
"urban_dye_event_06";"urban_dye_event";"Once";"False";"False";"Personalizar coloração das roupas";"<em>Tinja</em> <em>área 1</em> de um pedaço de roupa usando o alvejante na mesa de tingimento. Tingir um item não reduz suas <em>Chances de Processamento</em>.";"1";"Invalid";"";"-2";"Missão única fora da categoria diária; geralmente envolve conselheiros, níveis ou eventos, sem contador de eventos";"NotActivated"
"urban_dye_event_07";"urban_dye_event";"Once";"False";"False";"Personalizar coloração das roupas";"<em>Tinja</em> <em>área 2</em> de um pedaço de roupa usando a tinta de cera na <em>mesa de tingimento</em>. Tingir um item não reduz suas <em>Chances de Processamento</em>.";"2";"Invalid";"";"-2";"Missão única fora da categoria diária; geralmente envolve conselheiros, níveis ou eventos, sem contador de eventos";"NotActivated"
"urban_dye_event_08";"urban_dye_event";"Once";"False";"False";"Personalizar coloração das roupas";"<em>Tinja</em> <em>área 3</em> de um pedaço de roupa usando a tinta de cera na <em>mesa de tingimento</em>. Tingir um item não reduz suas <em>Chances de Processamento</em>.";"3";"Invalid";"";"-2";"Missão única fora da categoria diária; geralmente envolve conselheiros, níveis ou eventos, sem contador de eventos";"NotActivated"
"urban_event_2019_01";"urban_event_2019";"Daily";"False";"False";"[Diário] Criação de Armas";"Crie uma arma em uma Ilha Civilizada.";"1";"Invalid";"";"-2";"Fora da categoria diária (eventos, Natal, cidades etc.); indisponível nesta fase";"NotActivated"
"urban_event_2019_02";"urban_event_2019";"Daily";"False";"False";"[Diário] Criação de Ferramentas";"Crie uma ferramenta em uma Ilha Civilizada.";"1";"Invalid";"";"-2";"Fora da categoria diária (eventos, Natal, cidades etc.); indisponível nesta fase";"NotActivated"
"urban_event_2019_03";"urban_event_2019";"Daily";"False";"False";"[Diário] Criação de Roupas e Acessórios";"Crie um Traje em uma Ilha Civilizada.";"1";"Invalid";"";"-2";"Fora da categoria diária (eventos, Natal, cidades etc.); indisponível nesta fase";"NotActivated"
"urban_event_2019_04";"urban_event_2019";"Daily";"False";"False";"[Diário] Culinária";"Cozinhe em uma Ilha Civilizada.";"1";"Invalid";"";"-2";"Fora da categoria diária (eventos, Natal, cidades etc.); indisponível nesta fase";"NotActivated"
"urban_event_2019_05";"urban_event_2019";"Daily";"False";"False";"[Diário] Culinária";"Cozinhe em uma Ilha Civilizada.";"1";"Invalid";"";"-2";"Fora da categoria diária (eventos, Natal, cidades etc.); indisponível nesta fase";"NotActivated"
"urban_event_2019_06";"urban_event_2019";"Daily";"False";"False";"[Diário] Estruturar Construção";"Costrua em uma Ilha Civilizada.";"1";"Invalid";"";"-2";"Fora da categoria diária (eventos, Natal, cidades etc.); indisponível nesta fase";"NotActivated"
"urban_event_2019_07";"urban_event_2019";"Daily";"False";"False";"[Diário] Processamento de Materiais";"Processe material em uma Ilha Civilizada.";"1";"Invalid";"";"-2";"Fora da categoria diária (eventos, Natal, cidades etc.); indisponível nesta fase";"NotActivated"
"urban_event_2019_08";"urban_event_2019";"Daily";"False";"False";"[Diário] Aparação de Materiais";"Apare Material em uma Ilha Civilizada.";"1";"Invalid";"";"-2";"Fora da categoria diária (eventos, Natal, cidades etc.); indisponível nesta fase";"NotActivated"
"urban_event_2019_09";"urban_event_2019";"Daily";"False";"False";"[Diário] Coleta e Mineração";"Colete ou Minere em uma Ilha Civilizada.";"1";"Invalid";"";"-2";"Fora da categoria diária (eventos, Natal, cidades etc.); indisponível nesta fase";"NotActivated"
"urban_event_2019_10";"urban_event_2019";"Daily";"False";"False";"[Diário] Cultivo";"Cultive em uma Ilha Civilizada.";"1";"Invalid";"";"-2";"Fora da categoria diária (eventos, Natal, cidades etc.); indisponível nesta fase";"NotActivated"
"urban_event_2019_11";"urban_event_2019";"Once";"False";"False";"Construção de Casas";"Costrua em uma Ilha Civilizada.";"1";"Invalid";"";"-2";"Missão única fora da categoria diária; geralmente envolve conselheiros, níveis ou eventos, sem contador de eventos";"NotActivated"
"urban_event_2019_12";"urban_event_2019";"Once";"False";"False";"Placa de Trânsito Nostálgica";"Faça uma Placa de Trânsito em uma Ilha Civilizada.";"1";"Invalid";"";"-2";"Missão única fora da categoria diária; geralmente envolve conselheiros, níveis ou eventos, sem contador de eventos";"NotActivated"
"urban_event_2019_13";"urban_event_2019";"Once";"False";"False";"Da Civilização de Fontes D’água";"Faça uma Poço Rudimentar em uma Ilha Civilizada.";"1";"Invalid";"";"-2";"Missão única fora da categoria diária; geralmente envolve conselheiros, níveis ou eventos, sem contador de eventos";"NotActivated"
"urban_event_2019_14";"urban_event_2019";"Once";"False";"False";"Os Civilizados tem que comer";"Faça um forno em uma Ilha Civilizada";"1";"Invalid";"";"-2";"Missão única fora da categoria diária; geralmente envolve conselheiros, níveis ou eventos, sem contador de eventos";"NotActivated"
"urban_sandwich_event_01";"urban_sandwich_event";"Once";"False";"False";"Fundamentos do Sanduíche de Frutas 1";"Alcance <em>o nível de personagem 30</em> e participe do Evento de Culinária Civilizada.";"30";"Invalid";"";"-2";"Missão única fora da categoria diária; geralmente envolve conselheiros, níveis ou eventos, sem contador de eventos";"NotActivated"
"urban_sandwich_event_02";"urban_sandwich_event";"Once";"False";"False";"Fundamentos do Sanduíche de Frutas 2";"Aprenda a fazer um <em>sanduíche de frutas</em> e <em>entre em uma Ilha Civilizada</em> para instalar uma <em>Cozinha de Ilha Civilizada</em>.";"1";"Invalid";"";"-2";"Missão única fora da categoria diária; geralmente envolve conselheiros, níveis ou eventos, sem contador de eventos";"NotActivated"
"urban_sandwich_event_03";"urban_sandwich_event";"Once";"False";"False";"Fruta e pão...?";"Faça um <em>sanduíche de frutas</em>. Cada sanduíche aumentará um Poder de Criação aleatório.";"1";"Invalid";"";"-2";"Missão única fora da categoria diária; geralmente envolve conselheiros, níveis ou eventos, sem contador de eventos";"NotActivated"
"urban_sandwich_event_04";"urban_sandwich_event";"Once";"False";"False";"Frutas e pão em abundância!";"Faça mais <em>sanduíches de frutas</em> para aumentar o Poder de Criação desejado. Você pode verificar <em>Recompensas de Poder De Criação</em> em <em>Informações do Personagem > Poder De Criação</em>.";"1";"Invalid";"";"-2";"Missão única fora da categoria diária; geralmente envolve conselheiros, níveis ou eventos, sem contador de eventos";"NotActivated"
"urban_sandwich_event_05";"urban_sandwich_event";"Once";"False";"False";"Criação de Armas de Nível Elevado";"Aumente sua <em>Personagem > Poder de Criação > Habilidade de Confecção de Armas</em> para <em>no mínimo 96</em> e faça <em>Trava II</em>.";"96";"Invalid";"";"-2";"Missão única fora da categoria diária; geralmente envolve conselheiros, níveis ou eventos, sem contador de eventos";"NotActivated"
"urban_sandwich_event_06";"urban_sandwich_event";"Once";"False";"False";"Alfaiataria de Nível Elevado";"Aumente sua <em>Personagem > Poder de Criação > Habilidade de Alfaiataria</em> para <em>no mínimo 96</em> e faça <em>Modificação II</em>.";"96";"Invalid";"";"-2";"Missão única fora da categoria diária; geralmente envolve conselheiros, níveis ou eventos, sem contador de eventos";"NotActivated"
"urban_sandwich_event_07";"urban_sandwich_event";"Once";"False";"False";"Construção de Nível Elevado";"Aumente seu <em>Personagem > Poder de Criação > Habilidade de Construção</em> para <em>no mínimo 113</em> e faça <em>Janela de Aço</em>.";"113";"Invalid";"";"-2";"Missão única fora da categoria diária; geralmente envolve conselheiros, níveis ou eventos, sem contador de eventos";"NotActivated"
"urban_sandwich_event_08";"urban_sandwich_event";"Once";"False";"False";"Artesanato de Nível Elevado";"Aumente seu <em>Personagem > Poder de Criação > Habilidade de Artesanato</em> para <em>no mínimo 96</em> e faça <em>Carvão II</em>. Necessário padrão de <em>Carvão</em>.";"96";"Invalid";"";"-2";"Missão única fora da categoria diária; geralmente envolve conselheiros, níveis ou eventos, sem contador de eventos";"NotActivated"
"urban_weapon_event_01";"urban_weapon_event";"Once";"False";"False";"Preparação de Evento de Arma Civilizada";"Alcance <em>o nível de personagem 30</em> e participe do Evento de Arma Civilizada.";"30";"Invalid";"";"-2";"Missão única fora da categoria diária; geralmente envolve conselheiros, níveis ou eventos, sem contador de eventos";"NotActivated"
"urban_weapon_event_02";"urban_weapon_event";"Once";"False";"False";"Preparação de Machado de Duas Mãos Civilizado";"<em>Entre em uma Ilha Civilizada</em> e instale uma <em>Mesa de trabalho de Ilha Civilizada</em>.";"1";"Invalid";"";"-2";"Missão única fora da categoria diária; geralmente envolve conselheiros, níveis ou eventos, sem contador de eventos";"NotActivated"
"urban_weapon_event_03";"urban_weapon_event";"Once";"False";"False";"Crie um Machado de Duas Mãos Civilizado";"Aprenda a fazer e produzir um <em>Machado de Duas Mãos Civilizado</em>. Cada machado ganha um <em>aumento de Ataque aleatório</em>.";"1";"Invalid";"";"-2";"Missão única fora da categoria diária; geralmente envolve conselheiros, níveis ou eventos, sem contador de eventos";"NotActivated"
"urban_weapon_event_04";"urban_weapon_event";"Once";"False";"False";"Use um Machado de Duas Mãos Civilizado";"Equipe o Machado de Duas Mãos que você produziu e cace um <em>Phenacodus</em>.";"1";"Invalid";"";"-2";"Missão única fora da categoria diária; geralmente envolve conselheiros, níveis ou eventos, sem contador de eventos";"NotActivated"
"urban_weapon_event_05";"urban_weapon_event";"Once";"False";"False";"Preparação de Lança Civilizada";"<em>Entre em uma Ilha Civilizada</em> e instale uma <em>Mesa de trabalho de Ilha Civilizada</em>.";"1";"Invalid";"";"-2";"Missão única fora da categoria diária; geralmente envolve conselheiros, níveis ou eventos, sem contador de eventos";"NotActivated"
"urban_weapon_event_06";"urban_weapon_event";"Once";"False";"False";"Crie uma Lança Civilizada.";"Aprenda a fazer e produzir uma <em>Lança Civilizada</em>. Cada lança ganha um <em>aumento de Ataque aleatório</em>.";"1";"Invalid";"";"-2";"Missão única fora da categoria diária; geralmente envolve conselheiros, níveis ou eventos, sem contador de eventos";"NotActivated"
"urban_weapon_event_07";"urban_weapon_event";"Once";"False";"False";"Use uma Lança Civilizada.";"Equipe a lança que você produziu e cace uma <em>Macrauquênia</em>.";"1";"Invalid";"";"-2";"Missão única fora da categoria diária; geralmente envolve conselheiros, níveis ou eventos, sem contador de eventos";"NotActivated"
"urban_weapon_event_08";"urban_weapon_event";"Once";"False";"False";"Preparo de Arco Civilizado";"<em>Entre em uma Ilha Civilizada</em> e instale uma <em>Mesa de trabalho de Ilha Civilizada</em>.";"1";"Invalid";"";"-2";"Missão única fora da categoria diária; geralmente envolve conselheiros, níveis ou eventos, sem contador de eventos";"NotActivated"
"urban_weapon_event_09";"urban_weapon_event";"Once";"False";"False";"Crie um Arco Civilizado";"Aprenda a fazer e produzir um <em>Arco Civilizado</em>. Cada arco ganha um <em>aumento de Ataque aleatório</em>.";"1";"Invalid";"";"-2";"Missão única fora da categoria diária; geralmente envolve conselheiros, níveis ou eventos, sem contador de eventos";"NotActivated"
"urban_weapon_event_10";"urban_weapon_event";"Once";"False";"False";"Use um Arco Civilizado";"Equipe o arco que você produziu e cace um <em>Raptor</em>.";"1";"Invalid";"";"-2";"Missão única fora da categoria diária; geralmente envolve conselheiros, níveis ou eventos, sem contador de eventos";"NotActivated"
"valentine_join_quest";"valentine_quest";"Once";"False";"False";"Prepare-se para o Dia dos Namorados";"Não dá pra ter Dia dos Namorados sem chocolate!";"1";"Invalid";"";"-2";"Missão única fora da categoria diária; geralmente envolve conselheiros, níveis ou eventos, sem contador de eventos";"NotActivated"
"volc_event_daily_01";"volc_event";"Daily";"False";"False";"[Diário] Viajante da Ilha Vulcânica";"Entre em uma <em>ilha vulcânica</em> todo dia.";"1";"Invalid";"";"-2";"Fora da categoria diária (eventos, Natal, cidades etc.); indisponível nesta fase";"NotActivated"
"volc_event_daily_02";"volc_event";"Daily";"False";"False";"[Diário] Mineração de Granito";"Minere <em>Granito</em> de uma ilha vulcânica.";"1";"Invalid";"";"-2";"Fora da categoria diária (eventos, Natal, cidades etc.); indisponível nesta fase";"NotActivated"
"volc_event_daily_03";"volc_event";"Daily";"False";"False";"[Diário] Mineração de Basalto";"Minere <em>Basalto</em> de uma ilha vulcânica.";"1";"Invalid";"";"-2";"Fora da categoria diária (eventos, Natal, cidades etc.); indisponível nesta fase";"NotActivated"
"volc_event_daily_04";"volc_event";"Daily";"False";"False";"[Diário] Utilização de Estátua de Basalto";"Use uma <ref>ui://Recipe/Building/statue_03_a, Estátua de Basalto</ref> para ganhar o efeito de Redução de Tempo de Coleta.";"3";"Invalid";"";"-2";"Fora da categoria diária (eventos, Natal, cidades etc.); indisponível nesta fase";"NotActivated"
"volc_event_daily_05";"volc_event";"Daily";"False";"False";"[Diário] Para Dentro da Lava";"Aventure-se na <em>lava</em> de ilha vulcânica.";"1";"Invalid";"";"-2";"Fora da categoria diária (eventos, Natal, cidades etc.); indisponível nesta fase";"NotActivated"
"volc_event_daily_06";"volc_event";"Daily";"False";"False";"[Diário] Mineração de Minério de Ferro Preto";"Minere <em>Minério de Ferro Preto</em> encontrado em lava.";"1";"Invalid";"";"-2";"Fora da categoria diária (eventos, Natal, cidades etc.); indisponível nesta fase";"NotActivated"
"volc_event_daily_07";"volc_event";"Daily";"False";"False";"[Diário] Encorajamento Amigável";"Mande para <em>outro jogador</em> um <em>gesto de sorriso</em> para conceder o efeito de Ânimo.";"1";"Invalid";"";"-2";"Fora da categoria diária (eventos, Natal, cidades etc.); indisponível nesta fase";"NotActivated"
"volc_event_daily_08";"volc_event";"Daily";"False";"False";"[Diário] Solicitação de Plano Rasgado";"Solicite um <em>plano rasgado</em> da <ref>ui://Faction,  Solicitação de Suporte do Comitê Nível 1</ref>. Adquira um plano aleatório através de <ref>ui://Recipe/Crafting/restore_volc_blueprint, Restaurar Plano Rasgado</ref>.";"1";"Invalid";"";"-2";"Fora da categoria diária (eventos, Natal, cidades etc.); indisponível nesta fase";"NotActivated"
"volc_event_daily_09";"volc_event";"Daily";"False";"False";"[Diário] Solicite Suporte para Poder de Criação de Culinária";"Solicite <em>Suporte para Poder de Criação de Culinária</em> da <ref>ui://Faction,  Companhia Nível 1</ref> para aumentar <ref>ui://Character/RepresentType/CraftingPower, Poder de Criação</ref> e descobrir um novo padrão.";"1";"Invalid";"";"-2";"Fora da categoria diária (eventos, Natal, cidades etc.); indisponível nesta fase";"NotActivated"
"volc_event_level_up";"volc_event";"Once";"False";"False";"Um evento para subir de nível, bom demais para perder!";"Confira o padrão de criação especial que permite visitar uma ilha vulcânica.";"1";"Invalid";"";"-2";"Missão única fora da categoria diária; geralmente envolve conselheiros, níveis ou eventos, sem contador de eventos";"NotActivated"
"volc_event_once_01";"volc_event";"Once";"False";"False";"Conquiste a Ilha Vulcânica!";"<em>Alcance nível 56 de jogador</em> e participe do Evento de Conquista da Ilha Vulcânica.";"56";"Invalid";"";"-2";"Missão única fora da categoria diária; geralmente envolve conselheiros, níveis ou eventos, sem contador de eventos";"NotActivated"
"volc_event_once_02";"volc_event";"Once";"False";"False";"Construção de Estrada de Granito";"Construa uma <ref>ui://Recipe/Building/road5_granite, estrada de granito</ref> aprendendo a <em>habilidade de construção</em> relevante.";"5";"Invalid";"";"-2";"Missão única fora da categoria diária; geralmente envolve conselheiros, níveis ou eventos, sem contador de eventos";"NotActivated"
"volc_event_once_03";"volc_event";"Once";"False";"False";"Construção de Portão de Rocha Ígnea";"Construa um <ref>ui://Recipe/Building/gate3, portão de rocha ígnea</ref> aprendendo a <em>habilidade de construção</em> relevante.";"3";"Invalid";"";"-2";"Missão única fora da categoria diária; geralmente envolve conselheiros, níveis ou eventos, sem contador de eventos";"NotActivated"
"volc_event_once_04";"volc_event";"Once";"False";"False";"Construção de Parede de Rocha Ígnea";"Construa uma <ref>ui://Recipe/Building/fence3, parede de rocha ígnea</ref> aprendendo a <em>habilidade de construção</em> relevante.";"3";"Invalid";"";"-2";"Missão única fora da categoria diária; geralmente envolve conselheiros, níveis ou eventos, sem contador de eventos";"NotActivated"
"volc_event_once_05";"volc_event";"Once";"False";"False";"Construção de Fornalha de Lava";"Construa uma <ref>ui://Recipe/Building/kiln_04, fornalha de lava</ref> aumentando seu <ref>ui://Character/RepresentType/Derived/Construction, Poder de Criação de construção</ref>.";"4";"Invalid";"";"-2";"Missão única fora da categoria diária; geralmente envolve conselheiros, níveis ou eventos, sem contador de eventos";"NotActivated"
"volc_event_once_06";"volc_event";"Once";"False";"False";"Construção de Cama de Rocha Ígnea";"Construa uma <ref>ui://Recipe/Building/bed_04, cama de rocha ígnea</ref> aumentando seu <ref>ui://Character/RepresentType/Derived/Furnishing, Poder de Confecção de móveis</ref>.";"4";"Invalid";"";"-2";"Missão única fora da categoria diária; geralmente envolve conselheiros, níveis ou eventos, sem contador de eventos";"NotActivated"
"volc_event_once_07";"volc_event";"Once";"False";"False";"Construção de Mesa de Rocha Ígnea";"Construa uma <ref>ui://Recipe/Building/table_04, mesa de rocha ígnea</ref> aumentando seu <ref>ui://Character/RepresentType/Derived/Furnishing, Poder de Confecção de móveis</ref>.";"4";"Invalid";"";"-2";"Missão única fora da categoria diária; geralmente envolve conselheiros, níveis ou eventos, sem contador de eventos";"NotActivated"
"volc_event_once_08";"volc_event";"Once";"False";"False";"Construção de Cadeira de Rocha Ígnea";"Construa uma <ref>ui://Recipe/Building/chair_03, cadeira de rocha ígnea</ref> aumentando seu <ref>ui://Character/RepresentType/Derived/Furnishing, Poder de Confecção de móveis</ref>.";"3";"Invalid";"";"-2";"Missão única fora da categoria diária; geralmente envolve conselheiros, níveis ou eventos, sem contador de eventos";"NotActivated"
"volc_event_once_09";"volc_event";"Once";"False";"False";"Construção de Prateleira de Rocha Ígnea";"Construa uma <ref>ui://Recipe/Building/shelf_02, prateleira de rocha ígnea</ref> aumentando seu <ref>ui://Character/RepresentType/Derived/Furnishing, Poder de Confecção de móveis</ref>.";"2";"Invalid";"";"-2";"Missão única fora da categoria diária; geralmente envolve conselheiros, níveis ou eventos, sem contador de eventos";"NotActivated"
"volc_event_once_10";"volc_event";"Once";"False";"False";"Construção de Banco de Tronco de Cinzas";"Construa um <ref>ui://Recipe/Building/bench_02, banco de tronco de árvore de freixo</ref> aumentando seu <ref>ui://Character/RepresentType/Derived/Furnishing, Poder de Confecção de Móveis</ref>.";"2";"Invalid";"";"-2";"Missão única fora da categoria diária; geralmente envolve conselheiros, níveis ou eventos, sem contador de eventos";"NotActivated"
"volc_event_once_11";"volc_event";"Once";"False";"False";"Construção de Mesa de Madeira de Árvore de Freixo";"Construa uma <ref>ui://Recipe/Building/table_05, mesa de madeira de árvore de freixo</ref> aumentando seu <ref>ui://Character/RepresentType/Derived/Furnishing, Poder de Confecção de móveis</ref>.";"5";"Invalid";"";"-2";"Missão única fora da categoria diária; geralmente envolve conselheiros, níveis ou eventos, sem contador de eventos";"NotActivated"
"volc_event_once_12";"volc_event";"Once";"False";"False";"Construção de Tapete de Couro de Andrewsarchus";"Construa um <em>Tapete de couro de Andrewsarchus.</em> Planos podem ser adquiridos <ref>ui://Recipe/Crafting/restore_volc_blueprint, restaurando um plano rasgado</ref> ou pelo Mercado.";"1";"Invalid";"";"-2";"Missão única fora da categoria diária; geralmente envolve conselheiros, níveis ou eventos, sem contador de eventos";"NotActivated"
"volc_event_once_13";"volc_event";"Once";"False";"False";"Construção de Caixa de Dois Compartimentos";"Construa uma <ref>ui://Recipe/Building/box_04, caixa de dois compartimentos</ref> aumentando seu <ref>ui://Character/RepresentType/Derived/Furnishing, Poder de Confecção de Móveis</ref>.";"4";"Invalid";"";"-2";"Missão única fora da categoria diária; geralmente envolve conselheiros, níveis ou eventos, sem contador de eventos";"NotActivated"
"volc_event_once_14";"volc_event";"Once";"False";"False";"Construção de Escultura de Barro";"Construa uma <em>escultura de barro</em>. Planos podem ser adquiridos usando a <em>habilidade</em> aprendida <ref>ui://Recipe/Crafting/breaking_solid_lava,  quebrando lava endurecida</ref>.";"1";"Invalid";"";"-2";"Missão única fora da categoria diária; geralmente envolve conselheiros, níveis ou eventos, sem contador de eventos";"NotActivated"
"volc_event_once_15";"volc_event";"Once";"False";"False";"Construção de Campo Cinza Pequeno";"Construa um <ref>ui://Recipe/Building/farm_tile_03, campo cinza pequeno</ref> aumentando seu <ref>ui://Character/RepresentType/Derived/Farming, Poder de Criação de cultivo</ref>.";"3";"Invalid";"";"-2";"Missão única fora da categoria diária; geralmente envolve conselheiros, níveis ou eventos, sem contador de eventos";"NotActivated"
"volc_event_once_16";"volc_event";"Once";"False";"False";"Construção de Campo Cinza Grande";"Construa um <ref>ui://Recipe/Building/farm_tile_04, campo cinza grande</ref> aumentando seu <ref>ui://Character/RepresentType/Derived/Farming, Poder de Criação de cultivo</ref>.";"4";"Invalid";"";"-2";"Missão única fora da categoria diária; geralmente envolve conselheiros, níveis ou eventos, sem contador de eventos";"NotActivated"
"daily_warprush_s03_01";"warprush_s03";"Daily";"False";"False";"[Diário] Visitante da Ilha de Óleo Tóxico";"Tente a Corrida do Portal 1 vez. Disponível em <em>Tarefas - Corrida do Portal</em>.";"1";"Invalid";"";"-2";"Fora da categoria diária (eventos, Natal, cidades etc.); indisponível nesta fase";"NotActivated"
"daily_warprush_s03_02";"warprush_s03";"Daily";"False";"False";"[Diário] Sobrevivente da Ilha de Óleo Tóxico";"Sobreviva até o terceiro dia na Corrida do Portal. Disponível em <em>Tarefas - Corrida do Portal</em>.";"3";"Invalid";"";"-2";"Fora da categoria diária (eventos, Natal, cidades etc.); indisponível nesta fase";"NotActivated"
"great_succes_cook_01";"weekly";"Weekly";"False";"False";"Especialista em Culinária I";"Execute uma culinária perfeita 1 vez.";"1";"Invalid";"";"-2";"Fora da categoria diária (eventos, Natal, cidades etc.); indisponível nesta fase";"NotActivated"
"great_succes_cook_02";"weekly";"Weekly";"False";"False";"Especialista em Culinária II";"Execute uma culinária perfeita 10 vezes.";"10";"Invalid";"";"-2";"Fora da categoria diária (eventos, Natal, cidades etc.); indisponível nesta fase";"NotActivated"
"great_succes_cook_03";"weekly";"Weekly";"False";"False";"Especialista em Culinária III";"Execute uma culinária perfeita 15 vezes.";"15";"Invalid";"";"-2";"Fora da categoria diária (eventos, Natal, cidades etc.); indisponível nesta fase";"NotActivated"
"great_succes_craft_01";"weekly";"Weekly";"False";"False";"Especialista em Criação I";"Execute uma alfaiataria, costura, criação de armas, construção ou criação de móveis perfeita 1 vez.";"1";"Invalid";"";"-2";"Fora da categoria diária (eventos, Natal, cidades etc.); indisponível nesta fase";"NotActivated"
"great_succes_craft_02";"weekly";"Weekly";"False";"False";"Especialista em Criação II";"Execute uma alfaiataria, costura, criação de armas, construção ou criação de móveis perfeita 10 vezes.";"10";"Invalid";"";"-2";"Fora da categoria diária (eventos, Natal, cidades etc.); indisponível nesta fase";"NotActivated"
"great_succes_craft_03";"weekly";"Weekly";"False";"False";"Especialista em Criação III";"Execute uma alfaiataria, costura, criação de armas, construção ou criação de móveis perfeita 15 vezes.";"15";"Invalid";"";"-2";"Fora da categoria diária (eventos, Natal, cidades etc.); indisponível nesta fase";"NotActivated"
"great_succes_farm_01";"weekly";"Weekly";"False";"False";"Especialista em Cultivo I";"Execute um cultivo perfeito 1 vez.";"1";"Invalid";"";"-2";"Fora da categoria diária (eventos, Natal, cidades etc.); indisponível nesta fase";"NotActivated"
"great_succes_farm_02";"weekly";"Weekly";"False";"False";"Especialista em Cultivo II";"Execute um cultivo perfeito 10 vezes.";"10";"Invalid";"";"-2";"Fora da categoria diária (eventos, Natal, cidades etc.); indisponível nesta fase";"NotActivated"
"great_succes_farm_03";"weekly";"Weekly";"False";"False";"Especialista em Cultivo III";"Execute um cultivo perfeito 15 vezes.";"15";"Invalid";"";"-2";"Fora da categoria diária (eventos, Natal, cidades etc.); indisponível nesta fase";"NotActivated"
"great_succes_process_01";"weekly";"Weekly";"False";"False";"Especialista em Processamento I";"Execute processamento de metal e artesanato perfeitos 1 vez.";"1";"Invalid";"";"-2";"Fora da categoria diária (eventos, Natal, cidades etc.); indisponível nesta fase";"NotActivated"
"great_succes_process_02";"weekly";"Weekly";"False";"False";"Especialista em Processamento II";"Execute processamento de metal e artesanato perfeitos 10 vez.";"10";"Invalid";"";"-2";"Fora da categoria diária (eventos, Natal, cidades etc.); indisponível nesta fase";"NotActivated"
"great_succes_process_03";"weekly";"Weekly";"False";"False";"Especialista em Processamento III";"Execute processamento de metal e artesanato perfeitos 15 vez.";"15";"Invalid";"";"-2";"Fora da categoria diária (eventos, Natal, cidades etc.); indisponível nesta fase";"NotActivated"
"unstable_mission_01";"weekly";"Weekly";"False";"False";"Missão de Pioneiro Nível 40+";"Conclua todas as missões de pioneiro de nível 40 ou superior, em um mar.";"40";"Invalid";"";"-2";"Fora da categoria diária (eventos, Natal, cidades etc.); indisponível nesta fase";"NotActivated"
"unstable_mission_de_01";"weekly";"Weekly";"False";"False";"Missão de Pioneiro do Deserto";"Conclua uma missão de pioneiro em um mar Deserto nível 30 ou superior.";"30";"Invalid";"";"-2";"Fora da categoria diária (eventos, Natal, cidades etc.); indisponível nesta fase";"NotActivated"
"unstable_mission_de_02";"weekly";"Weekly";"False";"False";"Missão de Pioneiro do Deserto II";"Conclua uma missão de pioneiro em um arquipélago deserto de nível 60 que possua um [ffd85b][icon=icon_unstable_factor][-] <em>índice instável</em> equivalente ou superior a 2.";"60";"Invalid";"";"-2";"Fora da categoria diária (eventos, Natal, cidades etc.); indisponível nesta fase";"NotActivated"
"unstable_mission_de_03";"weekly";"Weekly";"False";"False";"Missão de Pioneiro do Deserto III";"Conclua uma missão de pioneiro em um arquipélago deserto de nível 60 que possua um [ffd85b][icon=icon_unstable_factor][-] <em>índice instável</em> equivalente ou superior a 3.";"60";"Invalid";"";"-2";"Fora da categoria diária (eventos, Natal, cidades etc.); indisponível nesta fase";"NotActivated"
"unstable_mission_de_04";"weekly";"Weekly";"False";"False";"Missão de Pioneiro do Deserto IV";"Conclua uma missão de pioneiro em um arquipélago deserto de nível 60 que possua um [ffd85b][icon=icon_unstable_factor][-] <em>índice instável</em> equivalente ou superior a 4.";"60";"Invalid";"";"-2";"Fora da categoria diária (eventos, Natal, cidades etc.); indisponível nesta fase";"NotActivated"
"unstable_mission_de_05";"weekly";"Weekly";"False";"False";"Missão de Pioneiro do Deserto V";"Conclua uma missão de pioneiro em um arquipélago deserto de nível 60 que possua um [ffd85b][icon=icon_unstable_factor][-] <em>índice instável</em> equivalente ou superior a 5.";"60";"Invalid";"";"-2";"Fora da categoria diária (eventos, Natal, cidades etc.); indisponível nesta fase";"NotActivated"
"unstable_mission_de_06";"weekly";"Weekly";"False";"False";"Missão de Pioneiro do Deserto VI";"Conclua uma missão de pioneiro em um arquipélago deserto de nível 60 que possua um [ffd85b][icon=icon_unstable_factor][-] <em>índice instável</em> equivalente ou superior a 6.";"60";"Invalid";"";"-2";"Fora da categoria diária (eventos, Natal, cidades etc.); indisponível nesta fase";"NotActivated"
"unstable_mission_de_07";"weekly";"Weekly";"False";"False";"Missão de Pioneiro do Deserto VII";"Conclua uma missão de pioneiro em um arquipélago deserto de nível 60 que possua um [ffd85b][icon=icon_unstable_factor][-] <em>índice instável</em> equivalente ou superior a 7.";"60";"Invalid";"";"-2";"Fora da categoria diária (eventos, Natal, cidades etc.); indisponível nesta fase";"NotActivated"
"unstable_mission_de_08";"weekly";"Weekly";"False";"False";"Missão de Pioneiro do Deserto VIII";"Conclua uma missão de pioneiro em um arquipélago deserto de nível 60 que possua um [ffd85b][icon=icon_unstable_factor][-] <em>índice instável</em> equivalente ou superior a 8.";"60";"Invalid";"";"-2";"Fora da categoria diária (eventos, Natal, cidades etc.); indisponível nesta fase";"NotActivated"
"unstable_mission_gr_01";"weekly";"Weekly";"False";"False";" Missão de Pioneiro da Pradaria";"Conclua todas as missões de pioneiro de nível 30 ou superior, em uma pradaria.";"30";"Invalid";"";"-2";"Fora da categoria diária (eventos, Natal, cidades etc.); indisponível nesta fase";"NotActivated"
"unstable_mission_sn_01";"weekly";"Weekly";"False";"False";"Missão de Pioneiro dos Campos Nevados";"Conclua uma missão de pioneiro em um mar Nevado nível 30 ou superior.";"30";"Invalid";"";"-2";"Fora da categoria diária (eventos, Natal, cidades etc.); indisponível nesta fase";"NotActivated"
"unstable_mission_sn_02";"weekly";"Weekly";"False";"False";"Missão de Pioneiro dos Campos Nevados II";"Conclua uma missão de pioneiro em um arquipélago nevado de nível 60 que possua um [ffd85b][icon=icon_unstable_factor][-] <em>índice instável</em> equivalente ou superior a 2.";"60";"Invalid";"";"-2";"Fora da categoria diária (eventos, Natal, cidades etc.); indisponível nesta fase";"NotActivated"
"unstable_mission_sn_03";"weekly";"Weekly";"False";"False";"Missão de Pioneiro dos Campos Nevados III";"Conclua uma missão de pioneiro em um arquipélago nevado de nível 60 que possua um [ffd85b][icon=icon_unstable_factor][-] <em>índice instável</em> equivalente ou superior a 3.";"60";"Invalid";"";"-2";"Fora da categoria diária (eventos, Natal, cidades etc.); indisponível nesta fase";"NotActivated"
"unstable_mission_sn_04";"weekly";"Weekly";"False";"False";"Missão de Pioneiro dos Campos Nevados IV";"Conclua uma missão de pioneiro em um arquipélago nevado de nível 60 que possua um [ffd85b][icon=icon_unstable_factor][-] <em>índice instável</em> equivalente ou superior a 4.";"60";"Invalid";"";"-2";"Fora da categoria diária (eventos, Natal, cidades etc.); indisponível nesta fase";"NotActivated"
"unstable_mission_sn_05";"weekly";"Weekly";"False";"False";"Missão de Pioneiro dos Campos Nevados V";"Conclua uma missão de pioneiro em um arquipélago nevado de nível 60 que possua um [ffd85b][icon=icon_unstable_factor][-] <em>índice instável</em> equivalente ou superior a 5.";"60";"Invalid";"";"-2";"Fora da categoria diária (eventos, Natal, cidades etc.); indisponível nesta fase";"NotActivated"
"unstable_mission_sn_06";"weekly";"Weekly";"False";"False";"Missão de Pioneiro dos Campos Nevados VI";"Conclua uma missão de pioneiro em um arquipélago nevado de nível 60 que possua um [ffd85b][icon=icon_unstable_factor][-] <em>índice instável</em> equivalente ou superior a 6.";"60";"Invalid";"";"-2";"Fora da categoria diária (eventos, Natal, cidades etc.); indisponível nesta fase";"NotActivated"
"unstable_mission_sn_07";"weekly";"Weekly";"False";"False";"Missão de Pioneiro dos Campos Nevados VII";"Conclua uma missão de pioneiro em um arquipélago nevado de nível 60 que possua um [ffd85b][icon=icon_unstable_factor][-] <em>índice instável</em> equivalente ou superior a 7.";"60";"Invalid";"";"-2";"Fora da categoria diária (eventos, Natal, cidades etc.); indisponível nesta fase";"NotActivated"
"unstable_mission_sn_08";"weekly";"Weekly";"False";"False";"Missão de Pioneiro dos Campos Nevados VIII";"Conclua uma missão de pioneiro em um arquipélago nevado de nível 60 que possua um [ffd85b][icon=icon_unstable_factor][-] <em>índice instável</em> equivalente ou superior a 8.";"60";"Invalid";"";"-2";"Fora da categoria diária (eventos, Natal, cidades etc.); indisponível nesta fase";"NotActivated"
"unstable_mission_sw_01";"weekly";"Weekly";"False";"False";"Missão de Pioneiro do Pântano";"Conclua uma missão de pioneiro em um mar de Pântano nível 30 ou superior.";"30";"Invalid";"";"-2";"Fora da categoria diária (eventos, Natal, cidades etc.); indisponível nesta fase";"NotActivated"
"unstable_mission_sw_02";"weekly";"Weekly";"False";"False";"Missão de Pioneiro do Pântano II";"Conclua uma missão de pioneiro em um arquipélago pantanoso de nível 60 que possua um [ffd85b][icon=icon_unstable_factor][-] <em>índice instável</em> equivalente ou superior a 2.";"60";"Invalid";"";"-2";"Fora da categoria diária (eventos, Natal, cidades etc.); indisponível nesta fase";"NotActivated"
"unstable_mission_sw_03";"weekly";"Weekly";"False";"False";"Missão de Pioneiro do Pântano III";"Conclua uma missão de pioneiro em um arquipélago pantanoso de nível 60 que possua um [ffd85b][icon=icon_unstable_factor][-] <em>índice instável</em> equivalente ou superior a 3.";"60";"Invalid";"";"-2";"Fora da categoria diária (eventos, Natal, cidades etc.); indisponível nesta fase";"NotActivated"
"unstable_mission_sw_04";"weekly";"Weekly";"False";"False";"Missão de Pioneiro do Pântano IV";"Conclua uma missão de pioneiro em um arquipélago pantanoso de nível 60 que possua um [ffd85b][icon=icon_unstable_factor][-] <em>índice instável</em> equivalente ou superior a 4.";"60";"Invalid";"";"-2";"Fora da categoria diária (eventos, Natal, cidades etc.); indisponível nesta fase";"NotActivated"
"unstable_mission_sw_05";"weekly";"Weekly";"False";"False";"Missão de Pioneiro do Pântano V";"Conclua uma missão de pioneiro em um arquipélago pantanoso de nível 60 que possua um [ffd85b][icon=icon_unstable_factor][-] <em>índice instável</em> equivalente ou superior a 5.";"60";"Invalid";"";"-2";"Fora da categoria diária (eventos, Natal, cidades etc.); indisponível nesta fase";"NotActivated"
"unstable_mission_sw_06";"weekly";"Weekly";"False";"False";"Missão de Pioneiro do Pântano VI";"Conclua uma missão de pioneiro em um arquipélago pantanoso de nível 60 que possua um [ffd85b][icon=icon_unstable_factor][-] <em>índice instável</em> equivalente ou superior a 6.";"60";"Invalid";"";"-2";"Fora da categoria diária (eventos, Natal, cidades etc.); indisponível nesta fase";"NotActivated"
"unstable_mission_sw_07";"weekly";"Weekly";"False";"False";"Missão de Pioneiro do Pântano VII";"Conclua uma missão de pioneiro em um arquipélago pantanoso de nível 60 que possua um [ffd85b][icon=icon_unstable_factor][-] <em>índice instável</em> equivalente ou superior a 7.";"60";"Invalid";"";"-2";"Fora da categoria diária (eventos, Natal, cidades etc.); indisponível nesta fase";"NotActivated"
"unstable_mission_sw_08";"weekly";"Weekly";"False";"False";"Missão de Pioneiro do Pântano VIII";"Conclua uma missão de pioneiro em um arquipélago pantanoso de nível 60 que possua um [ffd85b][icon=icon_unstable_factor][-] <em>índice instável</em> equivalente ou superior a 8.";"60";"Invalid";"";"-2";"Fora da categoria diária (eventos, Natal, cidades etc.); indisponível nesta fase";"NotActivated"
"unstable_mission_te_01";"weekly";"Weekly";"False";"False";"Missão de Pioneiro Temperado";"Conclua uma missão de pioneiro em um mar Temperado nível 30 ou superior.";"30";"Invalid";"";"-2";"Fora da categoria diária (eventos, Natal, cidades etc.); indisponível nesta fase";"NotActivated"
"unstable_mission_tr_01";"weekly";"Weekly";"False";"False";"Missão de Pioneiro Tropical";"Conclua uma missão de pioneiro em um mar Tropical nível 30 ou superior.";"30";"Invalid";"";"-2";"Fora da categoria diária (eventos, Natal, cidades etc.); indisponível nesta fase";"NotActivated"
"unstable_mission_tr_02";"weekly";"Weekly";"False";"False";"Missão de Pioneiro Tropical II";"Conclua uma missão de pioneiro em um arquipélago tropical de nível 60 que possua um [ffd85b][icon=icon_unstable_factor][-] <em>índice instável</em> equivalente ou superior a 2.";"60";"Invalid";"";"-2";"Fora da categoria diária (eventos, Natal, cidades etc.); indisponível nesta fase";"NotActivated"
"unstable_mission_tr_03";"weekly";"Weekly";"False";"False";"Missão de Pioneiro Tropical III";"Conclua uma missão de pioneiro em um arquipélago tropical de nível 60 que possua um [ffd85b][icon=icon_unstable_factor][-] <em>índice instável</em> equivalente ou superior a 3.";"60";"Invalid";"";"-2";"Fora da categoria diária (eventos, Natal, cidades etc.); indisponível nesta fase";"NotActivated"
"unstable_mission_tr_04";"weekly";"Weekly";"False";"False";"Missão de Pioneiro Tropical IV";"Conclua uma missão de pioneiro em um arquipélago tropical de nível 60 que possua um [ffd85b][icon=icon_unstable_factor][-] <em>índice instável</em> equivalente ou superior a 4.";"60";"Invalid";"";"-2";"Fora da categoria diária (eventos, Natal, cidades etc.); indisponível nesta fase";"NotActivated"
"unstable_mission_tr_05";"weekly";"Weekly";"False";"False";"Missão de Pioneiro Tropical V";"Conclua uma missão de pioneiro em um arquipélago tropical de nível 60 que possua um [ffd85b][icon=icon_unstable_factor][-] <em>índice instável</em> equivalente ou superior a 5.";"60";"Invalid";"";"-2";"Fora da categoria diária (eventos, Natal, cidades etc.); indisponível nesta fase";"NotActivated"
"unstable_mission_tr_06";"weekly";"Weekly";"False";"False";"Missão de Pioneiro Tropical VI";"Conclua uma missão de pioneiro em um arquipélago tropical de nível 60 que possua um [ffd85b][icon=icon_unstable_factor][-] <em>índice instável</em> equivalente ou superior a 6.";"60";"Invalid";"";"-2";"Fora da categoria diária (eventos, Natal, cidades etc.); indisponível nesta fase";"NotActivated"
"unstable_mission_tr_07";"weekly";"Weekly";"False";"False";"Missão de Pioneiro Tropical VII";"Conclua uma missão de pioneiro em um arquipélago tropical de nível 60 que possua um [ffd85b][icon=icon_unstable_factor][-] <em>índice instável</em> equivalente ou superior a 7.";"60";"Invalid";"";"-2";"Fora da categoria diária (eventos, Natal, cidades etc.); indisponível nesta fase";"NotActivated"
"unstable_mission_tr_08";"weekly";"Weekly";"False";"False";"Missão de Pioneiro Tropical VIII";"Conclua uma missão de pioneiro em um arquipélago tropical de nível 60 que possua um [ffd85b][icon=icon_unstable_factor][-] <em>índice instável</em> equivalente ou superior a 8.";"60";"Invalid";"";"-2";"Fora da categoria diária (eventos, Natal, cidades etc.); indisponível nesta fase";"NotActivated"
"unstable_mission_tu_01";"weekly";"Weekly";"False";"False";"Missão de Pioneiro da Tundra";"Conclua uma missão de pioneiro em um mar de Tundra nível 30 ou superior.";"30";"Invalid";"";"-2";"Fora da categoria diária (eventos, Natal, cidades etc.); indisponível nesta fase";"NotActivated"
"unstable_mission_tu_02";"weekly";"Weekly";"False";"False";"Missão de Pioneiro da Tundra II";"Conclua uma missão de pioneiro em um arquipélago de tundra de nível 60 que possua um [ffd85b][icon=icon_unstable_factor][-] <em>índice instável</em> equivalente ou superior a 2.";"60";"Invalid";"";"-2";"Fora da categoria diária (eventos, Natal, cidades etc.); indisponível nesta fase";"NotActivated"
"unstable_mission_tu_03";"weekly";"Weekly";"False";"False";"Missão de Pioneiro da Tundra III";"Conclua uma missão de pioneiro em um arquipélago de tundra de nível 60 que possua um [ffd85b][icon=icon_unstable_factor][-] <em>índice instável</em> equivalente ou superior a 3.";"60";"Invalid";"";"-2";"Fora da categoria diária (eventos, Natal, cidades etc.); indisponível nesta fase";"NotActivated"
"unstable_mission_tu_04";"weekly";"Weekly";"False";"False";"Missão de Pioneiro da Tundra IV";"Conclua uma missão de pioneiro em um arquipélago de tundra de nível 60 que possua um [ffd85b][icon=icon_unstable_factor][-] <em>índice instável</em> equivalente ou superior a 4.";"60";"Invalid";"";"-2";"Fora da categoria diária (eventos, Natal, cidades etc.); indisponível nesta fase";"NotActivated"
"unstable_mission_tu_05";"weekly";"Weekly";"False";"False";"Missão de Pioneiro da Tundra V";"Conclua uma missão de pioneiro em um arquipélago de tundra de nível 60 que possua um [ffd85b][icon=icon_unstable_factor][-] <em>índice instável</em> equivalente ou superior a 5.";"60";"Invalid";"";"-2";"Fora da categoria diária (eventos, Natal, cidades etc.); indisponível nesta fase";"NotActivated"
"unstable_mission_tu_06";"weekly";"Weekly";"False";"False";"Missão de Pioneiro da Tundra VI";"Conclua uma missão de pioneiro em um arquipélago de tundra de nível 60 que possua um [ffd85b][icon=icon_unstable_factor][-] <em>índice instável</em> equivalente ou superior a 6.";"60";"Invalid";"";"-2";"Fora da categoria diária (eventos, Natal, cidades etc.); indisponível nesta fase";"NotActivated"
"unstable_mission_tu_07";"weekly";"Weekly";"False";"False";"Missão de Pioneiro da Tundra VII";"Conclua uma missão de pioneiro em um arquipélago de tundra de nível 60 que possua um [ffd85b][icon=icon_unstable_factor][-] <em>índice instável</em> equivalente ou superior a 7.";"60";"Invalid";"";"-2";"Fora da categoria diária (eventos, Natal, cidades etc.); indisponível nesta fase";"NotActivated"
"unstable_mission_tu_08";"weekly";"Weekly";"False";"False";"Missão de Pioneiro da Tundra VIII";"Conclua uma missão de pioneiro em um arquipélago de tundra de nível 60 que possua um [ffd85b][icon=icon_unstable_factor][-] <em>índice instável</em> equivalente ou superior a 8.";"60";"Invalid";"";"-2";"Fora da categoria diária (eventos, Natal, cidades etc.); indisponível nesta fase";"NotActivated"
"unstable_mission_vo_01";"weekly";"Weekly";"False";"False";"Missão de Pioneiro do Vulcão";"Conclua todas as missões de pioneiro de nível 30 ou superior, em um mar vulcânico.";"30";"Invalid";"";"-2";"Fora da categoria diária (eventos, Natal, cidades etc.); indisponível nesta fase";"NotActivated"
"unstable_mission_vo_02";"weekly";"Weekly";"False";"False";"Missão de Pioneiro do Vulcão II";"Conclua todas as missões de pioneiro em um arquipélago vulcânico de nível 60 que possua um [ffd85b][icon=icon_unstable_factor][-] <em>índice instável</em> equivalente ou superior a 2.";"60";"Invalid";"";"-2";"Fora da categoria diária (eventos, Natal, cidades etc.); indisponível nesta fase";"NotActivated"
"unstable_mission_vo_03";"weekly";"Weekly";"False";"False";"Missão de Pioneiro do Vulcão III";"Conclua todas as missões de pioneiro em um arquipélago vulcânico de nível 60 que possua um [ffd85b][icon=icon_unstable_factor][-] <em>índice instável</em> equivalente ou superior a 3.";"60";"Invalid";"";"-2";"Fora da categoria diária (eventos, Natal, cidades etc.); indisponível nesta fase";"NotActivated"
"unstable_mission_vo_04";"weekly";"Weekly";"False";"False";"Missão de Pioneiro do Vulcão IV";"Conclua todas as missões de pioneiro em um arquipélago vulcânico de nível 60 que possua um [ffd85b][icon=icon_unstable_factor][-] <em>índice instável</em> equivalente ou superior a 4.";"60";"Invalid";"";"-2";"Fora da categoria diária (eventos, Natal, cidades etc.); indisponível nesta fase";"NotActivated"
"unstable_mission_vo_05";"weekly";"Weekly";"False";"False";"Missão de Pioneiro do Vulcão V";"Conclua todas as missões de pioneiro em um arquipélago vulcânico de nível 60 que possua um [ffd85b][icon=icon_unstable_factor][-] <em>índice instável</em> equivalente ou superior a 5.";"60";"Invalid";"";"-2";"Fora da categoria diária (eventos, Natal, cidades etc.); indisponível nesta fase";"NotActivated"
"unstable_mission_vo_06";"weekly";"Weekly";"False";"False";"Missão de Pioneiro do Vulcão VI";"Conclua todas as missões de pioneiro em um arquipélago vulcânico de nível 60 que possua um [ffd85b][icon=icon_unstable_factor][-] <em>índice instável</em> equivalente ou superior a 6.";"60";"Invalid";"";"-2";"Fora da categoria diária (eventos, Natal, cidades etc.); indisponível nesta fase";"NotActivated"
"unstable_mission_vo_07";"weekly";"Weekly";"False";"False";"Missão de Pioneiro do Vulcão VII";"Conclua todas as missões de pioneiro em um arquipélago vulcânico de nível 60 que possua um [ffd85b][icon=icon_unstable_factor][-] <em>índice instável</em> equivalente ou superior a 7.";"60";"Invalid";"";"-2";"Fora da categoria diária (eventos, Natal, cidades etc.); indisponível nesta fase";"NotActivated"
"unstable_mission_vo_08";"weekly";"Weekly";"False";"False";"Missão de Pioneiro do Vulcão VIII";"Conclua todas as missões de pioneiro em um arquipélago vulcânico de nível 60 que possua um [ffd85b][icon=icon_unstable_factor][-] <em>índice instável</em> equivalente ou superior a 8.";"60";"Invalid";"";"-2";"Fora da categoria diária (eventos, Natal, cidades etc.); indisponível nesta fase";"NotActivated"
"warp_acc_allo";"weekly";"Weekly";"False";"False";"Caçada especial";"Elimine 10 Alossauros trazidos pelo Acelerador de Portal.";"10";"Invalid";"";"-2";"Fora da categoria diária (eventos, Natal, cidades etc.); indisponível nesta fase";"NotActivated"
